{
"languages":{
"ab":"abkhazeg",
"af":"afrikaans",
"agq":"aghem",
"am":"amhareg",
"ar":"arabeg",
"as":"asameg",
"asa":"asu",
"ay":"aymara",
"az":"azeri",
"bas":"basaa",
"be":"belaruseg",
"bem":"bemba",
"bez":"bena",
"bg":"bulgareg",
"bm":"bambara",
"bn":"bengali",
"bo":"tibetaneg",
"br":"brezhoneg",
"brx":"bodo",
"bs":"bosneg",
"ca":"katalaneg",
"cs":"tchekeg",
"cy":"kembraeg",
"da":"daneg",
"de":"alamaneg",
"de_AT":"alamaneg Aostria",
"de_CH":"alamaneg uhel Suis",
"dv":"divehi",
"dz":"dzongkha",
"ebu":"embu",
"efi":"efik",
"el":"gresianeg",
"en":"saozneg",
"en_AU":"saozneg Aostralia",
"en_CA":"saozneg Kanada",
"en_GB":"saozneg Breizh-Veur",
"en_US":"saozneg S.U.",
"eo":"esperanteg",
"es":"spagnoleg",
"es_419":"spagnoleg Amerika latin",
"es_ES":"spagnoleg iberek",
"et":"estoneg",
"eu":"euskareg",
"fa":"perseg",
"fi":"finneg",
"fil":"filipineg",
"fj":"fidjieg",
"fr":"galleg",
"fr_CA":"galleg Kanada",
"fr_CH":"galleg Suis",
"ga":"iwerzhoneg",
"gl":"galizeg",
"gn":"guarani",
"gsw":"alamaneg Suis",
"gu":"gujarati",
"ha":"haousa",
"haw":"hawaieg",
"he":"hebraeg",
"hi":"hindi",
"hr":"kroateg",
"ht":"haitieg",
"hu":"hungareg",
"hy":"armenianeg",
"id":"indonezeg",
"ig":"igbo",
"is":"islandeg",
"it":"italianeg",
"ja":"japaneg",
"jv":"javaneg",
"ka":"jorjianeg",
"kea":"kabuverdianu",
"kk":"kazak",
"km":"khmer",
"kn":"kanareg",
"ko":"koreaneg",
"ks":"kashmiri",
"ku":"kurdeg",
"ky":"kirgiz",
"la":"latin",
"lah":"lahnda",
"lb":"luksembourgeg",
"ln":"lingala",
"lo":"laoseg",
"lt":"lituaneg",
"luy":"luyia",
"lv":"latvieg",
"mg":"malgacheg",
"mi":"maori",
"mk":"makedoneg",
"ml":"malayalam",
"mn":"mongoleg",
"mr":"marathi",
"ms":"malayseg",
"mt":"malteg",
"mul":"yezhoù lies",
"my":"birmaneg",
"nb":"norvegeg bokmål",
"nd":"ndebele an Norzh",
"ne":"nepaleg",
"nl":"nederlandeg",
"nl_BE":"flandrezeg",
"nn":"norvegeg nynorsk",
"no":"norvegeg",
"nso":"sotho an Norzh",
"ny":"nyanja",
"or":"oriya",
"os":"oseteg",
"pa":"punjabi",
"pl":"poloneg",
"ps":"pachto",
"pt":"portugaleg",
"pt_BR":"portugaleg Brazil",
"pt_PT":"portugaleg iberek",
"qu":"kechuaeg",
"rm":"romañcheg",
"rn":"rundi",
"ro":"roumaneg",
"rof":"rombo",
"ru":"rusianeg",
"rw":"kinyarwanda",
"rwk":"rwa",
"sa":"sanskriteg",
"sah":"yakouteg",
"sd":"sindhi",
"se":"sámi an Norzh",
"sg":"sango",
"sh":"serb-kroateg",
"si":"singhaleg",
"sk":"slovakeg",
"sl":"sloveneg",
"sm":"samoan",
"sn":"shona",
"so":"somali",
"sq":"albaneg",
"sr":"serbeg",
"ss":"swati",
"st":"sotho ar Su",
"su":"sundaneg",
"sv":"svedeg",
"sw":"swahili",
"swb":"komoreg",
"ta":"tamileg",
"te":"telougou",
"tet":"tetum",
"tg":"tadjik",
"th":"thai",
"ti":"tigrigna",
"tk":"turkmeneg",
"tl":"tagalog",
"tn":"tswana",
"to":"tonga",
"tpi":"tok pisin",
"tr":"turkeg",
"ts":"tsonga",
"ty":"tahitianeg",
"ug":"ouigoureg",
"uk":"ukraineg",
"und":"yezh dianav",
"ur":"ourdou",
"uz":"ouzbekeg",
"ve":"venda",
"vi":"vietnameg",
"wae":"walser",
"wo":"wolof",
"xh":"xhosa",
"yo":"yorouba",
"yue":"kantoneg",
"zh":"sinaeg",
"zh_Hans":"sinaeg eeunaet",
"zh_Hant":"sinaeg hengounel",
"zu":"zouloueg",
"zxx":"diyezh"
},
"scripts":{
"Arab":"arabek",
"Armn":"armenianek",
"Beng":"bengali",
"Bopo":"bopomofo",
"Brai":"Braille",
"Cyrl":"kirillek",
"Deva":"devanagari",
"Ethi":"etiopek",
"Geor":"jorjianek",
"Grek":"gresianek",
"Gujr":"gujarati",
"Guru":"gurmukhi",
"Hang":"hangeul",
"Hani":"han",
"Hans":"han eeunaet",
"Hant":"han hengounel",
"Hebr":"hebraek",
"Hira":"hiragana",
"Jpan":"japanek",
"Kana":"katakana",
"Khmr":"khmer",
"Knda":"kannada",
"Kore":"koreanek",
"Laoo":"laosek",
"Latn":"latin",
"Mlym":"malayalam",
"Mong":"mongolek",
"Mymr":"myanmar",
"Orya":"oriya",
"Sinh":"singhalek",
"Taml":"tamilek",
"Telu":"telougou",
"Thaa":"thaana",
"Thai":"thai",
"Tibt":"tibetanek",
"Zsym":"arouezioù",
"Zxxx":"anskrivet",
"Zyyy":"boutin",
"Zzzz":"skritur dianav"
},
"territories":{
"001":"bed",
"002":"Afrika",
"003":"Norzh Amerika",
"005":"Su Amerika",
"009":"Oseania",
"011":"Afrika ar Cʼhornôg",
"013":"Kreiz Amerika",
"014":"Afrika ar Reter",
"015":"Afrika an Norzh",
"017":"Afrika ar Cʼhreiz",
"018":"Afrika ar Su",
"019":"Amerikaoù",
"021":"Amerika an Norzh",
"029":"Karib",
"030":"Azia ar Reter",
"034":"Azia ar Su",
"035":"Azia ar Gevred",
"039":"Europa ar Su",
"053":"Aostralia ha Zeland-Nevez",
"054":"Melanezia",
"057":"Rannved Mikronezia",
"061":"Polinezia",
"142":"Azia",
"143":"Azia ar Cʼhreiz",
"145":"Azia ar Cʼhornôg",
"150":"Europa",
"151":"Europa ar Reter",
"154":"Europa an Norzh",
"155":"Europa ar Cʼhornôg",
"419":"Amerika Latin",
"AC":"Enez Ascension",
"AD":"Andorra",
"AE":"Emirelezhioù Arab Unanet",
"AF":"Afghanistan",
"AG":"Antigua ha Barbuda",
"AI":"Anguilla",
"AL":"Albania",
"AM":"Armenia",
"AN":"Antilhez Nederlandat",
"AO":"Angola",
"AQ":"Antarktika",
"AR":"Arcʼhantina",
"AS":"Samoa Amerikan",
"AT":"Aostria",
"AU":"Aostralia",
"AW":"Aruba",
"AX":"Inizi Åland",
"AZ":"Azerbaidjan",
"BA":"Bosnia ha Herzegovina",
"BB":"Barbados",
"BD":"Bangladesh",
"BE":"Belgia",
"BF":"Burkina Faso",
"BG":"Bulgaria",
"BH":"Bahrein",
"BI":"Burundi",
"BJ":"Benin",
"BL":"Saint Barthélemy",
"BM":"Bermuda",
"BN":"Brunei",
"BO":"Bolivia",
"BR":"Brazil",
"BS":"Bahamas",
"BT":"Bhoutan",
"BV":"Enez Bouvet",
"BW":"Botswana",
"BY":"Belarus",
"BZ":"Belize",
"CA":"Kanada",
"CC":"Inizi Kokoz",
"CD":"Kongo - Kinshasa",
"CF":"Republik Kreizafrikan",
"CG":"Kongo - Brazzaville",
"CH":"Suis",
"CI":"Aod an Olifant",
"CK":"Inizi Cook",
"CL":"Chile",
"CM":"Kameroun",
"CN":"Sina",
"CO":"Kolombia",
"CP":"Enez Clipperton",
"CR":"Costa Rica",
"CU":"Kuba",
"CV":"Kab Glas",
"CX":"Enez Christmas",
"CY":"Kiprenez",
"CZ":"Republik Tchek",
"DE":"Alamagn",
"DG":"Diego Garcia",
"DJ":"Djibouti",
"DK":"Danmark",
"DM":"Dominica",
"DO":"Republik Dominikan",
"DZ":"Aljeria",
"EA":"Ceuta ha Melilla",
"EC":"Ecuador",
"EE":"Estonia",
"EG":"Egipt",
"EH":"Sahara ar Cʼhornôg",
"ER":"Eritrea",
"ES":"Spagn",
"ET":"Etiopia",
"EU":"Unaniezh Europa",
"FI":"Finland",
"FJ":"Fidji",
"FK":"Inizi Falkland",
"FM":"Mikronezia",
"FO":"Inizi Faero",
"FR":"Frañs",
"GA":"Gabon",
"GB":"Rouantelezh-Unanet",
"GD":"Grenada",
"GE":"Jorjia",
"GF":"Gwiana cʼhall",
"GG":"Gwernenez",
"GH":"Ghana",
"GI":"Jibraltar",
"GL":"Greunland",
"GM":"Gambia",
"GN":"Ginea",
"GP":"Gwadeloup",
"GQ":"Ginea ar Cʼheheder",
"GR":"Gres",
"GS":"Inizi Georgia ar Su hag Inizi Sandwich ar Su",
"GT":"Guatemala",
"GU":"Guam",
"GW":"Ginea-Bissau",
"GY":"Guyana",
"HK":"Hong Kong RMD Sina",
"HM":"Inizi Heard ha McDonald",
"HN":"Honduras",
"HR":"Kroatia",
"HT":"Haiti",
"HU":"Hungaria",
"IC":"Inizi Kanariez",
"ID":"Indonezia",
"IE":"Iwerzhon",
"IL":"Israel",
"IM":"Enez Vanav",
"IN":"India",
"IO":"Tiriad breizhveurat Meurvor Indez",
"IQ":"Iraq",
"IR":"Iran",
"IS":"Island",
"IT":"Italia",
"JE":"Jerzenez",
"JM":"Jamaika",
"JO":"Jordania",
"JP":"Japan",
"KE":"Kenya",
"KG":"Kyrgyzstan",
"KH":"Kambodja",
"KI":"Kiribati",
"KM":"Komorez",
"KN":"Saint Kitts ha Nevis",
"KP":"Korea an Norzh",
"KR":"Korea ar Su",
"KW":"Koweit",
"KY":"Inizi Cayman",
"KZ":"Kazakstan",
"LA":"Laos",
"LB":"Liban",
"LC":"Saint Lucia",
"LI":"Liechtenstein",
"LK":"Sri Lanka",
"LR":"Liberia",
"LS":"Lesotho",
"LT":"Lituania",
"LU":"Luksembourg",
"LV":"Latvia",
"LY":"Libia",
"MA":"Maroko",
"MC":"Monaco",
"MD":"Moldova",
"ME":"Montenegro",
"MF":"Saint Martin",
"MG":"Madagaskar",
"MH":"Inizi Marshall",
"MK":"Makedonia",
"ML":"Mali",
"MM":"Myanmar [Birmania]",
"MN":"Mongolia",
"MO":"Macau RMD Sina",
"MP":"Inizi Mariana an Norzh",
"MQ":"Martinik",
"MR":"Maouritania",
"MS":"Montserrat",
"MT":"Malta",
"MU":"Moris",
"MV":"Maldivez",
"MW":"Malawi",
"MX":"Mecʼhiko",
"MY":"Malaysia",
"MZ":"Mozambik",
"NA":"Namibia",
"NC":"Kaledonia Nevez",
"NE":"Niger",
"NF":"Enez Norfolk",
"NG":"Nigeria",
"NI":"Nicaragua",
"NL":"Izelvroioù",
"NO":"Norvegia",
"NP":"Nepal",
"NR":"Nauru",
"NU":"Niue",
"NZ":"Zeland-Nevez",
"OM":"Oman",
"PA":"Panamá",
"PE":"Perou",
"PF":"Polinezia cʼhall",
"PG":"Papoua Ginea-Nevez",
"PH":"Filipinez",
"PK":"Pakistan",
"PL":"Polonia",
"PM":"Sant-Pêr-ha-Mikelon",
"PN":"Enez Pitcairn",
"PR":"Puerto Rico",
"PS":"Tiriadoù Palestina",
"PT":"Portugal",
"PW":"Palau",
"PY":"Paraguay",
"QA":"Qatar",
"QO":"Oseania diabell",
"RE":"Reünion",
"RO":"Roumania",
"RS":"Serbia",
"RU":"Rusia",
"RW":"Rwanda",
"SA":"Arabia Saoudat",
"SB":"Salomon",
"SC":"Sechelez",
"SD":"Soudan",
"SE":"Sveden",
"SG":"Singapour",
"SH":"Saint Helena",
"SI":"Slovenia",
"SJ":"Svalbard",
"SK":"Slovakia",
"SL":"Sierra Leone",
"SM":"San Marino",
"SN":"Senegal",
"SO":"Somalia",
"SR":"Surinam",
"ST":"São Tomé ha Príncipe",
"SV":"Salvador",
"SY":"Siria",
"SZ":"Swaziland",
"TA":"Tristan da Cunha",
"TC":"Inizi Turks ha Caicos",
"TD":"Tchad",
"TF":"Douaroù aostral Frañs",
"TG":"Togo",
"TH":"Thailand",
"TJ":"Tadjikistan",
"TK":"Tokelau",
"TL":"Timor-Leste",
"TM":"Turkmenistan",
"TN":"Tunizia",
"TO":"Tonga",
"TR":"Turkia",
"TT":"Trinidad ha Tobago",
"TV":"Tuvalu",
"TW":"Taiwan",
"TZ":"Tanzania",
"UA":"Ukraina",
"UG":"Ouganda",
"UM":"Inizi diabell ar Stadoù-Unanet",
"US":"Stadoù-Unanet",
"UY":"Uruguay",
"UZ":"Ouzbekistan",
"VA":"Vatikan",
"VC":"Sant Visant hag ar Grenadinez",
"VE":"Venezuela",
"VG":"Inizi Gwercʼh Breizh-Veur",
"VI":"Inizi Gwercʼh ar Stadoù-Unanet",
"VN":"Viêt Nam",
"VU":"Vanuatu",
"WF":"Wallis ha Futuna",
"WS":"Samoa",
"YE":"Yemen",
"YT":"Mayotte",
"ZA":"Suafrika",
"ZM":"Zambia",
"ZW":"Zimbabwe",
"ZZ":"Rannved dianav"
},
"orientation":"left-to-right",
"dateFormat-full":"EEEE, y MMMM dd",
"dateFormat-long":"y MMMM d",
"dateFormat-medium":"y MMM d",
"dateFormat-short":"yyyy-MM-dd",
"timeFormat-full":"HH:mm:ss zzzz",
"timeFormat-long":"HH:mm:ss z",
"timeFormat-medium":"HH:mm:ss",
"timeFormat-short":"HH:mm",
"dateTimeFormat-full":"{1} {0}",
"dateTimeFormat-long":"{1} {0}",
"dateTimeFormat-medium":"{1} {0}",
"dateTimeFormat-short":"{1} {0}",
"months-defaultContext":"format",
"months-defaultWidth":"wide",
"months-format-abbreviated":[
"Gen",
"Cʼhwe",
"Meur",
"Ebr",
"Mae",
"Mezh",
"Goue",
"Eost",
"Gwen",
"Here",
"Du",
"Ker"],
"months-format-narrow":[
"1",
"2",
"3",
"4",
"5",
"6",
"7",
"8",
"9",
"10",
"11",
"12"],
"months-format-wide":[
"Genver",
"Cʼhwevrer",
"Meurzh",
"Ebrel",
"Mae",
"Mezheven",
"Gouere",
"Eost",
"Gwengolo",
"Here",
"Du",
"Kerzu"],
"months-standAlone-abbreviated":[
"Gen",
"Cʼhwe",
"Meur",
"Ebr",
"Mae",
"Mezh",
"Goue",
"Eost",
"Gwen",
"Here",
"Du",
"Ker"],
"months-standAlone-narrow":[
"1",
"2",
"3",
"4",
"5",
"6",
"7",
"8",
"9",
"10",
"11",
"12"],
"months-standAlone-wide":[
"Genver",
"Cʼhwevrer",
"Meurzh",
"Ebrel",
"Mae",
"Mezheven",
"Gouere",
"Eost",
"Gwengolo",
"Here",
"Du",
"Kerzu"],
"days-defaultContext":"format",
"days-defaultWidth":"wide",
"days-format-abbreviated":[
"sul",
"lun",
"meu.",
"mer.",
"yaou",
"gwe.",
"sad."],
"days-format-narrow":[
"su",
"lu",
"mz",
"mc",
"ya",
"gw",
"sa"],
"days-format-wide":[
"Sul",
"Lun",
"Meurzh",
"Mercʼher",
"Yaou",
"Gwener",
"Sadorn"],
"days-standAlone-abbreviated":[
"sul",
"lun",
"meu.",
"mer.",
"yaou",
"gwe.",
"sad."],
"days-standAlone-narrow":[
"su",
"lu",
"mz",
"mc",
"ya",
"gw",
"sa"],
"days-standAlone-wide":[
"Sul",
"Lun",
"Meurzh",
"Mercʼher",
"Yaou",
"Gwener",
"Sadorn"],
"quarters-format-abbreviated":[
"Q1",
"Q2",
"Q3",
"Q4"],
"quarters-format-narrow":[
"1",
"2",
"3",
"4"],
"quarters-format-wide":[
"Q1",
"Q2",
"Q3",
"Q4"],
"quarters-standAlone-abbreviated":[
"Q1",
"Q2",
"Q3",
"Q4"],
"quarters-standAlone-narrow":[
"1",
"2",
"3",
"4"],
"quarters-standAlone-wide":[
"Q1",
"Q2",
"Q3",
"Q4"],
"dayPeriods-format-abbreviated":[
"AM",
"PM"],
"dayPeriods-format-narrow":[
"AM",
"PM"],
"dayPeriods-format-wide":[
"AM",
"PM"],
"dayPeriods-standAlone-abbreviated":[
"AM",
"PM"],
"dayPeriods-standAlone-narrow":[
"AM",
"PM"],
"dayPeriods-standAlone-wide":[
"AM",
"PM"],
"decimalFormat":{
"standard":"#,##0.###"},
"decimalFormat-short":{
"1000":"0.0K",
"10000":"00K",
"100000":"000K",
"1000000":"0.0M",
"10000000":"00M",
"100000000":"000M",
"1000000000":"0.0G",
"10000000000":"00G",
"100000000000":"000G",
"1000000000000":"0.0T",
"10000000000000":"00T",
"100000000000000":"000T"},
"scientificFormat":{
"standard":"#E0"},
"percentFormat":{
"standard":"#,##0%"},
"currencyFormat":{
"standard":"¤ #,##0.00"},
"symbols-latn-decimal":",",
"symbols-latn-group":" ",
"symbols-latn-list":";",
"symbols-latn-percentSign":"%",
"symbols-latn-plusSign":"+",
"symbols-latn-minusSign":"-",
"symbols-latn-exponential":"E",
"symbols-latn-perMille":"‰",
"symbols-latn-infinity":"∞",
"symbols-latn-nan":"NaN",
"weekData-minDays":4,
"weekData-firstDay":1,
"weekData-weekendStart":6,
"weekData-weekendEnd":0
}