{
"languages":{
"aa":"àfar",
"ab":"abkhaz",
"ace":"atjeh",
"ach":"acoli",
"ada":"adangme",
"ady":"adigué",
"ae":"avèstic",
"af":"afrikaans",
"afa":"llengua afroasiàtica",
"afh":"afrihili",
"ain":"ainu",
"ak":"àkan",
"akk":"accadi",
"ale":"aleuta",
"alg":"llengua algonquina",
"alt":"altaic meridional",
"am":"amhàric",
"an":"aragonès",
"ang":"anglès antic",
"anp":"angika",
"apa":"llengua apatxe",
"ar":"àrab",
"arc":"arameu",
"arn":"araucà",
"arp":"arapaho",
"art":"llengua artificial",
"arw":"arauac",
"as":"assamès",
"ast":"asturià",
"ath":"llengua atapascana",
"aus":"llengua australiana",
"av":"àvar",
"awa":"awadhi",
"ay":"aimara",
"az":"àzeri",
"ba":"baixkir",
"bad":"banda",
"bai":"bamileké",
"bal":"balutxi",
"ban":"balinès",
"bas":"basa",
"bat":"llengua bàltica",
"be":"bielorús",
"bej":"beja",
"bem":"bemba",
"ber":"berber",
"bg":"búlgar",
"bh":"bihari",
"bho":"bhojpuri",
"bi":"bislama",
"bik":"bicol",
"bin":"bini",
"bla":"blackfoot",
"bm":"bambara",
"bn":"bengalí",
"bnt":"bantu",
"bo":"tibetà",
"br":"bretó",
"bra":"braj",
"bs":"bosnià",
"btk":"batak",
"bua":"buriat",
"bug":"bugui",
"byn":"bilin",
"ca":"català",
"cad":"caddo",
"cai":"llengua ameríndia d'Amèrica Central",
"car":"carib",
"cau":"llengua caucàsica",
"cch":"atsam",
"ce":"txetxè",
"ceb":"cebuà",
"cel":"llengua cèltica",
"ch":"chamorro",
"chb":"txibtxa",
"chg":"txagatai",
"chk":"chuuk",
"chm":"mari",
"chn":"pidgin chinook",
"cho":"choctaw",
"chp":"chipewyan",
"chr":"cherokee",
"chy":"xeienne",
"cmc":"txam",
"co":"cors",
"cop":"copte",
"cpe":"llengua criolla o pidgin basada en l'anglès",
"cpf":"llengua criolla o pidgin basada en el francès",
"cpp":"llengua criolla o pidgin basada en el portuguès",
"cr":"cree",
"crh":"tàtar de Crimea",
"crp":"llengua criolla o pidgin",
"cs":"txec",
"csb":"caixubi",
"cu":"eslau eclesiàstic",
"cus":"llengua cuixítica",
"cv":"txuvaix",
"cy":"gal·lès",
"da":"danès",
"dak":"dakota",
"dar":"darguà",
"day":"daiak",
"de":"alemany",
"de_AT":"alemany austríac",
"de_CH":"alt alemany suís",
"del":"delaware",
"den":"slavey",
"dgr":"dogrib",
"din":"dinka",
"doi":"dogri",
"dra":"llengua dravídica",
"dsb":"baix sòrab",
"dua":"duala",
"dum":"neerlandès mitjà",
"dv":"divehi",
"dyu":"jula",
"dz":"dzongka",
"ee":"ewe",
"efi":"efik",
"egy":"egipci antic",
"eka":"ekajuk",
"el":"grec",
"elx":"elamita",
"en":"anglès",
"en_AU":"anglès australià",
"en_CA":"anglès canadenc",
"en_GB":"anglès britànic",
"en_US":"anglès americà",
"enm":"anglès mitjà",
"eo":"esperanto",
"es":"espanyol",
"es_419":"espanyol d'Hispanoamèrica",
"es_ES":"espanyol d'Espanya",
"et":"estonià",
"eu":"basc",
"ewo":"ewondo",
"fa":"persa",
"fan":"fang",
"fat":"fanti",
"ff":"ful",
"fi":"finès",
"fil":"filipí",
"fiu":"llengua finoúgrica",
"fj":"fijià",
"fo":"feroès",
"fon":"fon",
"fr":"francès",
"fr_CA":"francès canadenc",
"fr_CH":"francès suís",
"frm":"francès mitjà",
"fro":"francès antic",
"frr":"frisó septentrional",
"frs":"frisó occidental",
"fur":"friülà",
"fy":"frisó oriental",
"ga":"irlandès",
"gaa":"ga",
"gay":"gayo",
"gba":"gbaya",
"gd":"gaèlic escocès",
"gem":"llengua germànica",
"gez":"gueez",
"gil":"gilbertès",
"gl":"gallec",
"gmh":"alt alemany mitjà",
"gn":"guaraní",
"goh":"alt alemany antic",
"gon":"gondi",
"gor":"gorontalo",
"got":"gòtic",
"grb":"grebo",
"grc":"grec antic",
"gsw":"alemany suís",
"gu":"gujarati",
"gv":"manx",
"gwi":"gwichin",
"ha":"haussa",
"hai":"haida",
"haw":"hawaià",
"he":"hebreu",
"hi":"hindi",
"hil":"hiligainon",
"him":"himachali",
"hit":"hitita",
"hmn":"hmong",
"ho":"hiri motu",
"hr":"croat",
"hsb":"alt sòrab",
"ht":"haitià",
"hu":"hongarès",
"hup":"hupa",
"hy":"armeni",
"hz":"herero",
"ia":"interlingua",
"iba":"iban",
"id":"indonesi",
"ie":"interlingue",
"ig":"igbo",
"ii":"yi sichuan",
"ijo":"ijo",
"ik":"inupiak",
"ilo":"ilocà",
"inc":"llengua índica",
"ine":"llengua indoeuropea",
"inh":"ingúix",
"io":"ido",
"ira":"llengua irànica",
"iro":"iroquès",
"is":"islandès",
"it":"italià",
"iu":"inuktitut",
"ja":"japonès",
"jbo":"lojban",
"jpr":"judeopersa",
"jrb":"judeoàrab",
"jv":"javanès",
"ka":"georgià",
"kaa":"karakalpak",
"kab":"cabilenc",
"kac":"katxin",
"kaj":"jju",
"kam":"kamba",
"kar":"karen",
"kaw":"kawi",
"kbd":"kabardí",
"kcg":"tyap",
"kfo":"koro",
"kg":"kongo",
"kha":"khasi",
"khi":"llengua khoisan",
"kho":"khotanès",
"ki":"kikuiu",
"kj":"kuanyama",
"kk":"kazakh",
"kl":"grenlandès",
"km":"khmer",
"kmb":"kimbundu",
"kn":"kannada",
"ko":"coreà",
"kok":"konkani",
"kos":"kosraeà",
"kpe":"kpelle",
"kr":"kanuri",
"krc":"karatxai",
"krl":"carelià",
"kro":"kru",
"kru":"kurukh",
"ks":"caixmiri",
"ku":"kurd",
"kum":"kúmik",
"kut":"kutenai",
"kv":"komi",
"kw":"còrnic",
"ky":"kirguís",
"la":"llatí",
"lad":"ladí",
"lah":"panjabi occidental",
"lam":"lamba",
"lb":"luxemburguès",
"lez":"lesguià",
"lg":"ganda",
"li":"limburguès",
"ln":"lingala",
"lo":"laosià",
"lol":"mongo",
"loz":"lozi",
"lt":"lituà",
"lu":"luba katanga",
"lua":"luba-lulua",
"lui":"luisenyo",
"lun":"lunda",
"luo":"luo",
"lus":"mizo",
"lv":"letó",
"mad":"madurès",
"mag":"magahi",
"mai":"maithili",
"mak":"makassar",
"man":"mandinga",
"map":"llengua austronèsia",
"mas":"massai",
"mdf":"mordovià moksa",
"mdr":"mandar",
"men":"mende",
"mg":"malgaix",
"mga":"gaèlic irlandès mitjà",
"mh":"marshallès",
"mi":"maori",
"mic":"micmac",
"min":"minangkabau",
"mis":"llengua miscel·lània",
"mk":"macedoni",
"mkh":"llengua monkhmer",
"ml":"malaialam",
"mn":"mongol",
"mnc":"manxú",
"mni":"manipurí",
"mno":"llengua manobo",
"mo":"moldau",
"moh":"mohawk",
"mos":"moré",
"mr":"marathi",
"ms":"malai",
"mt":"maltès",
"mul":"llengües vàries",
"mun":"llengua munda",
"mus":"creek",
"mwl":"mirandès",
"mwr":"marwari",
"my":"birmà",
"myn":"llengua maia",
"myv":"mordovià erza",
"na":"nauruà",
"nah":"nàhuatl",
"nai":"llengua ameríndia septentrional",
"nap":"napolità",
"nb":"noruec bokmål",
"nd":"ndebele septentrional",
"nds":"baix alemany",
"ne":"nepalès",
"new":"newari",
"ng":"ndonga",
"nia":"nias",
"nic":"llengua nigerokurdufaniana",
"niu":"niueà",
"nl":"neerlandès",
"nl_BE":"flamenc",
"nn":"noruec nynorsk",
"no":"noruec",
"nog":"nogai",
"non":"nòrdic antic",
"nqo":"n’Ko",
"nr":"ndebele meridional",
"nso":"sotho septentrional",
"nub":"llengua nubiana",
"nv":"navaho",
"nwc":"newari clàssic",
"ny":"nyanja",
"nym":"nyamwesi",
"nyn":"nyankore",
"nyo":"nyoro",
"nzi":"nzema",
"oc":"occità",
"oj":"ojibwa",
"om":"oromo",
"or":"oriya",
"os":"osset",
"osa":"osage",
"ota":"turc otomà",
"oto":"llengua otomangueana",
"pa":"panjabi",
"paa":"llengua papú",
"pag":"pangasi",
"pal":"pahlavi",
"pam":"pampangà",
"pap":"papiamento",
"pau":"palauà",
"peo":"persa antic",
"phi":"llengua filipina",
"phn":"fenici",
"pi":"pali",
"pl":"polonès",
"pon":"ponapeà",
"pra":"pràcrit",
"pro":"provençal antic",
"ps":"paixto",
"pt":"portuguès",
"pt_BR":"portuguès de Brasil",
"pt_PT":"portuguès de Portugal",
"qu":"quètxua",
"raj":"rajasthani",
"rap":"rapanui",
"rar":"rarotongà",
"rm":"retoromànic",
"rn":"rundi",
"ro":"romanès",
"roa":"llengua romànica",
"rom":"romaní",
"root":"arrel",
"ru":"rus",
"rup":"aromanès",
"rw":"ruandès",
"sa":"sànscrit",
"sad":"sandawe",
"sah":"iacut",
"sai":"llengua ameríndia meridional",
"sal":"llengua salish",
"sam":"arameu samarità",
"sas":"sasak",
"sat":"santali",
"sc":"sard",
"scn":"sicilià",
"sco":"escocès",
"sd":"sindhi",
"se":"sami septentrional",
"sel":"selkup",
"sem":"llengua semítica",
"sg":"sango",
"sga":"irlandès antic",
"sgn":"llengua de signes",
"sh":"serbocroat",
"shn":"xan",
"si":"singalès",
"sid":"sidamo",
"sio":"llengua sioux",
"sit":"llengua sinotibetana",
"sk":"eslovac",
"sl":"eslovè",
"sla":"llengua eslava",
"sm":"samoà",
"sma":"sami meridional",
"smi":"llengua sami",
"smj":"sami lule",
"smn":"sami d'Inari",
"sms":"sami skolt",
"sn":"shona",
"snk":"soninke",
"so":"somali",
"sog":"sogdià",
"son":"songhai",
"sq":"albanès",
"sr":"serbi",
"srn":"sranan",
"srr":"serer",
"ss":"siswati",
"ssa":"llengua nilosahariana",
"st":"sotho meridional",
"su":"sundanès",
"suk":"sukuma",
"sus":"susú",
"sux":"sumeri",
"sv":"suec",
"sw":"suahili",
"swb":"comorià",
"syc":"siríac clàssic",
"syr":"siríac",
"ta":"tàmil",
"tai":"llengua tai",
"te":"telugu",
"tem":"temne",
"ter":"terena",
"tet":"tetun",
"tg":"tadjik",
"th":"thai",
"ti":"tigrinya",
"tig":"tigre",
"tiv":"tiv",
"tk":"turcman",
"tkl":"tokelauès",
"tl":"tagàlog",
"tlh":"klingonià",
"tli":"tlingit",
"tmh":"tamazight",
"tn":"tswana",
"to":"tongalès",
"tog":"tonga",
"tpi":"tok pisin",
"tr":"turc",
"ts":"tsonga",
"tsi":"tsimshià",
"tt":"tàtar",
"tum":"tumbuka",
"tup":"llengua tupí",
"tut":"llengua altaica",
"tvl":"tuvaluà",
"tw":"twi",
"ty":"tahitià",
"tyv":"tuvinià",
"udm":"udmurt",
"ug":"uigur",
"uga":"ugarític",
"uk":"ucraïnès",
"umb":"umbundu",
"und":"idioma desconegut o no vàlid",
"ur":"urdú",
"uz":"uzbek",
"vai":"vai",
"ve":"venda",
"vi":"vietnamita",
"vo":"volapük",
"vot":"vòtic",
"wa":"való",
"wak":"llengua wakash",
"wal":"ameto",
"war":"waray-waray",
"was":"washo",
"wen":"sòrab",
"wo":"wòlof",
"xal":"calmuc",
"xh":"xosa",
"yao":"yao",
"yap":"yapeà",
"yi":"jiddisch",
"yo":"ioruba",
"ypk":"llengua iupik",
"yue":"cantonès",
"za":"zhuang",
"zap":"zapoteca",
"zbl":"símbols Bliss",
"zen":"zenaga",
"zh":"xinès",
"zh_Hans":"xinès simplificat",
"zh_Hant":"xinès tradicional",
"znd":"zande",
"zu":"zulu",
"zun":"zuni",
"zxx":"sense contingut lingüístic",
"zza":"zaza"
},
"scripts":{
"Arab":"àrab",
"Armi":"arameu imperial",
"Armn":"armeni",
"Avst":"avèstic",
"Bali":"balinès",
"Batk":"batak",
"Beng":"bengalí",
"Blis":"símbols Bliss",
"Bopo":"bopomofo",
"Brah":"brahmi",
"Brai":"braille",
"Bugi":"buginès",
"Buhd":"buhid",
"Cakm":"chakma",
"Cans":"síl·labes dels aborígens canadencs unificats",
"Cari":"carià",
"Cham":"cham",
"Cher":"cherokee",
"Cirt":"cirth",
"Copt":"copte",
"Cprt":"xipriota",
"Cyrl":"ciríl·lic",
"Cyrs":"ciríl·lic de l'antic eslau eclesiàstic",
"Deva":"devanagari",
"Dsrt":"deseret",
"Egyd":"demòtic egipci",
"Egyh":"hieràtic egipci",
"Egyp":"jeroglífic egipci",
"Ethi":"etiòpic",
"Geok":"georgià hucuri",
"Geor":"georgià",
"Glag":"glagolític",
"Goth":"gòtic",
"Grek":"grec",
"Gujr":"gujarati",
"Guru":"gurmukhi",
"Hang":"hangul",
"Hani":"han",
"Hano":"hanunoo",
"Hans":"simplificat",
"Hant":"tradicional",
"Hebr":"hebreu",
"Hira":"hiragana",
"Hmng":"pahawh hmong",
"Hrkt":"katakana o hiragana",
"Hung":"hongarès antic",
"Inds":"escriptura de la vall de l'Indus",
"Ital":"cursiva antiga",
"Java":"javanès",
"Jpan":"japonès",
"Kali":"kayah li",
"Kana":"katakana",
"Khar":"kharosthi",
"Khmr":"khmer",
"Knda":"kannada",
"Kore":"coreà",
"Kthi":"kaithi",
"Lana":"lanna",
"Laoo":"lao",
"Latf":"llatí fraktur",
"Latg":"llatí gaèlic",
"Latn":"llatí",
"Lepc":"lepcha",
"Limb":"limbu",
"Lina":"lineal A",
"Linb":"lineal B",
"Lyci":"lici",
"Lydi":"lidi",
"Mand":"mandaic",
"Mani":"maniqueu",
"Maya":"jeroglífics maies",
"Mero":"meroític",
"Mlym":"malaialam",
"Mong":"mongol",
"Moon":"moon",
"Mtei":"manipurí",
"Mymr":"birmà",
"Nkoo":"n’Ko",
"Ogam":"ogham",
"Olck":"santali",
"Orkh":"orkhon",
"Orya":"oriya",
"Osma":"osmanya",
"Perm":"antic pèrmic",
"Phag":"phagspa",
"Phli":"pahlavi inscripcional",
"Phlp":"psalter pahlavi",
"Phlv":"pahlavi",
"Phnx":"fenici",
"Plrd":"pollard miao",
"Prti":"parthià inscripcional",
"Rjng":"rejang",
"Roro":"rongo-rongo",
"Runr":"rúnic",
"Samr":"samarità",
"Sara":"sarati",
"Saur":"saurashtra",
"Shaw":"shavià",
"Sinh":"singalès",
"Sund":"sundanès",
"Sylo":"syloti nagri",
"Syrc":"siríac",
"Syre":"siríac estrangelo",
"Syrj":"siríac occidental",
"Syrn":"siríac oriental",
"Tagb":"tagbanwa",
"Tale":"tai le",
"Talu":"nou tai lue",
"Taml":"tàmil",
"Tavt":"tai viet",
"Telu":"telugu",
"Teng":"tengwar",
"Tfng":"tifinagh",
"Tglg":"tagàlog",
"Thaa":"thaana",
"Thai":"tailandès",
"Tibt":"tibetà",
"Ugar":"ugarític",
"Vaii":"vai",
"Visp":"llenguatge visible",
"Xpeo":"persa antic",
"Xsux":"cuneïforme sumeri-accadi",
"Yiii":"yi",
"Zinh":"heretat",
"Zmth":"notació matemàtica",
"Zsym":"símbols",
"Zxxx":"sense escriptura",
"Zyyy":"comú",
"Zzzz":"escriptura desconeguda o no vàlida"
},
"territories":{
"001":"Món",
"002":"Àfrica",
"003":"Amèrica del Nord",
"005":"Amèrica del Sud",
"009":"Oceania",
"011":"Àfrica Occidental",
"013":"Amèrica Central",
"014":"Àfrica Oriental",
"015":"Àfrica septentrional",
"017":"Àfrica Central",
"018":"Àfrica meridional",
"019":"Amèrica",
"021":"Amèrica septentrional",
"029":"Carib",
"030":"Àsia Oriental",
"034":"Àsia meridional",
"035":"Àsia Sud-oriental",
"039":"Europa meridional",
"053":"Austràlia i Nova Zelanda",
"054":"Melanèsia",
"057":"Regió de la Micronèsia",
"061":"Polinèsia",
"062":"Àsia Sud-central",
"142":"Àsia",
"143":"Àsia Central",
"145":"Àsia Occidental",
"150":"Europa",
"151":"Europa Oriental",
"154":"Europa septentrional",
"155":"Europa Occidental",
"172":"Comunitat d'Estats Independents",
"419":"Amèrica Llatina",
"AC":"Illa de l'Ascensió",
"AD":"Andorra",
"AE":"Unió dels Emirats Àrabs",
"AF":"Afganistan",
"AG":"Antigua i Barbuda",
"AI":"Anguilla",
"AL":"Albània",
"AM":"Armènia",
"AN":"Antilles Neerlandeses",
"AO":"Angola",
"AQ":"Antàrtida",
"AR":"Argentina",
"AS":"Samoa Americana",
"AT":"Àustria",
"AU":"Austràlia",
"AW":"Aruba",
"AX":"Illes Åland",
"AZ":"Azerbaidjan",
"BA":"Bòsnia i Hercegovina",
"BB":"Barbados",
"BD":"Bangla Desh",
"BE":"Bèlgica",
"BF":"Burkina Faso",
"BG":"Bulgària",
"BH":"Bahrain",
"BI":"Burundi",
"BJ":"Benín",
"BL":"Saint Barthélemy",
"BM":"Bermudes",
"BN":"Brunei",
"BO":"Bolívia",
"BR":"Brasil",
"BS":"Bahames",
"BT":"Bhutan",
"BV":"Illa Bouvet",
"BW":"Botswana",
"BY":"Bielorússia",
"BZ":"Belize",
"CA":"Canadà",
"CC":"Illes Cocos",
"CD":"Congo - Kinshasa",
"CF":"República Centreafricana",
"CG":"Congo - Brazzaville",
"CH":"Suïssa",
"CI":"Costa d’Ivori",
"CK":"Illes Cook",
"CL":"Xile",
"CM":"Camerun",
"CN":"Xina",
"CO":"Colòmbia",
"CP":"Illa Clipperton",
"CR":"Costa Rica",
"CS":"Sèrbia i Montenegro",
"CU":"Cuba",
"CV":"Cap Verd",
"CX":"Illa Christmas",
"CY":"Xipre",
"CZ":"República Txeca",
"DE":"Alemanya",
"DG":"Diego Garcia",
"DJ":"Djibouti",
"DK":"Dinamarca",
"DM":"Dominica",
"DO":"República Dominicana",
"DZ":"Algèria",
"EA":"Ceuta i Melilla",
"EC":"Equador",
"EE":"Estònia",
"EG":"Egipte",
"EH":"Sàhara Occidental",
"ER":"Eritrea",
"ES":"Espanya",
"ET":"Etiòpia",
"EU":"Unió Europea",
"FI":"Finlàndia",
"FJ":"Fiji",
"FK":"Illes Malvines",
"FM":"Micronèsia",
"FO":"Illes Fèroe",
"FR":"França",
"FX":"França metropolitana",
"GA":"Gabon",
"GB":"Regne Unit",
"GD":"Grenada",
"GE":"Geòrgia",
"GF":"Guaiana Francesa",
"GG":"Guernsey",
"GH":"Ghana",
"GI":"Gibraltar",
"GL":"Grenlàndia",
"GM":"Gàmbia",
"GN":"Guinea",
"GP":"Guadeloupe",
"GQ":"Guinea Equatorial",
"GR":"Grècia",
"GS":"Illes Geòrgia del Sud i Sandwich del Sud",
"GT":"Guatemala",
"GU":"Guam",
"GW":"Guinea Bissau",
"GY":"Guyana",
"HK":"Regió administrativa especial xinesa de Hong Kong",
"HM":"Illa Heard i Illes McDonald",
"HN":"Hondures",
"HR":"Croàcia",
"HT":"Haití",
"HU":"Hongria",
"IC":"Illes Canàries",
"ID":"Indonèsia",
"IE":"Irlanda",
"IL":"Israel",
"IM":"Illa de Man",
"IN":"Índia",
"IO":"Territori Britànic de l'Oceà Índic",
"IQ":"Iraq",
"IR":"Iran",
"IS":"Islàndia",
"IT":"Itàlia",
"JE":"Jersey",
"JM":"Jamaica",
"JO":"Jordània",
"JP":"Japó",
"KE":"Kenya",
"KG":"Kirguizistan",
"KH":"Cambodja",
"KI":"Kiribati",
"KM":"Comores",
"KN":"Saint Christopher i Nevis",
"KP":"Corea del Nord",
"KR":"Corea del Sud",
"KW":"Kuwait",
"KY":"Illes Caiman",
"KZ":"Kazakhstan",
"LA":"Laos",
"LB":"Líban",
"LC":"Saint Lucia",
"LI":"Liechtenstein",
"LK":"Sri Lanka",
"LR":"Libèria",
"LS":"Lesotho",
"LT":"Lituània",
"LU":"Luxemburg",
"LV":"Letònia",
"LY":"Líbia",
"MA":"Marroc",
"MC":"Mònaco",
"MD":"Moldàvia",
"ME":"Montenegro",
"MF":"Saint Martin",
"MG":"Madagascar",
"MH":"Illes Marshall",
"MK":"Macedònia",
"ML":"Mali",
"MM":"Myanmar [Birmània]",
"MN":"Mongòlia",
"MO":"Regió administrativa especial xinesa de Macau",
"MP":"Illes Mariannes del Nord",
"MQ":"Martinica",
"MR":"Mauritània",
"MS":"Montserrat",
"MT":"Malta",
"MU":"Maurici",
"MV":"Maldives",
"MW":"Malawi",
"MX":"Mèxic",
"MY":"Malàisia",
"MZ":"Moçambic",
"NA":"Namíbia",
"NC":"Nova Caledònia",
"NE":"Níger",
"NF":"Illa Norfolk",
"NG":"Nigèria",
"NI":"Nicaragua",
"NL":"Països Baixos",
"NO":"Noruega",
"NP":"Nepal",
"NR":"Nauru",
"NU":"Niue",
"NZ":"Nova Zelanda",
"OM":"Oman",
"PA":"Panamà",
"PE":"Perú",
"PF":"Polinèsia Francesa",
"PG":"Papua Nova Guinea",
"PH":"Filipines",
"PK":"Pakistan",
"PL":"Polònia",
"PM":"Saint Pierre i Miquelon",
"PN":"Illes Pitcairn",
"PR":"Puerto Rico",
"PS":"Palestina",
"PT":"Portugal",
"PW":"Palau",
"PY":"Paraguai",
"QA":"Qatar",
"QO":"Territoris allunyats d'Oceania",
"RE":"Illa de la Reunió",
"RO":"Romania",
"RS":"Sèrbia",
"RU":"Rússia",
"RW":"Rwanda",
"SA":"Aràbia Saudita",
"SB":"Illes Salomó",
"SC":"Seychelles",
"SD":"Sudan",
"SE":"Suècia",
"SG":"Singapur",
"SH":"Saint Helena",
"SI":"Eslovènia",
"SJ":"Svalbard i Jan Mayen",
"SK":"Eslovàquia",
"SL":"Sierra Leone",
"SM":"San Marino",
"SN":"Senegal",
"SO":"Somàlia",
"SR":"Surinam",
"ST":"São Tomé i Príncipe",
"SV":"El Salvador",
"SY":"Síria",
"SZ":"Swazilàndia",
"TA":"Tristão da Cunha",
"TC":"Illes Turks i Caicos",
"TD":"Txad",
"TF":"Territoris Francesos del Sud",
"TG":"Togo",
"TH":"Tailàndia",
"TJ":"Tadjikistan",
"TK":"Tokelau",
"TL":"Timor Oriental",
"TM":"Turkmenistan",
"TN":"Tunísia",
"TO":"Tonga",
"TR":"Turquia",
"TT":"Trinitat i Tobago",
"TV":"Tuvalu",
"TW":"Taiwan",
"TZ":"Tanzània",
"UA":"Ucraïna",
"UG":"Uganda",
"UM":"Illes Perifèriques Menors dels EUA",
"US":"Estats Units",
"UY":"Uruguai",
"UZ":"Uzbekistan",
"VA":"Vaticà",
"VC":"Saint Vincent i les Grenadines",
"VE":"Veneçuela",
"VG":"Illes Verges Britàniques",
"VI":"Illes Verges Nord-americanes",
"VN":"Vietnam",
"VU":"Vanuatu",
"WF":"Wallis i Futuna",
"WS":"Samoa",
"YE":"Iemen",
"YT":"Mayotte",
"ZA":"República de Sud-àfrica",
"ZM":"Zàmbia",
"ZW":"Zimbabwe",
"ZZ":"Regió desconeguda o no vàlida"
},
"orientation":"left-to-right",
"dateFormat-full":"EEEE d MMMM 'de' y",
"dateFormat-long":"d MMMM 'de' y",
"dateFormat-medium":"dd/MM/yyyy",
"dateFormat-short":"dd/MM/yy",
"timeFormat-full":"H:mm:ss zzzz",
"timeFormat-long":"H:mm:ss z",
"timeFormat-medium":"H:mm:ss",
"timeFormat-short":"H:mm",
"dateTimeFormat-full":"{1} {0}",
"dateTimeFormat-long":"{1} {0}",
"dateTimeFormat-medium":"{1} {0}",
"dateTimeFormat-short":"{1} {0}",
"months-defaultContext":"format",
"months-defaultWidth":"wide",
"months-format-abbreviated":[
"de gen.",
"de febr.",
"de març",
"d’abr.",
"de maig",
"de juny",
"de jul.",
"d’ag.",
"de set.",
"d’oct.",
"de nov.",
"de des."],
"months-format-narrow":[
"G",
"F",
"M",
"A",
"M",
"J",
"G",
"A",
"S",
"O",
"N",
"D"],
"months-format-wide":[
"de gener",
"de febrer",
"de març",
"d’abril",
"de maig",
"de juny",
"de juliol",
"d’agost",
"de setembre",
"d’octubre",
"de novembre",
"de desembre"],
"months-standAlone-abbreviated":[
"gen.",
"febr.",
"març",
"abr.",
"maig",
"juny",
"jul.",
"ag.",
"set.",
"oct.",
"nov.",
"des."],
"months-standAlone-narrow":[
"g",
"f",
"m",
"a",
"m",
"j",
"j",
"a",
"s",
"o",
"n",
"d"],
"months-standAlone-wide":[
"gener",
"febrer",
"març",
"abril",
"maig",
"juny",
"juliol",
"agost",
"setembre",
"octubre",
"novembre",
"desembre"],
"days-defaultContext":"format",
"days-defaultWidth":"wide",
"days-format-abbreviated":[
"dg.",
"dl.",
"dt.",
"dc.",
"dj.",
"dv.",
"ds."],
"days-format-narrow":[
"G",
"l",
"T",
"C",
"J",
"V",
"S"],
"days-format-wide":[
"diumenge",
"dilluns",
"dimarts",
"dimecres",
"dijous",
"divendres",
"dissabte"],
"days-standAlone-abbreviated":[
"dg",
"dl",
"dt",
"dc",
"dj",
"dv",
"ds"],
"days-standAlone-narrow":[
"g",
"l",
"t",
"c",
"j",
"v",
"s"],
"days-standAlone-wide":[
"Diumenge",
"Dilluns",
"Dimarts",
"Dimecres",
"Dijous",
"Divendres",
"Dissabte"],
"quarters-format-abbreviated":[
"1T",
"2T",
"3T",
"4T"],
"quarters-format-narrow":[
"1",
"2",
"3",
"4"],
"quarters-format-wide":[
"1r trimestre",
"2n trimestre",
"3r trimestre",
"4t trimestre"],
"quarters-standAlone-abbreviated":[
"1T",
"2T",
"3T",
"4T"],
"quarters-standAlone-narrow":[
"1",
"2",
"3",
"4"],
"quarters-standAlone-wide":[
"1r trimestre",
"2n trimestre",
"3r trimestre",
"4t trimestre"],
"dayPeriods-format-abbreviated":[
"a.m.",
"p.m."],
"dayPeriods-format-narrow":[
"a.m.",
"p.m."],
"dayPeriods-format-wide":[
"a.m.",
"p.m."],
"dayPeriods-standAlone-abbreviated":[
"a.m.",
"p.m."],
"dayPeriods-standAlone-narrow":[
"a.m.",
"p.m."],
"dayPeriods-standAlone-wide":[
"a.m.",
"p.m."],
"decimalFormat":{
"standard":"#,##0.###"},
"decimalFormat-short":{
"1000":"0.0 m",
"10000":"00 m",
"100000":"000 m",
"1000000":"0.0 M",
"10000000":"00 M",
"100000000":"000 M",
"1000000000":"0.0 Md",
"10000000000":"00 Md",
"100000000000":"000 Md",
"1000000000000":"0.0 B",
"10000000000000":"00 B",
"100000000000000":"000 B"},
"scientificFormat":{
"standard":"#E0"},
"percentFormat":{
"standard":"#,##0%"},
"currencyFormat":{
"standard":"#,##0.00 ¤"},
"symbols-latn-decimal":",",
"symbols-latn-group":".",
"symbols-latn-list":";",
"symbols-latn-percentSign":"%",
"symbols-latn-plusSign":"+",
"symbols-latn-minusSign":"-",
"symbols-latn-exponential":"E",
"symbols-latn-perMille":"‰",
"symbols-latn-infinity":"∞",
"symbols-latn-nan":"NaN",
"weekData-minDays":4,
"weekData-firstDay":1,
"weekData-weekendStart":6,
"weekData-weekendEnd":0
}