{
"languages":{
"aa":"afarština",
"ab":"abcházština",
"ace":"acehština",
"ach":"ačoli",
"ada":"adangme",
"ady":"adygejština",
"ae":"avestánština",
"af":"afrikánština",
"afa":"afroasijské jazyky",
"afh":"afrihili",
"ain":"ainština",
"ak":"akanština",
"akk":"akkadština",
"ale":"aleutština",
"alg":"algonkinské jazyky",
"am":"amharština",
"an":"aragonština",
"ang":"staroangličtina",
"anp":"angika",
"apa":"apačské jazyky",
"ar":"arabština",
"arc":"aramejština",
"arn":"araukánština",
"arp":"arapažština",
"art":"umělé jazyky",
"arw":"arawacké jazyky",
"as":"asámština",
"ath":"athapaskánské jazyky",
"aus":"australské jazyky",
"av":"avarština",
"awa":"awadhština",
"ay":"ajmarština",
"az":"ázerbájdžánština",
"ba":"baškirština",
"bad":"banda",
"bai":"bamilek",
"bal":"balúčština",
"ban":"balijština",
"bas":"basa",
"bat":"baltské jazyky",
"be":"běloruština",
"bej":"bedža",
"bem":"bembština",
"ber":"berberské jazyky",
"bg":"bulharština",
"bh":"biharština",
"bho":"bhojpurština",
"bi":"bislamština",
"bik":"bikolština",
"bin":"bini",
"bla":"siksika",
"bm":"bambarština",
"bn":"bengálština",
"bnt":"bantuské jazyky",
"bo":"tibetština",
"br":"bretaňština",
"bra":"bradžština",
"bs":"bosenština",
"btk":"batačtina",
"bua":"burjatština",
"bug":"bugiština",
"ca":"katalánština",
"cad":"caddo",
"cai":"středoamerické indiánské jazyky",
"car":"karibština",
"cau":"kavkazské jazyky",
"ce":"čečenština",
"ceb":"cebuánština",
"cel":"keltské jazyky",
"ch":"čamoro",
"chb":"čibča",
"chg":"čagatajština",
"chk":"čukština",
"chm":"marijština",
"chn":"činuk pidžin",
"cho":"čoktština",
"chp":"čipevajština",
"chr":"čerokézština",
"chy":"čejenština",
"cmc":"čamština",
"co":"korsičtina",
"cop":"koptština",
"cpe":"anglická kreolština či pidgin",
"cpf":"francouzská kreolština či pidgin",
"cpp":"portugalská kreolština či pidgin",
"cr":"kríjština",
"crh":"krymská turečtina",
"crp":"kreolština či pidgin",
"cs":"čeština",
"cu":"staroslověnština",
"cus":"kúšitské jazyky",
"cv":"čuvaština",
"cy":"velština",
"da":"dánština",
"dak":"dakotština",
"day":"dajáčtina",
"de":"němčina",
"de_CH":"švýcarská standardní němčina",
"del":"delawarština",
"den":"slave",
"dgr":"dogrib",
"din":"dinkština",
"doi":"dórgí",
"dra":"drávidské jazyky",
"dua":"dualština",
"dum":"středoholandština",
"dv":"divehi",
"dyu":"djula",
"dz":"dzongkä",
"ebu":"embu",
"ee":"eweština",
"efi":"efikština",
"egy":"egyptština stará",
"eka":"ekajuk",
"el":"řečtina",
"elx":"elamitština",
"en":"angličtina",
"en_AU":"australská angličtina",
"en_CA":"anglicky (Kanada)",
"en_GB":"britská angličtina",
"en_US":"americká angličtina",
"enm":"středoangličtina",
"eo":"esperanto",
"es":"španělština",
"es_419":"latinskoamerická španělština",
"es_ES":"iberská španělština",
"et":"estonština",
"eu":"baskičtina",
"ewo":"ewondo",
"fa":"perština",
"fan":"fang",
"fat":"fantština",
"ff":"fulahština",
"fi":"finština",
"fil":"filipínština",
"fiu":"ugrofinské jazyky",
"fj":"fidžijština",
"fo":"faerština",
"fr":"francouzština",
"fr_CH":"švýcarská francouzština",
"frm":"středofrancouzština",
"fro":"starofrancouzština",
"fur":"furlandština",
"fy":"fríština",
"ga":"irština",
"gaa":"ga",
"gay":"gayo",
"gba":"gbaja",
"gd":"skotská gaelština",
"gem":"germánské jazyky",
"gez":"geez",
"gil":"kiribatština",
"gl":"galicijština",
"gmh":"hornoněmčina (středověká)",
"gn":"guaranština",
"goh":"hornoněmčina (stará)",
"gon":"góndština",
"gor":"gorontalo",
"got":"gótština",
"grb":"grebo",
"grc":"starořečtina",
"gsw":"němčina (Švýcarsko)",
"gu":"gudžarátština",
"gv":"manština",
"gwi":"gwichʼin",
"ha":"hauština",
"hai":"haidština",
"haw":"havajština",
"he":"hebrejština",
"hi":"hindština",
"hil":"hiligaynonština",
"him":"himáčalština",
"hit":"chetitština",
"hmn":"hmongština",
"ho":"hiri motu",
"hr":"chorvatština",
"ht":"haitština",
"hu":"maďarština",
"hup":"hupa",
"hy":"arménština",
"hz":"hererština",
"ia":"interlingua",
"iba":"ibanština",
"id":"indonéština",
"ie":"interlingue",
"ig":"igboština",
"ijo":"idžo",
"ik":"inupiakština",
"ilo":"ilokánština",
"inc":"indické jazyky",
"ine":"indoevropské jazyky",
"inh":"inguština",
"ira":"íránské jazyky",
"iro":"irokézské jazyky",
"is":"islandština",
"it":"italština",
"iu":"inuktitutština",
"ja":"japonština",
"jv":"javánština",
"ka":"gruzínština",
"kaa":"karakalpačtina",
"kab":"kabylština",
"kac":"kačijština",
"kam":"kambština",
"kar":"karenština",
"kaw":"kawi",
"kbd":"kabardinština",
"kea":"kapverdština",
"kg":"konžština",
"kha":"khásí",
"khi":"kojsanské jazyky",
"kho":"chotánština",
"ki":"kikujština",
"kj":"kuaňamština",
"kk":"kazachština",
"kl":"grónština",
"km":"kambodžština",
"kmb":"kimbundština",
"kn":"kannadština",
"ko":"korejština",
"kok":"konkánština",
"kos":"kosrajština",
"kpe":"kpelle",
"kr":"kanuri",
"kro":"kru",
"kru":"kuruchština",
"ks":"kašmírština",
"ku":"kurdština",
"kum":"kumykština",
"kut":"kutenai",
"kv":"komijština",
"kw":"kornština",
"ky":"kyrgyzština",
"la":"latina",
"lad":"ladinština",
"lah":"lahndština",
"lam":"lambština",
"lb":"lucemburština",
"lez":"lezginština",
"lg":"ganda",
"ln":"lingalština",
"lo":"laoština",
"lol":"mongština",
"loz":"lozština",
"lt":"litevština",
"lu":"lubu-katanžština",
"lua":"luba-luluaština",
"lui":"luiseňo",
"lun":"lundština",
"luo":"luoština",
"lus":"lišáí",
"luy":"luhja",
"lv":"lotyština",
"mad":"madurština",
"mag":"magahijština",
"mai":"maithiliština",
"mak":"makasarština",
"man":"mandingština",
"map":"austronéské jazyky",
"mas":"masajština",
"mdr":"mandar",
"men":"mende",
"mg":"malgaština",
"mga":"středoirština",
"mh":"maršálština",
"mi":"maorština",
"mic":"micmac",
"min":"minangkabau",
"mis":"různé jazyky",
"mk":"makedonština",
"mkh":"mon-khmerské jazyky",
"ml":"malabarština",
"mn":"mongolština",
"mnc":"mandžuština",
"mni":"manipurština",
"mno":"manobo jazyky",
"mo":"moldavština",
"moh":"mohawk",
"mos":"mosi",
"mr":"maráthština",
"ms":"malajština",
"mt":"maltština",
"mul":"složené (víceřádkové) jazyky",
"mun":"mundské jazyky",
"mus":"muskogee (creek)",
"mwr":"márvárština",
"my":"barmština",
"myn":"mayské jazyky",
"na":"naurština",
"nah":"nahuatl",
"nai":"severoamerické indiánské jazyky",
"nap":"neapolština",
"nb":"norština (bokmål)",
"nd":"ndebele (Zimbabwe)",
"nds":"dolnoněmčina",
"ne":"nepálština",
"new":"névárština",
"ng":"ndondština",
"nia":"nias",
"nic":"nigero-kordofánské jazyky",
"niu":"niueština",
"nl":"nizozemština",
"nl_BE":"vlámština",
"nn":"norština (nynorsk)",
"no":"norština",
"non":"norština historická",
"nr":"ndebele (Jižní Afrika)",
"nso":"severní sotština",
"nub":"núbijské jazyky",
"nv":"navažština",
"ny":"ňandžština",
"nym":"ňamwežština",
"nyn":"nyakolština",
"nyo":"nyorština",
"nzi":"nzima",
"oc":"okcitánština",
"oj":"odžibvejština",
"om":"oromština (Afan)",
"or":"urijština",
"os":"osetština",
"osa":"osage",
"ota":"osmanská turečtina",
"oto":"otomijské jazyky",
"pa":"paňdžábština",
"paa":"papuánské jazyky",
"pag":"pangasinanština",
"pal":"pahlaví",
"pam":"papangau",
"pap":"papiamento",
"pau":"palauština",
"peo":"staroperština",
"phi":"filipínské jazyky",
"phn":"féničtina",
"pi":"pálí",
"pl":"polština",
"pon":"pohnpeiština",
"pra":"prákrtské jazyky",
"pro":"provensálština",
"ps":"paštština",
"pt":"portugalština",
"pt_BR":"brazilská portugalština",
"pt_PT":"iberská portugalština",
"qu":"kečuánština",
"raj":"rádžastánština",
"rap":"rapanuiština",
"rar":"rarotongaština",
"rm":"rétorománština",
"rn":"kirundština",
"ro":"rumunština",
"roa":"románské jazyky",
"rof":"rombo",
"rom":"romština",
"ru":"ruština",
"rw":"kinyarwandština",
"rwk":"rwa",
"sa":"sanskrt",
"sad":"sandawština",
"sah":"jakutština",
"sai":"jihoamerické indiánské jazyky",
"sal":"sališské jazyky",
"sam":"samarština",
"sas":"sasakština",
"sat":"santálština",
"sc":"sardština",
"sco":"skotština",
"sd":"sindhština",
"se":"severní sámština",
"sel":"selkupština",
"sem":"semitské jazyky",
"sg":"sangština",
"sga":"staroirština",
"sgn":"znakové jazyky",
"sh":"srbochorvatština",
"shn":"šanština",
"si":"sinhálština",
"sid":"sidamo",
"sio":"siouxské jazyky",
"sit":"tibetočínské jazyky",
"sk":"slovenština",
"sl":"slovinština",
"sla":"slovanský jazyk",
"sm":"samojština",
"smi":"sámské jazyky",
"sn":"šonština",
"snk":"sonikština",
"so":"somálština",
"sog":"sogdština",
"son":"songhajština",
"sq":"albánština",
"sr":"srbština",
"srr":"sererština",
"ss":"siswatština",
"ssa":"nilosaharské jazyky",
"st":"sesotho",
"su":"sundanština",
"suk":"sukuma",
"sus":"susu",
"sux":"sumerština",
"sv":"švédština",
"sw":"svahilština",
"swb":"komorština",
"syr":"syrština",
"ta":"tamilština",
"tai":"thajské jazyky",
"te":"telugština",
"tem":"temne",
"ter":"tereno",
"tet":"tetumština",
"tg":"tádžičtina",
"th":"thajština",
"ti":"tigrinijština",
"tig":"tigrejština",
"tiv":"tivština",
"tk":"turkmenština",
"tkl":"tokelauština",
"tl":"tagalog",
"tlh":"klingonština",
"tli":"tlingit",
"tmh":"tamašek",
"tn":"setswanština",
"to":"tonga",
"tpi":"tok pisin",
"tr":"turečtina",
"ts":"tsonga",
"tsi":"tsimšijské jazyky",
"tt":"tatarština",
"tum":"tumbukština",
"tut":"altajské jazyky",
"tvl":"tuvalština",
"tw":"twi",
"ty":"tahitština",
"tyv":"tuvinština",
"udm":"udmurtština",
"ug":"ujgurština",
"uga":"ugaritština",
"uk":"ukrajinština",
"umb":"umbundu",
"und":"neznámý nebo neplatný jazyk",
"ur":"urdština",
"uz":"uzbečtina",
"vai":"vai",
"ve":"venda",
"vi":"vietnamština",
"vo":"volapuk",
"vot":"votiatština",
"wa":"valonština",
"wae":"němčina (walser)",
"wak":"wakašské jazyky",
"wal":"walamština",
"war":"waray",
"was":"waština",
"wen":"lužickosrbské jazyky",
"wo":"wolofština",
"xal":"kalmyčtina",
"xh":"xhoština",
"yao":"jaoština",
"yap":"yapese",
"yi":"jidiš",
"yo":"jorubština",
"ypk":"yupik",
"yue":"kantonština",
"za":"čuangština",
"zap":"zapotéčtina",
"zen":"zenaga",
"zh":"čínština",
"zh_Hans":"čínština (zjednodušená)",
"znd":"zandština",
"zu":"zuluština",
"zun":"zunijština",
"zxx":"žádný jazykový obsah"
},
"scripts":{
"Arab":"arabské",
"Armn":"arménské",
"Bali":"balijské",
"Batk":"batacké",
"Beng":"bengálské",
"Blis":"blissovo písmo",
"Bopo":"bopomofo",
"Brah":"bráhmí",
"Brai":"braillovo písmo",
"Bugi":"buginské",
"Buhd":"buhid",
"Cans":"slabičné písmo kanadských domorodců",
"Cham":"čam",
"Cher":"čerokí",
"Cirt":"cirth",
"Copt":"koptské",
"Cyrl":"cyrilice",
"Cyrs":"cyrilce - staroslověnská",
"Deva":"dévanágárí",
"Dsrt":"deseret",
"Egyd":"egyptské démotické",
"Egyh":"egyptské hieratické",
"Egyp":"egyptské hieroglyfy",
"Ethi":"etiopské",
"Geor":"gruzínské",
"Glag":"hlaholice",
"Goth":"gotické",
"Grek":"řecké",
"Gujr":"gudžarátí",
"Guru":"gurmukhi",
"Hang":"hangul",
"Hani":"han",
"Hano":"hanunóo",
"Hans":"zjednodušené",
"Hant":"tradiční",
"Hebr":"hebrejské",
"Hira":"hiragana",
"Hmng":"hmongské",
"Hrkt":"katakana nebo hiragana",
"Hung":"staromaďarské",
"Inds":"harappské",
"Ital":"etruské",
"Java":"javánské",
"Jpan":"japonské",
"Kali":"kayah li",
"Kana":"katakana",
"Khar":"kháróšthí",
"Khmr":"khmerské",
"Knda":"kannadské",
"Kore":"korejské",
"Laoo":"laoské",
"Latf":"latinka - lomená",
"Latg":"latinka - galská",
"Latn":"latinka",
"Lepc":"lepčské",
"Lina":"lineární A",
"Linb":"lineární B",
"Mand":"mandejské",
"Maya":"mayské hieroglyfy",
"Mero":"meroitické",
"Mlym":"malajlámské",
"Mong":"mongolské",
"Mymr":"myanmarské",
"Ogam":"ogamské",
"Orkh":"orchonské",
"Orya":"uríské",
"Osma":"osmanské",
"Perm":"staropermské",
"Phnx":"fénické",
"Plrd":"pollardova fonetická abeceda",
"Roro":"rongorongo",
"Runr":"runové",
"Shaw":"shawova abeceda",
"Sinh":"sinhálské",
"Syrc":"syrské",
"Syre":"syrské - estrangelo",
"Syrj":"syrské - západní",
"Syrn":"syrské - východní",
"Tagb":"tagbanwa",
"Taml":"tamilské",
"Telu":"telugské",
"Teng":"tengwar",
"Tfng":"berberské",
"Tglg":"tagalské",
"Thaa":"thaana",
"Thai":"thajské",
"Tibt":"tibetské",
"Ugar":"ugaritské klínové",
"Vaii":"vai",
"Visp":"viditelná řeč",
"Xpeo":"staroperské klínové písmo",
"Xsux":"sumero-akkadské klínové písmo",
"Yiii":"yi",
"Zsym":"symboly",
"Zxxx":"bez zápisu",
"Zyyy":"obecné",
"Zzzz":"neznámé písmo"
},
"territories":{
"001":"Svět",
"002":"Afrika",
"003":"Severní Amerika",
"005":"Jižní Amerika",
"009":"Oceánie",
"011":"Západní Afrika",
"013":"Střední Amerika",
"014":"Východní Afrika",
"015":"Severní Afrika",
"017":"Střední Afrika",
"018":"Jižní Afrika",
"019":"Amerika",
"021":"Severní Amerika oblast",
"029":"Karibik",
"030":"Východní Asie",
"034":"Jižní Asie",
"035":"Jihovýchodní Asie",
"039":"Jižní Evropa",
"053":"Austrálie a Nový Zéland",
"054":"Melanésie",
"057":"Mikronésie oblast",
"061":"Polynésie",
"062":"Jižní a střední Asie",
"142":"Asie",
"143":"Střední Asie",
"145":"Západní Asie",
"150":"Evropa",
"151":"Východní Evropa",
"154":"Severní Evropa",
"155":"Západní Evropa",
"172":"Společenství nezávislých států",
"200":"Československo",
"419":"Latinská Amerika",
"830":"Normanské ostrovy",
"AC":"Ostrov Ascension",
"AD":"Andorra",
"AE":"Spojené arabské emiráty",
"AF":"Afghánistán",
"AG":"Antigua a Barbuda",
"AI":"Anguilla",
"AL":"Albánie",
"AM":"Arménie",
"AN":"Nizozemské Antily",
"AO":"Angola",
"AQ":"Antarktida",
"AR":"Argentina",
"AS":"Americká Samoa",
"AT":"Rakousko",
"AU":"Austrálie",
"AW":"Aruba",
"AX":"Alandy",
"AZ":"Ázerbájdžán",
"BA":"Bosna a Hercegovina",
"BB":"Barbados",
"BD":"Bangladéš",
"BE":"Belgie",
"BF":"Burkina Faso",
"BG":"Bulharsko",
"BH":"Bahrajn",
"BI":"Burundi",
"BJ":"Benin",
"BL":"Svatý Bartoloměj",
"BM":"Bermudy",
"BN":"Brunej",
"BO":"Bolívie",
"BR":"Brazílie",
"BS":"Bahamy",
"BT":"Bhútán",
"BV":"Bouvetův ostrov",
"BW":"Botswana",
"BY":"Bělorusko",
"BZ":"Belize",
"CA":"Kanada",
"CC":"Kokosové ostrovy",
"CD":"Kongo - Kinshasa",
"CF":"Středoafrická republika",
"CG":"Kongo - Brazzaville",
"CH":"Švýcarsko",
"CI":"Pobřeží slonoviny",
"CK":"Cookovy ostrovy",
"CL":"Chile",
"CM":"Kamerun",
"CN":"Čína",
"CO":"Kolumbie",
"CP":"Clippertonův ostrov",
"CR":"Kostarika",
"CS":"Srbsko a Černá Hora",
"CU":"Kuba",
"CV":"Kapverdy",
"CX":"Vánoční ostrovy",
"CY":"Kypr",
"CZ":"Česká republika",
"DE":"Německo",
"DG":"Diego Garcia",
"DJ":"Džibutsko",
"DK":"Dánsko",
"DM":"Dominika",
"DO":"Dominikánská republika",
"DZ":"Alžírsko",
"EA":"Ceuta a Melilla",
"EC":"Ekvádor",
"EE":"Estonsko",
"EG":"Egypt",
"EH":"Západní Sahara",
"ER":"Eritrea",
"ES":"Španělsko",
"ET":"Etiopie",
"EU":"Evropská unie",
"FI":"Finsko",
"FJ":"Fidži",
"FK":"Falklandské ostrovy",
"FM":"Mikronésie",
"FO":"Faerské ostrovy",
"FR":"Francie",
"GA":"Gabon",
"GB":"Velká Británie",
"GD":"Grenada",
"GE":"Gruzie",
"GF":"Francouzská Guyana",
"GG":"Guernsey",
"GH":"Ghana",
"GI":"Gibraltar",
"GL":"Grónsko",
"GM":"Gambie",
"GN":"Guinea",
"GP":"Guadeloupe",
"GQ":"Rovníková Guinea",
"GR":"Řecko",
"GS":"Jižní Georgie a Jižní Sandwichovy ostrovy",
"GT":"Guatemala",
"GU":"Guam",
"GW":"Guinea-Bissau",
"GY":"Guyana",
"HK":"Hongkong - zvláštní administrativní oblast Číny",
"HM":"Heardův ostrov a McDonaldovy ostrovy",
"HN":"Honduras",
"HR":"Chorvatsko",
"HT":"Haiti",
"HU":"Maďarsko",
"IC":"Kanárské ostrovy",
"ID":"Indonésie",
"IE":"Irsko",
"IL":"Izrael",
"IM":"Ostrov Man",
"IN":"Indie",
"IO":"Britské indickooceánské území",
"IQ":"Irák",
"IR":"Írán",
"IS":"Island",
"IT":"Itálie",
"JE":"Jersey",
"JM":"Jamajka",
"JO":"Jordánsko",
"JP":"Japonsko",
"KE":"Keňa",
"KG":"Kyrgyzstán",
"KH":"Kambodža",
"KI":"Kiribati",
"KM":"Komory",
"KN":"Svatý Kitts a Nevis",
"KP":"Severní Korea",
"KR":"Jižní Korea",
"KW":"Kuvajt",
"KY":"Kajmanské ostrovy",
"KZ":"Kazachstán",
"LA":"Laos",
"LB":"Libanon",
"LC":"Svatá Lucie",
"LI":"Lichtenštejnsko",
"LK":"Srí Lanka",
"LR":"Libérie",
"LS":"Lesotho",
"LT":"Litva",
"LU":"Lucembursko",
"LV":"Lotyšsko",
"LY":"Libye",
"MA":"Maroko",
"MC":"Monako",
"MD":"Moldavsko",
"ME":"Černá Hora",
"MF":"Svatý Martin",
"MG":"Madagaskar",
"MH":"Marshallovy ostrovy",
"MK":"Makedonie",
"ML":"Mali",
"MM":"Myanmar",
"MN":"Mongolsko",
"MO":"Macao - zvláštní administrativní oblast Číny",
"MP":"Severní Mariany",
"MQ":"Martinik",
"MR":"Mauritánie",
"MS":"Montserrat",
"MT":"Malta",
"MU":"Mauricius",
"MV":"Maledivy",
"MW":"Malawi",
"MX":"Mexiko",
"MY":"Malajsie",
"MZ":"Mosambik",
"NA":"Namibie",
"NC":"Nová Kaledonie",
"NE":"Niger",
"NF":"Norfolk",
"NG":"Nigérie",
"NI":"Nikaragua",
"NL":"Nizozemsko",
"NO":"Norsko",
"NP":"Nepál",
"NR":"Nauru",
"NU":"Niue",
"NZ":"Nový Zéland",
"OM":"Omán",
"PA":"Panama",
"PE":"Peru",
"PF":"Francouzská Polynésie",
"PG":"Papua-Nová Guinea",
"PH":"Filipíny",
"PK":"Pákistán",
"PL":"Polsko",
"PM":"Svatý Pierre a Miquelon",
"PN":"Pitcairnovy ostrovy",
"PR":"Portoriko",
"PS":"Palestinská území",
"PT":"Portugalsko",
"PW":"Palau",
"PY":"Paraguay",
"QA":"Katar",
"QO":"Vnější Oceánie",
"RE":"Réunion",
"RO":"Rumunsko",
"RS":"Srbsko",
"RU":"Rusko",
"RW":"Rwanda",
"SA":"Saúdská Arábie",
"SB":"Šalamounovy ostrovy",
"SC":"Seychely",
"SD":"Súdán",
"SE":"Švédsko",
"SG":"Singapur",
"SH":"Svatá Helena",
"SI":"Slovinsko",
"SJ":"Špicberky a Jan Mayen",
"SK":"Slovensko",
"SL":"Sierra Leone",
"SM":"San Marino",
"SN":"Senegal",
"SO":"Somálsko",
"SR":"Surinam",
"ST":"Svatý Tomáš",
"SV":"Salvador",
"SY":"Sýrie",
"SZ":"Svazijsko",
"TA":"Tristan da Cunha",
"TC":"Ostrovy Turks a Caicos",
"TD":"Čad",
"TF":"Francouzská jižní teritoria",
"TG":"Togo",
"TH":"Thajsko",
"TJ":"Tádžikistán",
"TK":"Tokelau",
"TL":"Východní Timor",
"TM":"Turkmenistán",
"TN":"Tunisko",
"TO":"Tonga",
"TR":"Turecko",
"TT":"Trinidad a Tobago",
"TV":"Tuvalu",
"TW":"Tchaj-wan",
"TZ":"Tanzanie",
"UA":"Ukrajina",
"UG":"Uganda",
"UM":"Menší odlehlé ostrovy USA",
"US":"Spojené státy",
"UY":"Uruguay",
"UZ":"Uzbekistán",
"VA":"Vatikán",
"VC":"Svatý Vincenc a Grenadiny",
"VE":"Venezuela",
"VG":"Britské Panenské ostrovy",
"VI":"Americké Panenské ostrovy",
"VN":"Vietnam",
"VU":"Vanuatu",
"WF":"Wallis a Futuna",
"WS":"Samoa",
"YE":"Jemen",
"YT":"Mayotte",
"ZA":"Jihoafrická republika",
"ZM":"Zambie",
"ZW":"Zimbabwe",
"ZZ":"Neznámá nebo neplatná oblast"
},
"orientation":"left-to-right",
"dateFormat-full":"EEEE, d. MMMM y",
"dateFormat-long":"d. MMMM y",
"dateFormat-medium":"d.M.yyyy",
"dateFormat-short":"dd.MM.yy",
"timeFormat-full":"H:mm:ss zzzz",
"timeFormat-long":"H:mm:ss z",
"timeFormat-medium":"H:mm:ss",
"timeFormat-short":"H:mm",
"dateTimeFormat-full":"{1} {0}",
"dateTimeFormat-long":"{1} {0}",
"dateTimeFormat-medium":"{1} {0}",
"dateTimeFormat-short":"{1} {0}",
"months-defaultContext":"format",
"months-defaultWidth":"wide",
"months-format-abbreviated":[
"Led",
"Úno",
"Bře",
"Dub",
"Kvě",
"Čer",
"Čvc",
"Srp",
"Zář",
"Říj",
"Lis",
"Pro"],
"months-format-narrow":[
"1",
"2",
"3",
"4",
"5",
"6",
"7",
"8",
"9",
"10",
"11",
"12"],
"months-format-wide":[
"ledna",
"února",
"března",
"dubna",
"května",
"června",
"července",
"srpna",
"září",
"října",
"listopadu",
"prosince"],
"months-standAlone-abbreviated":[
"1.",
"2.",
"3.",
"4.",
"5.",
"6.",
"7.",
"8.",
"9.",
"10.",
"11.",
"12."],
"months-standAlone-narrow":[
"l",
"ú",
"b",
"d",
"k",
"č",
"č",
"s",
"z",
"ř",
"l",
"p"],
"months-standAlone-wide":[
"leden",
"únor",
"březen",
"duben",
"květen",
"červen",
"červenec",
"srpen",
"září",
"říjen",
"listopad",
"prosinec"],
"days-defaultContext":"format",
"days-defaultWidth":"wide",
"days-format-abbreviated":[
"ne",
"po",
"út",
"st",
"čt",
"pá",
"so"],
"days-format-narrow":[
"N",
"P",
"Ú",
"S",
"Č",
"P",
"S"],
"days-format-wide":[
"neděle",
"pondělí",
"úterý",
"středa",
"čtvrtek",
"pátek",
"sobota"],
"days-standAlone-abbreviated":[
"ne",
"po",
"út",
"st",
"čt",
"pá",
"so"],
"days-standAlone-narrow":[
"N",
"P",
"Ú",
"S",
"Č",
"P",
"S"],
"days-standAlone-wide":[
"neděle",
"pondělí",
"úterý",
"středa",
"čtvrtek",
"pátek",
"sobota"],
"quarters-format-abbreviated":[
"Q1",
"Q2",
"Q3",
"Q4"],
"quarters-format-narrow":[
"1",
"2",
"3",
"4"],
"quarters-format-wide":[
"1. čtvrtletí",
"2. čtvrtletí",
"3. čtvrtletí",
"4. čtvrtletí"],
"quarters-standAlone-abbreviated":[
"Q1",
"Q2",
"Q3",
"Q4"],
"quarters-standAlone-narrow":[
"1",
"2",
"3",
"4"],
"quarters-standAlone-wide":[
"1. čtvrtletí",
"2. čtvrtletí",
"3. čtvrtletí",
"4. čtvrtletí"],
"dayPeriods-format-abbreviated":[
"dop.",
"odp."],
"dayPeriods-format-narrow":[
"dop.",
"odp."],
"dayPeriods-format-wide":[
"dop.",
"odp."],
"dayPeriods-standAlone-abbreviated":[
"dop.",
"odp."],
"dayPeriods-standAlone-narrow":[
"dop.",
"odp."],
"dayPeriods-standAlone-wide":[
"dop.",
"odp."],
"decimalFormat":{
"standard":"#,##0.###"},
"decimalFormat-short":{
"1000":"0.0 tis'.'",
"10000":"00 tis'.'",
"100000":"000 tis'.'",
"1000000":"0.0 mil'.'",
"10000000":"00 mil'.'",
"100000000":"000 mil'.'",
"1000000000":"0.0 mld'.'",
"10000000000":"00 mld'.'",
"100000000000":"000 mld'.'",
"1000000000000":"0.0 bil'.'",
"10000000000000":"00 bil'.'",
"100000000000000":"000 bil'.'"},
"scientificFormat":{
"standard":"#E0"},
"percentFormat":{
"standard":"#,##0 %"},
"currencyFormat":{
"standard":"#,##0.00 ¤"},
"symbols-latn-decimal":",",
"symbols-latn-group":" ",
"symbols-latn-list":";",
"symbols-latn-percentSign":"%",
"symbols-latn-plusSign":"+",
"symbols-latn-minusSign":"-",
"symbols-latn-exponential":"E",
"symbols-latn-perMille":"‰",
"symbols-latn-infinity":"∞",
"symbols-latn-nan":"NaN",
"weekData-minDays":4,
"weekData-firstDay":1,
"weekData-weekendStart":6,
"weekData-weekendEnd":0
}