{
"languages":{
"aa":"afari",
"ab":"abhaasi",
"ace":"atšehi",
"ach":"akoli",
"ada":"adangme",
"ady":"adõgee",
"ae":"avesta",
"af":"afrikaani",
"afa":"afroaasia keel",
"afh":"afrihili",
"ain":"ainu",
"ak":"akani",
"akk":"akadi",
"ale":"aleuudi",
"alg":"algonkini keel",
"alt":"altai",
"am":"amhari",
"an":"aragoni",
"ang":"vanainglise",
"anp":"angika",
"apa":"apatši keel",
"ar":"araabia",
"arc":"aramea",
"arn":"araukaani",
"arp":"arapaho",
"art":"muu tehiskeel",
"arw":"aravaki",
"as":"assami",
"ast":"astuuria",
"ath":"atapaski keeled",
"aus":"austraali keel",
"av":"avaari",
"awa":"avadhi",
"ay":"aimara",
"az":"aserbaidžaani",
"ba":"baškiiri",
"bad":"banda",
"bai":"bamileke keel",
"bal":"belutši",
"ban":"bali",
"bas":"basa",
"bat":"balti keel",
"be":"valgevene",
"bej":"bedža",
"bem":"bemba",
"ber":"berberi",
"bg":"bulgaaria",
"bh":"bihaari",
"bho":"bhodžpuri",
"bi":"bislama",
"bik":"bikoli",
"bin":"edo",
"bla":"siksika",
"bm":"bambara",
"bn":"bengali",
"bnt":"bantu",
"bo":"tiibeti",
"br":"bretooni",
"bra":"bradži",
"bs":"bosnia",
"btk":"bataki",
"bua":"burjaadi",
"bug":"bugi",
"byn":"bilini",
"ca":"katalaani",
"cad":"kado",
"cai":"Kesk-Ameerika indiaani keel",
"car":"kariibi",
"cau":"kaukaasia keel",
"cch":"atsami",
"ce":"tšetšeeni",
"ceb":"sebu",
"cel":"keldi keel",
"ch":"tšamorro",
"chb":"tšibtša",
"chg":"tšagatai",
"chk":"tšuugi",
"chm":"mari",
"chn":"tšinuki žargoon",
"cho":"tšokto",
"chp":"tšipevai",
"chr":"tšerokii",
"chy":"šaieeni",
"cmc":"tšami keeled",
"co":"korsika",
"cop":"kopti",
"cpe":"inglispõhjalised kreool- ja pidžinkeeled",
"cpf":"prantsuspõhjalised kreool- ja pidžinkeeled",
"cpp":"portugalipõhjalised kreooli-/pidžinkeeled",
"cr":"krii",
"crh":"krimmitatari",
"crp":"kreool- või pidžinkeel",
"cs":"tšehhi",
"csb":"kašuubi",
"cu":"kirikuslaavi",
"cus":"muu kuši keel",
"cv":"tšuvaši",
"cy":"kõmri",
"da":"taani",
"dak":"siuu",
"dar":"dargi",
"day":"dajaki",
"de":"saksa",
"de_CH":"saksa (kõrgsaksa)",
"del":"delavari",
"den":"sleivi",
"dgr":"dogribi",
"din":"dinka",
"doi":"dogri",
"dra":"draviidi keel",
"dsb":"alamsorbi",
"dua":"duala",
"dum":"keskhollandi",
"dv":"maldiivi",
"dyu":"djula",
"dz":"bhutani",
"ee":"eve",
"efi":"ibibio",
"egy":"muinasegiptuse",
"eka":"ekadžuki",
"el":"kreeka",
"elx":"eelami",
"en":"inglise",
"en_GB":"inglise (Briti)",
"en_US":"inglise (USA)",
"enm":"keskinglise",
"eo":"esperanto",
"es":"hispaania",
"es_ES":"hispaania (Ibeeria)",
"et":"eesti",
"eu":"baski",
"ewo":"evondo",
"fa":"pärsia",
"fan":"fangi",
"fat":"fanti",
"ff":"fulbe",
"fi":"soome",
"fil":"filipino",
"fiu":"soomeugri keel",
"fj":"fidži",
"fo":"fääri",
"fon":"foni",
"fr":"prantsuse",
"frm":"keskprantsuse",
"fro":"vanaprantsuse",
"frr":"põhjafriisi",
"frs":"idafriisi",
"fur":"friuuli",
"fy":"läänefriisi",
"ga":"iiri",
"gay":"gajo",
"gba":"gbaja",
"gd":"gaeli",
"gem":"germaani keel",
"gez":"etioopia",
"gil":"kiribati",
"gl":"galeegi",
"gmh":"keskülemsaksa",
"gn":"guaranii",
"goh":"vanaülemsaksa",
"gon":"gondi",
"gor":"gorontalo",
"got":"gooti",
"grb":"grebo",
"grc":"vanakreeka",
"gsw":"alemanni",
"gu":"gudžarati",
"gv":"mänksi",
"gwi":"gvitšini",
"ha":"hausa",
"hai":"haida",
"haw":"havai",
"he":"heebrea",
"hi":"hindi",
"hil":"hiligainoni",
"him":"himtšali",
"hit":"heti",
"hmn":"hmongi",
"ho":"motu",
"hr":"horvaadi",
"hsb":"ülemsorbi",
"ht":"haiti",
"hu":"ungari",
"hup":"hupa",
"hy":"armeenia",
"hz":"herero",
"ia":"interlingua",
"iba":"ibani",
"id":"indoneesia",
"ie":"interlingue",
"ig":"ibo",
"ii":"sichuani jii",
"ijo":"idžo",
"ik":"injupiaki",
"ilo":"iloko",
"inc":"india keel",
"ine":"indoeuroopa keel",
"inh":"inguši",
"io":"ido",
"ira":"iraani keeled",
"iro":"irokeesi keel",
"is":"islandi",
"it":"itaalia",
"iu":"inuktituti",
"ja":"jaapani",
"jbo":"lojbani",
"jpr":"juudipärsia",
"jrb":"juudiaraabia",
"jv":"jaava",
"ka":"gruusia",
"kaa":"karakalpaki",
"kab":"kabiili",
"kac":"katšini",
"kaj":"jju",
"kam":"kamba",
"kar":"kareni keel",
"kaw":"kaavi",
"kbd":"kabardi-tšerkessi",
"kcg":"tyapi",
"kfo":"koro",
"kg":"kongo",
"kha":"khasi",
"khi":"khoisani keel",
"kho":"saki",
"ki":"kikuju",
"kj":"ambo",
"kk":"kasahhi",
"kl":"grööni",
"km":"khmeeri",
"kmb":"mbundu",
"kn":"kannada",
"ko":"korea",
"kok":"konkani",
"kos":"kosrae",
"kpe":"kpelle",
"kr":"kanuri",
"krc":"karatšai-balkaari",
"krl":"karjala",
"kro":"kruu",
"kru":"oraoni",
"ks":"kašmiiri",
"ku":"kurdi",
"kum":"kumõki",
"kut":"kutenai",
"kv":"komi",
"kw":"korni",
"ky":"kirgiisi",
"la":"ladina",
"lad":"ladiino",
"lah":"lahnda",
"lam":"lamba",
"lb":"letseburgi",
"lez":"lesgi",
"lg":"ganda",
"li":"limburgi",
"ln":"lingala",
"lo":"lao",
"lol":"mongo",
"loz":"lozi",
"lt":"leedu",
"lu":"luba",
"lua":"lulua",
"lui":"luisenjo",
"lun":"lunda",
"luo":"luo",
"lus":"lušei",
"lv":"läti",
"mad":"madura",
"mag":"magali",
"mai":"maithili",
"mak":"makassari",
"man":"malinke",
"map":"austroneesia keel",
"mas":"masai",
"mdf":"mokša",
"mdr":"mandari",
"men":"mende",
"mg":"malagassi",
"mga":"keskiiri",
"mh":"maršalli",
"mi":"maoori",
"mic":"mikmaki",
"min":"minangkabau",
"mis":"üksikkeeled",
"mk":"makedoonia",
"mkh":"moni-khmeeri keel",
"ml":"malajalami",
"mn":"mongoli",
"mnc":"mandžu",
"mni":"manipuri",
"mno":"manobo keel",
"mo":"moldova",
"moh":"mohoogi",
"mos":"more",
"mr":"marathi",
"ms":"malai",
"mt":"malta",
"mul":"mitu keelt",
"mun":"munda keel",
"mus":"maskogi",
"mwl":"miranda",
"mwr":"marvari",
"my":"birma",
"myn":"maia keeled",
"myv":"ersa",
"na":"nauru",
"nah":"nahua",
"nai":"Põhja-Ameerika indiaani keel",
"nap":"napoli",
"nb":"norra bokmål",
"nd":"põhjandebele",
"nds":"alamsaksa",
"ne":"nepali",
"new":"nevari",
"ng":"ndonga",
"nia":"niasi",
"nic":"Nigeri-Kordofani keel",
"niu":"niue",
"nl":"hollandi",
"nl_BE":"flaami",
"nn":"norra nynorsk",
"no":"norra",
"nog":"nogai",
"non":"vanapõhjala",
"nqo":"nkoo",
"nr":"lõunandebele",
"nso":"pedi",
"nub":"nuubia keel",
"nv":"navaho",
"nwc":"vananevari",
"ny":"njandža",
"nym":"njamvesi",
"nyn":"nkole",
"nyo":"njoro",
"nzi":"nzima",
"oc":"oksitaani",
"oj":"odžibvei",
"om":"oromo",
"or":"oria",
"os":"osseedi",
"osa":"oseidži",
"ota":"osmanitürgi",
"oto":"otomi keel",
"pa":"pandžabi",
"paa":"paapua keel",
"pag":"pangasinani",
"pal":"pahlavi",
"pam":"pampanga",
"pap":"papiamento",
"pau":"belau",
"peo":"vanapärsia",
"phi":"filipiini keel",
"phn":"foiniikia",
"pi":"paali",
"pl":"poola",
"pon":"poonpei",
"pra":"praakriti keel",
"pro":"vanaprovansi",
"ps":"puštu",
"pt":"portugali",
"pt_PT":"portugali (Ibeeria)",
"qu":"ketšua",
"raj":"radžastani",
"rap":"rapanui",
"rar":"rarotonga",
"rm":"retoromaani",
"rn":"rundi",
"ro":"rumeenia",
"roa":"romaani keel",
"rom":"mustlaskeel",
"ru":"vene",
"rup":"aromuuni",
"rw":"ruanda",
"sa":"sanskriti",
"sad":"sandave",
"sah":"jakuudi",
"sai":"Lõuna-Ameerika indiaani keel",
"sal":"sališi keel",
"sam":"samaaria aramea",
"sas":"sasaki",
"sat":"santali",
"sc":"sardiinia",
"scn":"sitsiilia",
"sco":"šoti",
"sd":"sindhi",
"se":"põhjasaami",
"sel":"sölkupi",
"sem":"semi keel",
"sg":"sango",
"sga":"vanaiiri",
"sgn":"viipekeel",
"sh":"serbia-horvaadi",
"shn":"šani",
"si":"singali",
"sid":"sidamo",
"sio":"siuu keel",
"sit":"hiina-tiibeti keel",
"sk":"slovaki",
"sl":"sloveeni",
"sla":"slaavi keel",
"sm":"samoa",
"sma":"lõunasaami",
"smi":"muu saami",
"smj":"lule saami",
"smn":"inari saami",
"sms":"koltasaami",
"sn":"šona",
"snk":"soninke",
"so":"somaali",
"sog":"sogdi",
"son":"songai",
"sq":"albaania",
"sr":"serbia",
"srn":"sranani",
"srr":"sereri",
"ss":"svaasi",
"ssa":"Niiluse-Sahara keel",
"st":"lõunasotho",
"su":"sunda",
"suk":"sukuma",
"sus":"susu",
"sux":"sumeri",
"sv":"rootsi",
"sw":"suahiili",
"swb":"komoori",
"syr":"süüria",
"ta":"tamili",
"tai":"tai keel",
"te":"telugu",
"tem":"temne",
"ter":"tereno",
"tet":"tetumi",
"tg":"tadžiki",
"th":"tai",
"ti":"tigrinja",
"tig":"tigree",
"tiv":"tivi",
"tk":"türkmeeni",
"tkl":"tokelau",
"tl":"tagalogi",
"tlh":"klingoni",
"tli":"tlingiti",
"tmh":"tamašeki",
"tn":"tsvana",
"to":"tonga",
"tog":"tšitonga",
"tpi":"uusmelaneesia",
"tr":"türgi",
"ts":"tsonga",
"tsi":"tšimši",
"tt":"tatari",
"tum":"tumbuka",
"tup":"tupii keeled",
"tut":"altai keel",
"tvl":"tuvalu",
"tw":"tvii",
"ty":"tahiti",
"tyv":"tõva",
"udm":"udmurdi",
"ug":"uiguuri",
"uga":"ugariti",
"uk":"ukraina",
"umb":"umbundu",
"und":"määramata",
"ur":"urdu",
"uz":"usbeki",
"vai":"vai",
"ve":"venda",
"vi":"vietnami",
"vo":"volapüki",
"vot":"vadja",
"wa":"vallooni",
"wak":"vakaši keel",
"wal":"volamo",
"war":"varai",
"was":"vašo",
"wen":"sorbi keel",
"wo":"volofi",
"xal":"kalmõki",
"xh":"koosa",
"yao":"jao",
"yap":"japi",
"yi":"jidiši",
"yo":"joruba",
"ypk":"jupiki keel",
"yue":"kantoni",
"za":"tšuangi",
"zap":"sapoteegi",
"zen":"zenaga",
"zh":"hiina",
"zh_Hans":"hiina keel - lihtsustatud",
"zh_Hant":"hiina keel - traditsiooniline",
"znd":"zande",
"zu":"suulu",
"zun":"sunji",
"zxx":"mittekeeleline"
},
"scripts":{
"Arab":"araabia",
"Armn":"armeenia",
"Bali":"bali",
"Batk":"bataki",
"Beng":"bengali",
"Blis":"Blissi sümbolid",
"Bopo":"bopomofo",
"Brah":"brahmi",
"Brai":"punktkiri",
"Bugi":"bugi",
"Buhd":"buhidi",
"Cans":"Kanada põlisrahvaste ühtlustatud silpkiri",
"Cham":"tšami",
"Cher":"tšerokii",
"Cirt":"cirth",
"Copt":"kopti",
"Cprt":"muinasküprose",
"Cyrl":"kirillitsa",
"Cyrs":"kirikuslaavi kirillitsa",
"Deva":"devanaagari",
"Dsrt":"deseret",
"Egyd":"egiptuse demootiline",
"Egyh":"egiptuse hieraatiline",
"Egyp":"egiptuse hieroglüüfkiri",
"Ethi":"etioopia",
"Geok":"gruusia hutsuri",
"Geor":"gruusia",
"Glag":"glagoolitsa",
"Goth":"gooti",
"Grek":"kreeka",
"Gujr":"gudžarati",
"Guru":"gurmukhi",
"Hang":"hanguli",
"Hani":"hiina han",
"Hano":"hanunoo",
"Hans":"hiina lihtsustatud",
"Hant":"hiina traditsiooniline",
"Hebr":"heebrea",
"Hira":"hiragana",
"Hrkt":"katakana või hiragana",
"Hung":"vanaungari",
"Inds":"induse",
"Ital":"vanaitali",
"Java":"jaava",
"Jpan":"jaapani",
"Kali":"kaja li",
"Kana":"katakana",
"Khar":"kharoshthi",
"Khmr":"khmeeri",
"Knda":"kannada",
"Kore":"koreani",
"Laoo":"lao",
"Latf":"ladina fraktuurkiri",
"Latg":"ladina keldi kiri",
"Latn":"ladina",
"Lepc":"leptša",
"Limb":"limbu",
"Lina":"lineaar-A",
"Linb":"lineaar-B",
"Mand":"mandea",
"Maya":"maaja hieroglüüfkiri",
"Mero":"meroe",
"Mlym":"malajalami",
"Mong":"mongoli",
"Mymr":"birma",
"Nkoo":"nkoo",
"Ogam":"ogam",
"Orkh":"orhoni",
"Orya":"oria",
"Osma":"osmanja",
"Perm":"vanapermi",
"Phag":"phags-pa",
"Phnx":"foiniikia",
"Plrd":"Pollardi miao",
"Roro":"rongorongo",
"Runr":"ruunikiri",
"Sara":"sarati",
"Shaw":"Shaw tähestik",
"Sinh":"singali",
"Sylo":"silotinagri",
"Syrc":"assüüria",
"Syre":"assüüria estrangelo",
"Syrj":"lääneassüüria",
"Syrn":"idaassüüria",
"Tagb":"tagbanwa",
"Tale":"tai le",
"Talu":"lihtsustatud tai lue",
"Taml":"tamili",
"Telu":"telugu",
"Teng":"tengwar",
"Tfng":"tifinagi",
"Tglg":"tagalogi",
"Thaa":"thaana",
"Thai":"tai",
"Tibt":"tiibeti",
"Ugar":"ugariti",
"Vaii":"vai",
"Visp":"häälduskiri",
"Xpeo":"vanapärsia",
"Xsux":"sumeri kiilkiri",
"Yiii":"jii",
"Zinh":"päritud",
"Zsym":"sümbolid",
"Zxxx":"kirjakeeleta",
"Zyyy":"üldine",
"Zzzz":"määramata"
},
"territories":{
"001":"maailm",
"002":"Aafrika",
"003":"Põhja-Ameerika",
"005":"Lõuna-Ameerika",
"009":"Okeaania",
"011":"Lääne-Aafrika",
"013":"Kesk-Ameerika",
"014":"Ida-Aafrika",
"015":"Põhja-Aafrika",
"017":"Kesk-Aafrika",
"018":"Lõuna-Aafrika",
"019":"Ameerika maailmajagu",
"021":"Ameerika põhjaosa",
"029":"Kariibi meri",
"030":"Ida-Aasia",
"034":"Lõuna-Aasia",
"035":"Kagu-Aasia",
"039":"Lõuna-Euroopa",
"053":"Austraalia ja Uus-Meremaa",
"054":"Melaneesia",
"057":"Mikroneesia",
"061":"Polüneesia",
"062":"Kesk-Aasia lõunaosa",
"142":"Aasia",
"143":"Kesk-Aasia",
"145":"Lääne-Aasia",
"150":"Euroopa",
"151":"Ida-Euroopa",
"154":"Põhja-Euroopa",
"155":"Lääne-Euroopa",
"172":"Sõltumatute Riikide Ühendus",
"419":"Ladina-Ameerika",
"AC":"Ascensioni saar",
"AD":"Andorra",
"AE":"Araabia Ühendemiraadid",
"AF":"Afganistan",
"AG":"Antigua ja Barbuda",
"AI":"Anguilla",
"AL":"Albaania",
"AM":"Armeenia",
"AN":"Hollandi Antillid",
"AO":"Angola",
"AQ":"Antarktis",
"AR":"Argentina",
"AS":"Ameerika Samoa",
"AT":"Austria",
"AU":"Austraalia",
"AW":"Aruba",
"AX":"Ahvenamaa",
"AZ":"Aserbaidžaan",
"BA":"Bosnia ja Hertsegoviina",
"BB":"Barbados",
"BD":"Bangladesh",
"BE":"Belgia",
"BF":"Burkina Faso",
"BG":"Bulgaaria",
"BH":"Bahrein",
"BI":"Burundi",
"BJ":"Benin",
"BL":"Saint Barthélemy",
"BM":"Bermuda",
"BN":"Brunei",
"BO":"Boliivia",
"BR":"Brasiilia",
"BS":"Bahama",
"BT":"Bhutan",
"BV":"Bouvet’ saar",
"BW":"Botswana",
"BY":"Valgevene",
"BZ":"Belize",
"CA":"Kanada",
"CC":"Kookossaared",
"CD":"Kongo DV",
"CF":"Kesk-Aafrika Vabariik",
"CG":"Kongo-Brazzaville",
"CH":"Šveits",
"CI":"Côte d'Ivoire",
"CK":"Cooki saared",
"CL":"Tšiili",
"CM":"Kamerun",
"CN":"Hiina",
"CO":"Colombia",
"CP":"Clippertoni saar",
"CR":"Costa Rica",
"CS":"Serbia ja Montenegro",
"CU":"Kuuba",
"CV":"Roheneemesaared",
"CX":"Jõulusaar",
"CY":"Küpros",
"CZ":"Tšehhi",
"DE":"Saksamaa",
"DG":"Diego Garcia",
"DJ":"Djibouti",
"DK":"Taani",
"DM":"Dominica",
"DO":"Dominikaani Vabariik",
"DZ":"Alžeeria",
"EA":"Ceuta ja Melilla",
"EC":"Ecuador",
"EE":"Eesti",
"EG":"Egiptus",
"EH":"Lääne-Sahara",
"ER":"Eritrea",
"ES":"Hispaania",
"ET":"Etioopia",
"EU":"Euroopa Liit",
"FI":"Soome",
"FJ":"Fidži",
"FK":"Falklandi saared",
"FM":"Mikroneesia Liiduriigid",
"FO":"Fääri saared",
"FR":"Prantsusmaa",
"GA":"Gabon",
"GB":"Suurbritannia",
"GD":"Grenada",
"GE":"Gruusia",
"GF":"Prantsuse Guajaana",
"GG":"Guernsey",
"GH":"Ghana",
"GI":"Gibraltar",
"GL":"Gröönimaa",
"GM":"Gambia",
"GN":"Guinea",
"GP":"Guadeloupe",
"GQ":"Ekvatoriaal-Guinea",
"GR":"Kreeka",
"GS":"Lõuna-Georgia ja Lõuna-Sandwichi saared",
"GT":"Guatemala",
"GU":"Guam",
"GW":"Guinea-Bissau",
"GY":"Guyana",
"HK":"Hongkong - Hiina erihalduspiirkond",
"HM":"Heard ja McDonald saared",
"HN":"Honduras",
"HR":"Horvaatia",
"HT":"Haiti",
"HU":"Ungari",
"IC":"Kanaari saared",
"ID":"Indoneesia",
"IE":"Iirimaa",
"IL":"Iisrael",
"IM":"Mani saar",
"IN":"India",
"IO":"Briti India ookeani ala",
"IQ":"Iraak",
"IR":"Iraan",
"IS":"Island",
"IT":"Itaalia",
"JE":"Jersey",
"JM":"Jamaica",
"JO":"Jordaania",
"JP":"Jaapan",
"KE":"Kenya",
"KG":"Kõrgõzstan",
"KH":"Kambodža",
"KI":"Kiribati",
"KM":"Komoorid",
"KN":"Saint Kitts ja Nevis",
"KP":"Põhja-Korea",
"KR":"Lõuna-Korea",
"KW":"Kuveit",
"KY":"Kaimanisaared",
"KZ":"Kasahstan",
"LA":"Laos",
"LB":"Liibanon",
"LC":"Saint Lucia",
"LI":"Liechtenstein",
"LK":"Sri Lanka",
"LR":"Libeeria",
"LS":"Lesotho",
"LT":"Leedu",
"LU":"Luksemburg",
"LV":"Läti",
"LY":"Liibüa",
"MA":"Maroko",
"MC":"Monaco",
"MD":"Moldova",
"ME":"Montenegro",
"MF":"Saint Martin",
"MG":"Madagaskar",
"MH":"Marshalli saared",
"MK":"Makedoonia",
"ML":"Mali",
"MM":"Myanmar",
"MN":"Mongoolia",
"MO":"Aomen - Hiina erihalduspiirkond",
"MP":"Põhja-Mariaanid",
"MQ":"Martinique",
"MR":"Mauritaania",
"MS":"Montserrat",
"MT":"Malta",
"MU":"Mauritius",
"MV":"Maldiivid",
"MW":"Malawi",
"MX":"Mehhiko",
"MY":"Malaisia",
"MZ":"Mosambiik",
"NA":"Namiibia",
"NC":"Uus-Kaledoonia",
"NE":"Niger",
"NF":"Norfolk",
"NG":"Nigeeria",
"NI":"Nicaragua",
"NL":"Holland",
"NO":"Norra",
"NP":"Nepal",
"NR":"Nauru",
"NU":"Niue",
"NZ":"Uus-Meremaa",
"OM":"Omaan",
"PA":"Panama",
"PE":"Peruu",
"PF":"Prantsuse Polüneesia",
"PG":"Paapua Uus-Guinea",
"PH":"Filipiinid",
"PK":"Pakistan",
"PL":"Poola",
"PM":"Saint Pierre ja Miquelon",
"PN":"Pitcairn",
"PR":"Puerto Rico",
"PS":"Palestiina ala",
"PT":"Portugal",
"PW":"Belau",
"PY":"Paraguay",
"QA":"Katar",
"QO":"Okeaania hajasaared",
"RE":"Réunion",
"RO":"Rumeenia",
"RS":"Serbia",
"RU":"Venemaa",
"RW":"Rwanda",
"SA":"Saudi Araabia",
"SB":"Saalomoni Saared",
"SC":"Seišellid",
"SD":"Sudaan",
"SE":"Rootsi",
"SG":"Singapur",
"SH":"Saint Helena",
"SI":"Sloveenia",
"SJ":"Svalbard ja Jan Mayen",
"SK":"Slovakkia",
"SL":"Sierra Leone",
"SM":"San Marino",
"SN":"Senegal",
"SO":"Somaalia",
"SR":"Suriname",
"ST":"São Tomé ja Príncipe",
"SV":"El Salvador",
"SY":"Süüria",
"SZ":"Svaasimaa",
"TA":"Tristan da Cunha",
"TC":"Turks ja Caicos",
"TD":"Tšaad",
"TF":"Prantsuse Lõunaalad",
"TG":"Togo",
"TH":"Tai",
"TJ":"Tadžikistan",
"TK":"Tokelau",
"TL":"Ida-Timor",
"TM":"Türkmenistan",
"TN":"Tuneesia",
"TO":"Tonga",
"TR":"Türgi",
"TT":"Trinidad ja Tobago",
"TV":"Tuvalu",
"TW":"Taiwan",
"TZ":"Tansaania",
"UA":"Ukraina",
"UG":"Uganda",
"UM":"Ühendriikide hajasaared",
"US":"Ameerika Ühendriigid",
"UY":"Uruguay",
"UZ":"Usbekistan",
"VA":"Vatikan",
"VC":"Saint Vincent ja Grenadiinid",
"VE":"Venezuela",
"VG":"Briti Neitsisaared",
"VI":"USA Neitsisaared",
"VN":"Vietnam",
"VU":"Vanuatu",
"WF":"Wallis ja Futuna",
"WS":"Samoa",
"YE":"Jeemen",
"YT":"Mayotte",
"ZA":"Lõuna-Aafrika Vabariik",
"ZM":"Sambia",
"ZW":"Zimbabwe",
"ZZ":"määramata"
},
"orientation":"left-to-right",
"dateFormat-full":"EEEE, d. MMMM y",
"dateFormat-long":"d. MMMM y",
"dateFormat-medium":"dd.MM.yyyy",
"dateFormat-short":"dd.MM.yy",
"timeFormat-full":"H:mm.ss zzzz",
"timeFormat-long":"H:mm.ss z",
"timeFormat-medium":"H:mm.ss",
"timeFormat-short":"H:mm",
"dateTimeFormat-full":"{1} {0}",
"dateTimeFormat-long":"{1} {0}",
"dateTimeFormat-medium":"{1} {0}",
"dateTimeFormat-short":"{1} {0}",
"months-defaultContext":"format",
"months-defaultWidth":"wide",
"months-format-abbreviated":[
"jaan",
"veebr",
"märts",
"apr",
"mai",
"juuni",
"juuli",
"aug",
"sept",
"okt",
"nov",
"dets"],
"months-format-narrow":[
"J",
"V",
"M",
"A",
"M",
"J",
"J",
"A",
"S",
"O",
"N",
"D"],
"months-format-wide":[
"jaanuar",
"veebruar",
"märts",
"aprill",
"mai",
"juuni",
"juuli",
"august",
"september",
"oktoober",
"november",
"detsember"],
"months-standAlone-abbreviated":[
"jaan",
"veebr",
"märts",
"apr",
"mai",
"juuni",
"juuli",
"aug",
"sept",
"okt",
"nov",
"dets"],
"months-standAlone-narrow":[
"J",
"V",
"M",
"A",
"M",
"J",
"J",
"A",
"S",
"O",
"N",
"D"],
"months-standAlone-wide":[
"jaanuar",
"veebruar",
"märts",
"aprill",
"mai",
"juuni",
"juuli",
"august",
"september",
"oktoober",
"november",
"detsember"],
"days-defaultContext":"format",
"days-defaultWidth":"wide",
"days-format-abbreviated":[
"P",
"E",
"T",
"K",
"N",
"R",
"L"],
"days-format-narrow":[
"P",
"E",
"T",
"K",
"N",
"R",
"L"],
"days-format-wide":[
"pühapäev",
"esmaspäev",
"teisipäev",
"kolmapäev",
"neljapäev",
"reede",
"laupäev"],
"days-standAlone-abbreviated":[
"P",
"E",
"T",
"K",
"N",
"R",
"L"],
"days-standAlone-narrow":[
"P",
"E",
"T",
"K",
"N",
"R",
"L"],
"days-standAlone-wide":[
"pühapäev",
"esmaspäev",
"teisipäev",
"kolmapäev",
"neljapäev",
"reede",
"laupäev"],
"quarters-format-abbreviated":[
"K1",
"K2",
"K3",
"K4"],
"quarters-format-narrow":[
"1",
"2",
"3",
"4"],
"quarters-format-wide":[
"1. kvartal",
"2. kvartal",
"3. kvartal",
"4. kvartal"],
"quarters-standAlone-abbreviated":[
"K1",
"K2",
"K3",
"K4"],
"quarters-standAlone-narrow":[
"1",
"2",
"3",
"4"],
"quarters-standAlone-wide":[
"1. kvartal",
"2. kvartal",
"3. kvartal",
"4. kvartal"],
"dayPeriods-format-abbreviated":[
"e.k.",
"p.k."],
"dayPeriods-format-narrow":[
"e.k.",
"p.k."],
"dayPeriods-format-wide":[
"enne keskpäeva",
"pärast keskpäeva"],
"dayPeriods-standAlone-abbreviated":[
"e.k.",
"p.k."],
"dayPeriods-standAlone-narrow":[
"e.k.",
"p.k."],
"dayPeriods-standAlone-wide":[
"enne keskpäeva",
"pärast keskpäeva"],
"decimalFormat":{
"standard":"#,##0.###"},
"decimalFormat-short":{
"1000":"0.0K",
"10000":"00K",
"100000":"000K",
"1000000":"0.0M",
"10000000":"00M",
"100000000":"000M",
"1000000000":"0.0B",
"10000000000":"00B",
"100000000000":"000B",
"1000000000000":"0.0T",
"10000000000000":"00T",
"100000000000000":"000T"},
"scientificFormat":{
"standard":"#E0"},
"percentFormat":{
"standard":"#,##0%"},
"currencyFormat":{
"standard":"#,##0.00 ¤"},
"symbols-latn-decimal":",",
"symbols-latn-group":" ",
"symbols-latn-list":";",
"symbols-latn-percentSign":"%",
"symbols-latn-plusSign":"+",
"symbols-latn-minusSign":"-",
"symbols-latn-exponential":"E",
"symbols-latn-perMille":"‰",
"symbols-latn-infinity":"∞",
"symbols-latn-nan":"NaN",
"weekData-minDays":4,
"weekData-firstDay":1,
"weekData-weekendStart":6,
"weekData-weekendEnd":0
}