{
"languages":{
"aa":"آفاری",
"ab":"آبخازی",
"ace":"آچئی",
"ach":"آچولیایی",
"ada":"آدانگمه‌ای",
"ady":"آدیجیایی",
"ae":"اوستایی",
"af":"آفریکانس",
"afa":"زبان افریقا و آسیایی",
"afh":"آفریهیلی",
"ain":"آینویی",
"ak":"آکان",
"akk":"آکدی",
"ale":"آلئوتی",
"alg":"زبان آلگونکینی",
"alt":"آلتایی جنوبی",
"am":"امهری",
"an":"آراگونی",
"ang":"انگلیسی باستان",
"anp":"آنگیکا",
"apa":"زبان آپاچیایی",
"ar":"عربی",
"arc":"آرامی",
"arn":"آروکانیایی",
"arp":"آراپاهویی",
"art":"زبان ساختگی",
"arw":"آراواکی",
"as":"آسامی",
"ath":"زبان آتاپاسکایی",
"aus":"زبان استرالیایی",
"av":"آواری",
"ay":"آیمارایی",
"az":"ترکی آذربایجانی",
"ba":"باشغیری",
"bad":"باندایی",
"bal":"بلوچی",
"ban":"بالیایی",
"bas":"باسایی",
"bat":"زبان بالتیکی",
"be":"بلوروسی",
"bej":"بجایی",
"bem":"بمبایی",
"ber":"بربری",
"bg":"بلغاری",
"bh":"بیهاری",
"bho":"بوجپوری",
"bi":"بیسلاما",
"bik":"بیکولی",
"bin":"بینی",
"bm":"بامبارایی",
"bn":"بنگالی",
"bnt":"بانتویی",
"bo":"تبتی",
"br":"برتانیایی",
"bra":"براج",
"bs":"بوسنیایی",
"btk":"باتاکی",
"bua":"بوریاتی",
"bug":"بوگیایی",
"byn":"بلین",
"ca":"کاتالان",
"cad":"کادویی",
"cai":"زبان سرخپوستی امریکای مرکزی",
"car":"کاریبی",
"cau":"زبان قفقازی",
"ce":"چچنی",
"ceb":"سبویی",
"cel":"زبان سلتی",
"ch":"چامورویی",
"chb":"چیبچا",
"chg":"جغتایی",
"chk":"چوکی",
"chm":"ماریایی",
"cho":"چوکتویی",
"chp":"چیپه‌ویه‌ای",
"chr":"چروکیایی",
"chy":"شایانی",
"co":"کورسی",
"cop":"قبطی",
"cpe":"کریول یا پیجین مبتنی بر انگلیسی",
"cpf":"کریول یا پیجین مبتنی بر فرانسوی",
"cpp":"کریول یا پیجین مبتنی بر پرتغالی",
"cr":"کریایی",
"crh":"ترکی کریمه",
"crp":"کریول یا پیجین",
"cs":"چکی",
"csb":"کاشوبی",
"cu":"اسلاوی کلیسایی",
"cus":"زبان کوشی",
"cv":"چوواشی",
"cy":"ویلزی",
"da":"دانمارکی",
"dak":"داکوتایی",
"dar":"دارقینی",
"day":"دایاک",
"de":"آلمانی",
"de_AT":"آلمانی اتریش",
"de_CH":"آلمانی علیای سوئیس",
"del":"دلاواری",
"dgr":"دوگریب",
"din":"دینکایی",
"doi":"دوگری",
"dra":"زبان دراویدی",
"dsb":"صُربی سفلی",
"dua":"دوآلایی",
"dum":"هلندی میانه",
"dv":"مالدیوی",
"dyu":"دایولایی",
"dz":"جونخایی",
"ee":"اوه‌ای",
"efi":"افیکی",
"egy":"مصری کهن",
"eka":"اکاجوک",
"el":"یونانی",
"elx":"عیلامی",
"en":"انگلیسی",
"en_AU":"انگلیسی استرالیا",
"en_CA":"انگلیسی کانادا",
"en_GB":"انگلیسی بریتانیا",
"en_US":"انگلیسی امریکا",
"enm":"انگلیسی میانه",
"eo":"اسپرانتو",
"es":"اسپانیایی",
"es_419":"اسپانیایی امریکای لاتین",
"es_ES":"اسپانیایی اسپانیا",
"et":"استونیایی",
"eu":"باسکی",
"ewo":"اواندو",
"fa":"فارسی",
"fan":"فانکی",
"fat":"فانتیایی",
"ff":"فولایی",
"fi":"فنلاندی",
"fil":"فیلیپینی",
"fiu":"زبان فین و اوگرایی",
"fj":"فیجیایی",
"fo":"فارویی",
"fon":"فونی",
"fr":"فرانسوی",
"fr_CA":"فرانسوی کانادا",
"fr_CH":"فرانسوی سوئیس",
"frm":"فرانسوی میانه",
"fro":"فرانسوی باستان",
"frr":"فریزی شمالی",
"frs":"فریزی شرقی",
"fur":"فریولیایی",
"fy":"فریزی غربی",
"ga":"ایرلندی",
"gaa":"گایی",
"gay":"گایویی",
"gba":"گبایایی",
"gd":"گیلی اسکاتلندی",
"gem":"زبان ژرمنی",
"gez":"گی‌ئزی",
"gil":"گیلبرتی",
"gl":"گالیسیایی",
"gmh":"آلمانی علیای میانه",
"gn":"گوارانی",
"goh":"آلمانی علیای باستان",
"gon":"گوندی",
"gor":"گورونتالو",
"got":"گوتی",
"grb":"گریبویی",
"grc":"یونانی کهن",
"gsw":"آلمانی سوئیسی",
"gu":"گجراتی",
"gv":"مانی",
"gwi":"گویچ این",
"ha":"هوسیایی",
"hai":"هایدایی",
"haw":"هاوائیایی",
"he":"عبری",
"hi":"هندی",
"hil":"هیلی‌گاینونی",
"him":"هیماچالی",
"hit":"هیتی",
"hmn":"همونگ",
"ho":"موتویی هیری",
"hr":"کروات",
"hsb":"صُربی علیا",
"ht":"هائیتیایی",
"hu":"مجاری",
"hup":"هوپا",
"hy":"ارمنی",
"hz":"هریرویی",
"ia":"میان‌زبان",
"iba":"آیبن",
"id":"اندونزیایی",
"ie":"اکسیدنتال",
"ig":"ایگبویی",
"ii":"یی سیچوان",
"ijo":"ایجویی",
"ik":"اینوپیک",
"ilo":"ایلوکویی",
"inc":"زبان هندیک",
"ine":"زبان هند و اروپایی",
"inh":"اینگوشی",
"io":"ایدو",
"ira":"زبان ایرانی",
"iro":"زبان ایروکوایی",
"is":"ایسلندی",
"it":"ایتالیایی",
"iu":"اینوکتیتوت",
"ja":"ژاپنی",
"jbo":"لوجبان",
"jpr":"فارسی یهودی",
"jrb":"عربی یهودی",
"jv":"جاوه‌ای",
"ka":"گرجی",
"kaa":"قره‌قالپاقی",
"kab":"قبایلی",
"kac":"کاچینی",
"kaj":"جو",
"kam":"کامبایی",
"kar":"کارنی",
"kaw":"کاویایی",
"kbd":"کاباردینی",
"kcg":"تایپه ای",
"kfo":"کورو",
"kg":"کنگویی",
"kha":"خاسیایی",
"khi":"زبان خواسی",
"kho":"ختنی",
"ki":"کیکویویی",
"kj":"کوانیاما",
"kk":"قزاقی",
"kl":"گرینلندی",
"km":"خمری",
"kmb":"کیمبوندویی",
"kn":"کاناده‌ای",
"ko":"کره‌ای",
"kok":"کنکانی",
"kpe":"کپله‌ای",
"kr":"کانوریایی",
"krc":"قره‌چایی‐بالکاری",
"kro":"کرویی",
"kru":"کوروخی",
"ks":"کشمیری",
"ku":"کردی",
"kum":"کومیکی",
"kut":"کوتنی",
"kv":"کومیایی",
"kw":"کرنوالی",
"ky":"قرقیزی",
"la":"لاتینی",
"lad":"لادینو",
"lah":"لاهندا",
"lam":"لامبا",
"lb":"لوگزامبورگی",
"lez":"لزگی",
"lg":"گاندایی",
"li":"لیمبورگی",
"ln":"لینگالا",
"lo":"لائوسی",
"lol":"مونگویی",
"loz":"لوزیایی",
"lt":"لیتوانیایی",
"lu":"لوبایی‐کاتانگا",
"lua":"لوبایی‐لولوا",
"lui":"لویسنو",
"lun":"لوندایی",
"luo":"لوئویی",
"lus":"لوشه‌ای",
"lv":"لتونیایی",
"mad":"مادورایی",
"mag":"ماگاهیایی",
"mai":"مایدیلی",
"mak":"ماکاسار",
"man":"ماندینگویی",
"map":"زبان آسترونیزیایی",
"mas":"ماسایی",
"mdf":"مکشایی",
"mdr":"ماندار",
"men":"منده‌ای",
"mg":"مالاگاسیایی",
"mga":"ایرلندی میانه",
"mh":"مارشالی",
"mi":"مائوریایی",
"mic":"میکماکی",
"min":"مینانگ‌کابویی",
"mis":"زبان متفرقه",
"mk":"مقدونی",
"mkh":"زبان مون‌خمری",
"ml":"مالایالامی",
"mn":"مغولی",
"mnc":"مانچویی",
"mni":"میته‌ای",
"mno":"زبان مانوبو",
"mo":"مولداویایی",
"moh":"موهاکی",
"mos":"ماسیایی",
"mr":"مراتی",
"ms":"مالایی",
"mt":"مالتی",
"mul":"چندین زبان",
"mun":"زبان موندایی",
"mus":"کریکی",
"mwr":"مارواری",
"my":"برمه‌ای",
"myn":"زبان مایایی",
"myv":"ارزیایی",
"na":"نائورویی",
"nah":"ناواتلی",
"nai":"زبان سرخپوستی امریکای شمالی",
"nap":"ناپلی",
"nb":"بوکسمال نروژی",
"nd":"انده‌بله‌ای شمالی",
"nds":"آلمانی سفلی",
"ne":"نپالی",
"new":"نواریایی",
"ng":"اندونگایی",
"nia":"نیاسی",
"niu":"نیویی",
"nl":"هلندی",
"nl_BE":"فلمنگی",
"nn":"نرس جدید نروژی",
"no":"نروژی",
"nog":"نغایی",
"non":"نرس باستان",
"nr":"انده‌بله‌ای جنوبی",
"nso":"سوتویی شمالی",
"nub":"زبان نوبیایی",
"nv":"ناواهویی",
"nwc":"نواریایی کلاسیک",
"ny":"نیانجایی",
"nym":"نیام‌وزیایی",
"nyn":"نیانکوله‌ای",
"nyo":"نیورویی",
"nzi":"نزیمایی",
"oc":"اوکیتایی",
"oj":"اوجیبوایی",
"om":"اورومویی",
"or":"اوریه‌ای",
"os":"آسی",
"osa":"اوسیجی",
"ota":"ترکی عثمانی",
"oto":"زبان اتومیایی",
"pa":"پنجابی",
"paa":"زبان پاپوایی",
"pag":"پانگاسینانی",
"pal":"پهلوی",
"pam":"پامپانگایی",
"pap":"پاپیامنتو",
"pau":"پالائویی",
"peo":"فارسی باستان",
"phi":"زبان فیلیپینی",
"phn":"فنیقی",
"pi":"پالی",
"pl":"لهستانی",
"pon":"پانپیی",
"pra":"زبان پراکریتی",
"pro":"پرووانسی باستان",
"ps":"پشتو",
"pt":"پرتغالی",
"pt_BR":"پرتغالی برزیل",
"pt_PT":"پرتغالی پرتغال",
"qu":"کچوایی",
"raj":"راجستانی",
"rap":"راپانویی",
"rar":"راروتونگایی",
"rm":"رومانش",
"rn":"روندیایی",
"ro":"رومانیایی",
"roa":"زبان رومیایی",
"rom":"رومانویی",
"root":"ریشه",
"ru":"روسی",
"rw":"کینیارواندایی",
"sa":"سنسکریت",
"sad":"سانداوه‌ای",
"sah":"یاقوتی",
"sai":"زبان سرخپوستی امریکای جنوبی",
"sal":"زبان سالیشی",
"sam":"آرامی سامری",
"sas":"ساساکی",
"sat":"سانتالی",
"sc":"ساردینیایی",
"scn":"سیسیلی",
"sco":"اسکاتلندی",
"sd":"سندی",
"se":"سامی شمالی",
"sel":"سلکوپی",
"sem":"زبان سامی",
"sg":"سانگویی",
"sga":"ایرلندی باستان",
"sgn":"زبان اشاره",
"sh":"صرب و کرواتی",
"shn":"شانی",
"si":"سینهالی",
"sid":"سیدامویی",
"sio":"زبان سویی",
"sit":"زبان چین و تبتی",
"sk":"اسلواکی",
"sl":"اسلووینیایی",
"sla":"زبان اسلاوی",
"sm":"ساموآیی",
"sn":"شونایی",
"snk":"سونینکه‌ای",
"so":"سومالیایی",
"sog":"سغدی",
"son":"سونغایی",
"sq":"آلبانیایی",
"sr":"صربی",
"srn":"تاکی‌تاکی",
"srr":"سریری",
"ss":"سوازیایی",
"ssa":"زبان نیلی و صحرایی",
"st":"سوتویی جنوبی",
"su":"سوندایی",
"suk":"سوکومایی",
"sus":"سوسویی",
"sux":"سومری",
"sv":"سوئدی",
"sw":"سواحلی",
"swb":"کوموری",
"syc":"سریانی کلاسیک",
"syr":"سریانی",
"ta":"تامیلی",
"tai":"زبان تایی",
"te":"تلوگویی",
"tem":"تمنه‌ای",
"ter":"ترنو",
"tet":"تتومی",
"tg":"تاجیکی",
"th":"تایلندی",
"ti":"تیگرینیایی",
"tig":"تیگره‌ای",
"tiv":"تیوی",
"tk":"ترکمنی",
"tl":"تاگالوگی",
"tlh":"کلینگون",
"tli":"تلین‌گیتی",
"tmh":"تاماشقی",
"tn":"تسوانایی",
"to":"تونگایی",
"tog":"تونگایی نیاسا",
"tpi":"توک‌پیسینی",
"tr":"ترکی استانبولی",
"ts":"تسونگایی",
"tsi":"تسیم‌شیانی",
"tt":"تاتاری",
"tum":"تومبوکایی",
"tup":"زبان توپیایی",
"tut":"زبان آلتاییک",
"tvl":"تووالویی",
"tw":"توی‌یایی",
"ty":"تاهیتیایی",
"tyv":"تووایی",
"udm":"اودمورتی",
"ug":"اویغوری",
"uga":"اوگاریتی",
"uk":"اوکراینی",
"umb":"امبوندویی",
"und":"زبان نامشخص",
"ur":"اردو",
"uz":"ازبکی",
"vai":"ویایی",
"ve":"وندایی",
"vi":"ویتنامی",
"vo":"ولاپوک",
"vot":"وتی",
"wa":"والونی",
"wak":"زبان واکاشی",
"wal":"والامو",
"war":"وارایی",
"was":"واشویی",
"wen":"زبان صُربی",
"wo":"ولوفی",
"xal":"قلموقی",
"xh":"خوسایی",
"yao":"یائویی",
"yap":"یاپی",
"yi":"یدی",
"yo":"یوروبایی",
"ypk":"زبان یوپیکی",
"yue":"کانتونیز",
"za":"چوانگی",
"zap":"زاپوتکی",
"zen":"زناگا",
"zh":"چینی",
"zh_Hans":"چینی ساده‌شده",
"zh_Hant":"چینی سنتی",
"znd":"زانده‌ای",
"zu":"زولویی",
"zun":"زونیایی",
"zxx":"بدون محتوای زبانی",
"zza":"زازایی"
},
"scripts":{
"Arab":"عربی",
"Armi":"آرامی هخامنشی",
"Armn":"ارمنی",
"Avst":"اوستایی",
"Bali":"بالیایی",
"Batk":"باتاکی",
"Beng":"بنگالی",
"Blis":"نمادهای بلیس",
"Bopo":"بوپوموفو",
"Brah":"براهمی",
"Brai":"بریل",
"Bugi":"بوگیایی",
"Buhd":"بوهید",
"Cakm":"کاکم",
"Cari":"کاری",
"Cham":"چمی",
"Cher":"چروکیایی",
"Cirt":"کرت",
"Copt":"قبطی",
"Cprt":"قبرسی",
"Cyrl":"سیریلی",
"Deva":"دوناگری",
"Dsrt":"دیسرتی",
"Egyh":"کاهنی مصری",
"Egyp":"هیروگلیف مصری",
"Ethi":"اتیوپیایی",
"Geok":"گرجی خوتسوری",
"Geor":"گرجی",
"Glag":"گلاگولیتیک",
"Goth":"گوتیک",
"Grek":"یونانی",
"Gujr":"گجراتی",
"Guru":"گورومخی",
"Hang":"هانگول",
"Hani":"هان",
"Hano":"هانونویی",
"Hans":"ساده‌شده",
"Hant":"سنتی",
"Hebr":"عبری",
"Hira":"هیراگانا",
"Hrkt":"کاتاکانا یا هیراگانا",
"Hung":"مجاری باستان",
"Inds":"ایندوس",
"Java":"جاوه‌ای",
"Jpan":"ژاپنی",
"Kali":"کایالی",
"Kana":"کاتاکانا",
"Khmr":"خمری",
"Knda":"کاناده‌ای",
"Kore":"کره‌ای",
"Kthi":"کثی",
"Lana":"لانایی",
"Laoo":"لائوسی",
"Latf":"لاتینی فراکتور",
"Latg":"لاتینی گیلی",
"Latn":"لاتینی",
"Limb":"لیمبایی",
"Lina":"خطی الف",
"Linb":"خطی ب",
"Lyci":"لسیایی",
"Lydi":"لدیایی",
"Mand":"منده‌ای",
"Mani":"مانوی",
"Maya":"هیروگلیف مایایی",
"Mero":"مروییتی",
"Mlym":"مالایالامی",
"Mong":"مغولی",
"Moon":"مونی",
"Mtei":"مایک میتی",
"Mymr":"میانمار",
"Ogam":"اوگامی",
"Orkh":"اورخونی",
"Orya":"اوریه‌ای",
"Perm":"پرمی باستان",
"Phli":"پهلوی کتیبه‌ای",
"Phlp":"پهلوی زبوری",
"Phlv":"پهلوی کتابی",
"Phnx":"فنیقی",
"Prti":"پارتی کتیبه‌ای",
"Rjng":"رجنگی",
"Runr":"رونی",
"Samr":"سامری",
"Sara":"ساراتی",
"Saur":"سوراشترایی",
"Shaw":"شاوی",
"Sinh":"سینهالی",
"Sylo":"سیلوتی نگاری",
"Syrc":"سریانی",
"Syre":"سریانی استرانگلو",
"Syrj":"سریانی غربی",
"Syrn":"سریانی شرقی",
"Tagb":"تگبنوایی",
"Taml":"تامیلی",
"Telu":"تلوگویی",
"Teng":"تنگوار",
"Tglg":"تاگالوگی",
"Thaa":"تانه‌ای",
"Thai":"تایلندی",
"Tibt":"تبتی",
"Vaii":"ویایی",
"Visp":"گفتار قابل مشاهده",
"Xpeo":"فارسی باستان",
"Xsux":"میخی سومری‐آکدی",
"Yiii":"یی",
"Zinh":"موروثی",
"Zsym":"علائم",
"Zxxx":"نانوشته",
"Zyyy":"مشترک",
"Zzzz":"خط نامشخص"
},
"territories":{
"001":"جهان",
"002":"افریقا",
"003":"امریکای شمالی",
"005":"امریکای جنوبی",
"009":"اقیانوسیه",
"011":"غرب افریقا",
"013":"امریکای مرکزی",
"014":"شرق افریقا",
"015":"شمال افریقا",
"017":"مرکز افریقا",
"018":"جنوب افریقا",
"019":"امریکا",
"021":"شمال امریکا",
"029":"کارائیب",
"030":"شرق آسیا",
"034":"جنوب آسیا",
"035":"جنوب شرقی آسیا",
"039":"جنوب اروپا",
"053":"استرالیا و زلاند نو",
"054":"ملانزی",
"057":"ناحیهٔ میکرونزی",
"061":"پلی‌نزی",
"062":"جنوب آسیا و آسیای میانه",
"142":"آسیا",
"143":"آسیای مرکزی",
"145":"غرب آسیا",
"150":"اروپا",
"151":"شرق اروپا",
"154":"شمال اروپا",
"155":"غرب اروپا",
"172":"کشورهای مستقل مشترک‌المنافع",
"419":"امریکای لاتین",
"AC":"جزایر آسنسیون",
"AD":"آندورا",
"AE":"امارات متحدهٔ عربی",
"AF":"افغانستان",
"AG":"آنتیگوا و باربودا",
"AI":"آنگیل",
"AL":"آلبانی",
"AM":"ارمنستان",
"AN":"آنتیل هلند",
"AO":"آنگولا",
"AQ":"جنوبگان",
"AR":"آرژانتین",
"AS":"ساموای امریکا",
"AT":"اتریش",
"AU":"استرالیا",
"AW":"آروبا",
"AX":"جزایر آلاند",
"AZ":"جمهوری آذربایجان",
"BA":"بوسنی و هرزگوین",
"BB":"باربادوس",
"BD":"بنگلادش",
"BE":"بلژیک",
"BF":"بورکینافاسو",
"BG":"بلغارستان",
"BH":"بحرین",
"BI":"بوروندی",
"BJ":"بنین",
"BL":"سنت بارتیلمی",
"BM":"برمودا",
"BN":"برونئی",
"BO":"بولیوی",
"BR":"برزیل",
"BS":"باهاما",
"BT":"بوتان",
"BV":"جزیره بووت",
"BW":"بوتسوانا",
"BY":"بیلوروسی",
"BZ":"بلیز",
"CA":"کانادا",
"CC":"جزایر کوکوس [کیلینگ]",
"CD":"کنگو - کینشاسا",
"CF":"جمهوری افریقای مرکزی",
"CG":"کنگو - برازویل",
"CH":"سوئیس",
"CI":"ساحل عاج",
"CK":"جزایر کوک",
"CL":"شیلی",
"CM":"کامرون",
"CN":"چین",
"CO":"کلمبیا",
"CP":"جزایر کلیپرتون",
"CR":"کاستاریکا",
"CS":"صربستان و مونته‌نگرو",
"CU":"کوبا",
"CV":"کیپ‌ورد",
"CX":"جزیرهٔ کریسمس",
"CY":"قبرس",
"CZ":"جمهوری چک",
"DE":"آلمان",
"DG":"دیه‌گو گارسیا",
"DJ":"جیبوتی",
"DK":"دانمارک",
"DM":"دومینیک",
"DO":"جمهوری دومینیکن",
"DZ":"الجزایر",
"EA":"سبته و ملیله",
"EC":"اکوادور",
"EE":"استونی",
"EG":"مصر",
"EH":"صحرای غربی",
"ER":"اریتره",
"ES":"اسپانیا",
"ET":"اتیوپی",
"EU":"اتحادیهٔ اروپا",
"FI":"فنلاند",
"FJ":"فیجی",
"FK":"جزایر فالکلند",
"FM":"میکرونزی",
"FO":"جزایر فارو",
"FR":"فرانسه",
"GA":"گابون",
"GB":"بریتانیا",
"GD":"گرانادا",
"GE":"گرجستان",
"GF":"گویان فرانسه",
"GG":"گرنزی",
"GH":"غنا",
"GI":"جبل‌الطارق",
"GL":"گرینلند",
"GM":"گامبیا",
"GN":"گینه",
"GP":"گوادلوپ",
"GQ":"گینهٔ استوایی",
"GR":"یونان",
"GS":"جورجیای جنوبی و جزایر ساندویچ جنوبی",
"GT":"گواتمالا",
"GU":"گوام",
"GW":"گینهٔ بیسائو",
"GY":"گویان",
"HK":"هنگ‌کنگ، ناحیهٔ ویژهٔ حکومتی چین",
"HM":"جزیرهٔ هرد و جزایر مک‌دونالد",
"HN":"هندوراس",
"HR":"کرواسی",
"HT":"هائیتی",
"HU":"مجارستان",
"IC":"جزایر قناری",
"ID":"اندونزی",
"IE":"ایرلند",
"IL":"اسرائیل",
"IM":"جزیرهٔ من",
"IN":"هند",
"IO":"مستعمره‌های بریتانیا در اقیانوس هند",
"IQ":"عراق",
"IR":"ایران",
"IS":"ایسلند",
"IT":"ایتالیا",
"JE":"جرزی",
"JM":"جامائیکا",
"JO":"اردن",
"JP":"ژاپن",
"KE":"کنیا",
"KG":"قرقیزستان",
"KH":"کامبوج",
"KI":"کریباتی",
"KM":"کومورو",
"KN":"سنت کیتس و نویس",
"KP":"کرهٔ شمالی",
"KR":"کرهٔ جنوبی",
"KW":"کویت",
"KY":"جزایر کِیمن",
"KZ":"قزاقستان",
"LA":"لائوس",
"LB":"لبنان",
"LC":"سنت لوسیا",
"LI":"لیختن‌اشتاین",
"LK":"سری‌لانکا",
"LR":"لیبریا",
"LS":"لسوتو",
"LT":"لیتوانی",
"LU":"لوکزامبورگ",
"LV":"لتونی",
"LY":"لیبی",
"MA":"مراکش",
"MC":"موناکو",
"MD":"مولداوی",
"ME":"مونته‌نگرو",
"MF":"سنت مارتین",
"MG":"ماداگاسکار",
"MH":"جزایر مارشال",
"MK":"مقدونیه",
"ML":"مالی",
"MM":"میانمار [برمه]",
"MN":"مغولستان",
"MO":"ماکائو، ناحیهٔ ویژهٔ حکومتی چین",
"MP":"جزایر ماریانای شمالی",
"MQ":"مارتینیک",
"MR":"موریتانی",
"MS":"مونت‌سرات",
"MT":"مالت",
"MU":"موریس",
"MV":"مالدیو",
"MW":"مالاوی",
"MX":"مکزیک",
"MY":"مالزی",
"MZ":"موزامبیک",
"NA":"نامیبیا",
"NC":"کالدونیای جدید",
"NE":"نیجر",
"NF":"جزیرهٔ نورفولک",
"NG":"نیجریه",
"NI":"نیکاراگوئه",
"NL":"هلند",
"NO":"نروژ",
"NP":"نپال",
"NR":"نائورو",
"NU":"نیوئه",
"NZ":"زلاند نو",
"OM":"عمان",
"PA":"پاناما",
"PE":"پرو",
"PF":"پلی‌نزی فرانسه",
"PG":"پاپوا گینهٔ نو",
"PH":"فیلیپین",
"PK":"پاکستان",
"PL":"لهستان",
"PM":"سنت پیر و میکلون",
"PN":"جزایر پیت‌کرن",
"PR":"پورتوریکو",
"PS":"سرزمین‌های فلسطینی",
"PT":"پرتغال",
"PW":"پالائو",
"PY":"پاراگوئه",
"QA":"قطر",
"QO":"بخش‌های دورافتادهٔ اقیانوسیه",
"RE":"ریونیون",
"RO":"رومانی",
"RS":"صربستان",
"RU":"روسیه",
"RW":"رواندا",
"SA":"عربستان سعودی",
"SB":"جزایر سلیمان",
"SC":"سیشل",
"SD":"سودان",
"SE":"سوئد",
"SG":"سنگاپور",
"SH":"سنت هلن",
"SI":"اسلوونی",
"SJ":"اسوالبارد و جان‌ماین",
"SK":"اسلواکی",
"SL":"سیرالئون",
"SM":"سان‌مارینو",
"SN":"سنگال",
"SO":"سومالی",
"SR":"سورینام",
"ST":"سائوتومه و پرینسیپه",
"SV":"السالوادور",
"SY":"سوریه",
"SZ":"سوازیلند",
"TA":"تریستان دا کونا",
"TC":"جزایر ترک و کایکوس",
"TD":"چاد",
"TF":"مستعمره‌های جنوبی فرانسه",
"TG":"توگو",
"TH":"تایلند",
"TJ":"تاجیکستان",
"TK":"توکلائو",
"TL":"تیمور لسته",
"TM":"ترکمنستان",
"TN":"تونس",
"TO":"تونگا",
"TR":"ترکیه",
"TT":"ترینیداد و توباگو",
"TV":"تووالو",
"TW":"تایوان",
"TZ":"تانزانیا",
"UA":"اوکراین",
"UG":"اوگاندا",
"UM":"جزایر کوچک دورافتادهٔ ایالات متحده",
"US":"ایالات متحدهٔ امریکا",
"UY":"اروگوئه",
"UZ":"ازبکستان",
"VA":"واتیکان",
"VC":"سنت وینسنت و گرنادین",
"VE":"ونزوئلا",
"VG":"جزایر ویرجین بریتانیا",
"VI":"جزایر ویرجین ایالات متحده",
"VN":"ویتنام",
"VU":"وانواتو",
"WF":"والیس و فیوتونا",
"WS":"ساموا",
"YE":"یمن",
"YT":"مایوت",
"ZA":"افریقای جنوبی",
"ZM":"زامبیا",
"ZW":"زیمبابوه",
"ZZ":"ناحیهٔ نامشخص"
},
"orientation":"right-to-left",
"dateFormat-full":"EEEE d MMMM y",
"dateFormat-long":"d MMMM y",
"dateFormat-medium":"d MMM y",
"dateFormat-short":"yyyy/M/d",
"timeFormat-full":"H:mm:ss (zzzz)",
"timeFormat-long":"H:mm:ss (z)",
"timeFormat-medium":"H:mm:ss",
"timeFormat-short":"H:mm",
"dateTimeFormat-full":"{1}، ساعت {0}",
"dateTimeFormat-long":"{1}، ساعت {0}",
"dateTimeFormat-medium":"{1}،‏ {0}",
"dateTimeFormat-short":"{1}،‏ {0}",
"months-defaultContext":"format",
"months-defaultWidth":"wide",
"months-format-abbreviated":[
"ژانویهٔ",
"فوریهٔ",
"مارس",
"آوریل",
"مهٔ",
"ژوئن",
"ژوئیهٔ",
"اوت",
"سپتامبر",
"اکتبر",
"نوامبر",
"دسامبر"],
"months-format-narrow":[
"ژ",
"ف",
"م",
"آ",
"م",
"ژ",
"ژ",
"ا",
"س",
"ا",
"ن",
"د"],
"months-format-wide":[
"ژانویهٔ",
"فوریهٔ",
"مارس",
"آوریل",
"مهٔ",
"ژوئن",
"ژوئیهٔ",
"اوت",
"سپتامبر",
"اکتبر",
"نوامبر",
"دسامبر"],
"months-standAlone-abbreviated":[
"ژانویه",
"فوریه",
"مارس",
"آوریل",
"مه",
"ژوئن",
"ژوئیه",
"اوت",
"سپتامبر",
"اکتبر",
"نوامبر",
"دسامبر"],
"months-standAlone-narrow":[
"ژ",
"ف",
"م",
"آ",
"م",
"ژ",
"ژ",
"ا",
"س",
"ا",
"ن",
"د"],
"months-standAlone-wide":[
"ژانویه",
"فوریه",
"مارس",
"آوریل",
"مه",
"ژوئن",
"ژوئیه",
"اوت",
"سپتامبر",
"اکتبر",
"نوامبر",
"دسامبر"],
"days-defaultContext":"format",
"days-defaultWidth":"wide",
"days-format-abbreviated":[
"یکشنبه",
"دوشنبه",
"سه‌شنبه",
"چهارشنبه",
"پنجشنبه",
"جمعه",
"شنبه"],
"days-format-narrow":[
"ی",
"د",
"س",
"چ",
"پ",
"ج",
"ش"],
"days-format-wide":[
"یکشنبه",
"دوشنبه",
"سه‌شنبه",
"چهارشنبه",
"پنجشنبه",
"جمعه",
"شنبه"],
"days-standAlone-abbreviated":[
"یکشنبه",
"دوشنبه",
"سه‌شنبه",
"چهارشنبه",
"پنجشنبه",
"جمعه",
"شنبه"],
"days-standAlone-narrow":[
"ی",
"د",
"س",
"چ",
"پ",
"ج",
"ش"],
"days-standAlone-wide":[
"یکشنبه",
"دوشنبه",
"سه‌شنبه",
"چهارشنبه",
"پنجشنبه",
"جمعه",
"شنبه"],
"quarters-format-abbreviated":[
"س‌م۱",
"س‌م۲",
"س‌م۳",
"س‌م۴"],
"quarters-format-narrow":[
"۱",
"۲",
"۳",
"۴"],
"quarters-format-wide":[
"سه‌ماههٔ اول",
"سه‌ماههٔ دوم",
"سه‌ماههٔ سوم",
"سه‌ماههٔ چهارم"],
"quarters-standAlone-abbreviated":[
"س‌م۱",
"س‌م۲",
"س‌م۳",
"س‌م۴"],
"quarters-standAlone-narrow":[
"۱",
"۲",
"۳",
"۴"],
"quarters-standAlone-wide":[
"سه‌ماههٔ اول",
"سه‌ماههٔ دوم",
"سه‌ماههٔ سوم",
"سه‌ماههٔ چهارم"],
"dayPeriods-format-abbreviated":[
"قبل‌ازظهر",
"بعدازظهر"],
"dayPeriods-format-narrow":[
"قبل‌ازظهر",
"بعدازظهر"],
"dayPeriods-format-wide":[
"قبل‌ازظهر",
"بعدازظهر"],
"dayPeriods-standAlone-abbreviated":[
"قبل‌ازظهر",
"بعدازظهر"],
"dayPeriods-standAlone-narrow":[
"قبل‌ازظهر",
"بعدازظهر"],
"dayPeriods-standAlone-wide":[
"قبل‌ازظهر",
"بعدازظهر"],
"decimalFormat":{
"standard":"#,##0.###"},
"decimalFormat-short":{
"1000":"0.0 هزار",
"10000":"00 هزار",
"100000":"000 هزار",
"1000000":"0.0 میلیون",
"10000000":"00 میلیون",
"100000000":"000 میلیون",
"1000000000":"0.0 میلیارد",
"10000000000":"00 میلیارد",
"100000000000":"000 میلیارد",
"1000000000000":"0.0 هزار میلیارد",
"10000000000000":"00 هزار میلیارد",
"100000000000000":"000 هزار میلیارد"},
"scientificFormat":{
"standard":"#E0"},
"percentFormat":{
"standard":"#,##0%"},
"currencyFormat":{
"standard":"#,##0.00 ¤;−#,##0.00 ¤"},
"symbols-latn-decimal":".",
"symbols-latn-group":",",
"symbols-latn-list":";",
"symbols-latn-percentSign":"%",
"symbols-latn-plusSign":"+",
"symbols-latn-minusSign":"−",
"symbols-latn-exponential":"E",
"symbols-latn-perMille":"‰",
"symbols-latn-infinity":"∞",
"symbols-latn-nan":"NaN",
"weekData-minDays":1,
"weekData-firstDay":6,
"weekData-weekendStart":4,
"weekData-weekendEnd":5
}