{
"languages":{
"aa":"afar",
"ab":"abhaasi",
"ace":"atšeh",
"ach":"atšoli",
"ada":"adangme",
"ady":"adyge",
"ae":"avesta",
"af":"afrikaans",
"afa":"afroaasialainen kieli",
"afh":"afrihili",
"ain":"ainu",
"ak":"akan",
"akk":"akkadi",
"ale":"aleutti",
"alg":"algonkikieli",
"alt":"altai",
"am":"amhara",
"an":"aragonia",
"ang":"muinaisenglanti",
"anp":"angika",
"apa":"apaššikieli",
"ar":"arabia",
"arc":"valtakunnanaramea",
"arn":"mapudungun",
"arp":"arapaho",
"art":"keinotekoinen kieli",
"arw":"arawak",
"as":"assami",
"asa":"asu",
"ast":"asturia",
"ath":"athabascakieli",
"aus":"australialainen kieli",
"av":"avaari",
"awa":"awadhi",
"ay":"aimara",
"az":"azeri",
"ba":"baškiiri",
"bad":"banda",
"bai":"bamilekekieli",
"bal":"belutši",
"ban":"bali",
"bas":"basa",
"bat":"balttilainen kieli",
"be":"valkovenäjä",
"bej":"bedža",
"bem":"bemba",
"ber":"berberikieli",
"bez":"bena",
"bg":"bulgaria",
"bh":"bihari",
"bho":"bhodžpuri",
"bi":"bislama",
"bik":"bikol",
"bin":"bini",
"bla":"siksika",
"bm":"bambara",
"bn":"bengali",
"bnt":"bantukieli",
"bo":"tiibet",
"br":"bretoni",
"bra":"bradž",
"brx":"bodo",
"bs":"bosnia",
"btk":"batakkieli",
"bua":"burjaatti",
"bug":"bugi",
"byn":"bilin",
"ca":"katalaani",
"cad":"caddo",
"cai":"keskiamerikkalainen intiaanikieli",
"car":"karibi",
"cau":"kaukasialainen kieli",
"cch":"atsam",
"ce":"tšetšeeni",
"ceb":"cebuano",
"cel":"kelttiläinen kieli",
"ch":"tšamorro",
"chb":"tšibtša",
"chg":"tšagatai",
"chk":"chuuk",
"chm":"mari",
"chn":"chinook-jargon",
"cho":"choctaw",
"chp":"chipewyan",
"chr":"cherokee",
"chy":"cheyenne",
"cmc":"tšamkieli",
"co":"korsika",
"cop":"kopti",
"cpe":"englantiin perustuva kreoli- tai pidgin-kieli",
"cpf":"ranskaan perustuva kreoli- tai pidgin-kieli",
"cpp":"portugaliin perustuva kreoli- tai pidgin-kieli",
"cr":"cree",
"crh":"krimintataari",
"crp":"kreoli- tai pidgin-kieli",
"cs":"tšekki",
"csb":"kašubi",
"cu":"kirkkoslaavi",
"cus":"kuušilainen kieli",
"cv":"tšuvassi",
"cy":"kymri",
"da":"tanska",
"dak":"dakota",
"dar":"dargi",
"day":"land-dajakki-kieli",
"de":"saksa",
"de_AT":"itävallansaksa",
"de_CH":"sveitsinyläsaksa",
"del":"delaware",
"den":"slevi",
"dgr":"dogrib",
"din":"dinka",
"doi":"dogri",
"dra":"dravidakieli",
"dsb":"alasorbi",
"dua":"duala",
"dum":"keskihollanti",
"dv":"divehi",
"dyu":"djula",
"dz":"dzongkha",
"ebu":"embu",
"ee":"ewe",
"efi":"efik",
"egy":"muinaisegypti",
"eka":"ekajuk",
"el":"kreikka",
"elx":"elami",
"en":"englanti",
"en_AU":"australianenglanti",
"en_CA":"kanadanenglanti",
"en_GB":"britannianenglanti",
"en_US":"amerikanenglanti",
"enm":"keskienglanti",
"eo":"esperanto",
"es":"espanja",
"es_419":"amerikanespanja",
"es_ES":"espanjanespanja",
"et":"viro",
"eu":"baski",
"ewo":"ewondo",
"fa":"farsi",
"fan":"fang",
"fat":"fanti",
"ff":"fulani",
"fi":"suomi",
"fil":"filipino",
"fiu":"suomalais-ugrilainen kieli",
"fj":"fidži",
"fo":"fääri",
"fon":"fon",
"fr":"ranska",
"fr_CA":"kanadanranska",
"fr_CH":"sveitsinranska",
"frm":"keskiranska",
"fro":"muinaisranska",
"frr":"pohjoisfriisi",
"frs":"itäfriisi",
"fur":"friuli",
"fy":"länsifriisi",
"ga":"iiri",
"gaa":"ga",
"gay":"gajo",
"gba":"gbaja",
"gd":"gaeli",
"gem":"germaaninen kieli",
"gez":"ge’ez",
"gil":"kiribati",
"gl":"galicia",
"gmh":"keskiyläsaksa",
"gn":"guarani",
"goh":"muinaisyläsaksa",
"gon":"gondi",
"gor":"gorontalo",
"got":"gootti",
"grb":"grebo",
"grc":"muinaiskreikka",
"gsw":"sveitsinsaksa",
"gu":"gudžarati",
"gv":"manksi",
"gwi":"gwitšin",
"ha":"hausa",
"hai":"haida",
"haw":"havaiji",
"he":"heprea",
"hi":"hindi",
"hil":"hiligaino",
"him":"himatšali",
"hit":"heetti",
"hmn":"hmong",
"ho":"hiri-motu",
"hr":"kroatia",
"hsb":"yläsorbi",
"ht":"haiti",
"hu":"unkari",
"hup":"hupa",
"hy":"armenia",
"hz":"herero",
"ia":"interlingua",
"iba":"iban",
"id":"indonesia",
"ie":"interlingue",
"ig":"igbo",
"ii":"sichuanin-yi",
"ijo":"idžokieli",
"ik":"inupiaq",
"ilo":"iloko",
"inc":"indoarjalainen kieli",
"ine":"indoeurooppalainen kieli",
"inh":"inguuši",
"io":"ido",
"ira":"iranilainen kieli",
"iro":"irokeesikieli",
"is":"islanti",
"it":"italia",
"iu":"inuktitut",
"ja":"japani",
"jbo":"lojban",
"jpr":"juutalaispersia",
"jrb":"juutalaisarabia",
"jv":"jaava",
"ka":"georgia",
"kaa":"karakalpakki",
"kab":"kabyyli",
"kac":"katšin",
"kaj":"jju",
"kam":"kamba",
"kar":"karen",
"kaw":"kavi",
"kbd":"kabardi",
"kcg":"tyap",
"kea":"kapverdenkreoli",
"kfo":"norsunluurannikonkoro",
"kg":"kongo",
"kha":"khasi",
"khi":"khoisankieli",
"kho":"khotani",
"ki":"kikuju",
"kj":"kuanjama",
"kk":"kazakki",
"kl":"kalaallisut",
"km":"keskikhmer",
"kmb":"kimbundu",
"kn":"kannada",
"ko":"korea",
"kok":"konkani",
"kos":"kosrae",
"kpe":"kpelle",
"kr":"kanuri",
"krc":"karatšai-balkaari",
"krl":"karjala",
"kro":"kru-kieli",
"kru":"kurukh",
"ks":"kašmiri",
"ku":"kurdi",
"kum":"kumykki",
"kut":"kutenai",
"kv":"komi",
"kw":"korni",
"ky":"kirgiisi",
"la":"latina",
"lad":"ladino",
"lah":"lahnda",
"lam":"lamba",
"lb":"luxemburg",
"lez":"lezgi",
"lg":"ganda",
"li":"limburg",
"ln":"lingala",
"lo":"lao",
"lol":"mongo",
"loz":"lozi",
"lt":"liettua",
"lu":"katanganluba",
"lua":"luluanluba",
"lui":"luiseño",
"lun":"lunda",
"luo":"luo",
"lus":"lusai",
"luy":"luhya",
"lv":"latvia",
"mad":"madura",
"mag":"magahi",
"mai":"maithili",
"mak":"makassar",
"man":"mandingo",
"map":"austronesialainen kieli",
"mas":"maasai",
"mdf":"mokša",
"mdr":"mandar",
"men":"mende",
"mg":"malagassi",
"mga":"keski-iiri",
"mh":"marshall",
"mi":"maori",
"mic":"micmac",
"min":"minangkabau",
"mis":"luokittelematon kieli",
"mk":"makedonia",
"mkh":"mon-khmer-kieli",
"ml":"malajalam",
"mn":"mongoli",
"mnc":"mantšu",
"mni":"manipuri",
"mno":"manobokieli",
"mo":"moldova",
"moh":"mohawk",
"mos":"mossi",
"mr":"marathi",
"ms":"malaiji",
"mt":"malta",
"mul":"monia kieliä",
"mun":"mundakieli",
"mus":"creek",
"mwl":"mirandeesi",
"mwr":"marwari",
"my":"burma",
"myn":"mayakieli",
"myv":"ersä",
"na":"nauru",
"nah":"nahuatlkieli",
"nai":"pohjoisamerikkalainen intiaanikieli",
"nap":"napoli",
"nb":"norjan bokmål",
"nd":"pohjois-ndebele",
"nds":"alasaksa",
"ne":"nepali",
"new":"newari",
"ng":"ndonga",
"nia":"nias",
"nic":"nigeriläis-kongolainen kieli",
"niu":"niue",
"nl":"hollanti",
"nl_BE":"flaami",
"nn":"norjan nynorsk",
"no":"norja",
"nog":"nogai",
"non":"muinaisnorja",
"nqo":"n’ko",
"nr":"etelä-ndebele",
"nso":"pohjoissotho",
"nub":"nubialainen kieli",
"nv":"navajo",
"nwc":"klassinen newari",
"ny":"njandža",
"nym":"nyamwezi",
"nyn":"nyankole",
"nyo":"nyoro",
"nzi":"nzima",
"oc":"oksitaani",
"oj":"odžibwa",
"om":"oromo",
"or":"orija",
"os":"osseetti",
"osa":"osage",
"ota":"osmani",
"oto":"otomikieli",
"pa":"pandžabi",
"paa":"papualaiskieli",
"pag":"pangasinan",
"pal":"pahlavi",
"pam":"pampanga",
"pap":"papiamentu",
"pau":"palau",
"peo":"muinaispersia",
"phi":"filippiiniläiskieli",
"phn":"foinikia",
"pi":"paali",
"pl":"puola",
"pon":"pohnpei",
"pra":"prakritkieli",
"pro":"muinaisprovensaali",
"ps":"paštu",
"pt":"portugali",
"pt_BR":"brasilianportugali",
"pt_PT":"portugalinportugali",
"qu":"ketšua",
"raj":"radžastani",
"rap":"rapanui",
"rar":"rarotonga",
"rm":"retoromaani",
"rn":"rundi",
"ro":"romania",
"roa":"romaaninen kieli",
"rof":"rombo",
"rom":"romani",
"root":"juuri",
"ru":"venäjä",
"rup":"aromania",
"rw":"ruanda",
"rwk":"rwa",
"sa":"sanskrit",
"sad":"sandawe",
"sah":"jakuutti",
"sai":"eteläamerikkalainen intiaanikieli",
"sal":"sališilainen kieli",
"sam":"samarianaramea",
"sas":"sasak",
"sat":"santali",
"sc":"sardi",
"scn":"sisilia",
"sco":"skotti",
"sd":"sindhi",
"se":"pohjoissaame",
"sel":"selkuppi",
"sem":"seemiläinen kieli",
"sg":"sango",
"sga":"muinaisiiri",
"sgn":"viittomakieli",
"sh":"serbokroaatti",
"shn":"shan",
"si":"sinhala",
"sid":"sidamo",
"sio":"siouxkieli",
"sit":"sinotiibetiläinen kieli",
"sk":"slovakki",
"sl":"sloveeni",
"sla":"slaavilainen kieli",
"sm":"samoa",
"sma":"eteläsaame",
"smi":"saamelaiskieli",
"smj":"luulajansaame",
"smn":"inarinsaame",
"sms":"koltansaame",
"sn":"šona",
"snk":"soninke",
"so":"somali",
"sog":"sogdi",
"son":"songhaikieli",
"sq":"albania",
"sr":"serbia",
"srn":"sranan",
"srr":"serer",
"ss":"swazi",
"ssa":"niililäis-saharalainen kieli",
"st":"eteläsotho",
"su":"sunda",
"suk":"sukuma",
"sus":"susu",
"sux":"sumeri",
"sv":"ruotsi",
"sw":"swahili",
"swb":"komori",
"syc":"muinaissyyria",
"syr":"syyria",
"ta":"tamili",
"tai":"thaikieli",
"te":"telugu",
"tem":"temne",
"ter":"tereno",
"tet":"tetum",
"tg":"tadžikki",
"th":"thai",
"ti":"tigrinja",
"tig":"tigre",
"tiv":"tiv",
"tk":"turkmeeni",
"tkl":"tokelau",
"tl":"tagalog",
"tlh":"klingon",
"tli":"tlingit",
"tmh":"tamašek",
"tn":"tswana",
"to":"tongantonga",
"tog":"malawintonga",
"tpi":"tok-pisin",
"tr":"turkki",
"ts":"tsonga",
"tsi":"tsimši",
"tt":"tataari",
"tum":"tumbuka",
"tup":"tupikieli",
"tut":"altailainen kieli",
"tvl":"tuvalu",
"tw":"twi",
"ty":"tahiti",
"tyv":"tuva",
"udm":"udmurtti",
"ug":"uiguuri",
"uga":"ugarit",
"uk":"ukraina",
"umb":"mbundu",
"und":"määrittämätön kieli",
"ur":"urdu",
"uz":"uzbekki",
"vai":"vai",
"ve":"venda",
"vi":"vietnam",
"vo":"volapük",
"vot":"vatja",
"wa":"valloni",
"wae":"walser",
"wak":"wakashkieli",
"wal":"wolaitta",
"war":"waray",
"was":"washo",
"wen":"sorbikieli",
"wo":"wolof",
"xal":"kalmukki",
"xh":"xhosa",
"yao":"jao",
"yap":"japi",
"yi":"jiddiš",
"yo":"joruba",
"ypk":"jupikkikieli",
"yue":"kantoninkiina",
"za":"zhuang",
"zap":"zapoteekki",
"zbl":"blisskieli",
"zen":"zenaga",
"zh":"kiina",
"zh_Hans":"yksinkertaistettu kiina",
"zh_Hant":"perinteinen kiina",
"znd":"zandekieli",
"zu":"zulu",
"zun":"zuni",
"zxx":"ei kielellistä sisältöä",
"zza":"zaza"
},
"scripts":{
"Arab":"arabialainen",
"Armi":"valtakunnanaramealainen",
"Armn":"armenialainen",
"Avst":"avestalainen",
"Bali":"balilainen",
"Batk":"batakilainen",
"Beng":"bengalilainen",
"Blis":"bliss-symbolit",
"Bopo":"bopomofo",
"Brah":"brahmi",
"Brai":"braille-pistekirjoitus",
"Bugi":"bugilainen",
"Buhd":"buhidilainen",
"Cakm":"chakmalainen",
"Cans":"kanadalaisten alkuperäiskansojen yhtenäistetty tavukirjoitus",
"Cari":"kaarialainen",
"Cham":"tšamilainen",
"Cher":"cherokeelainen",
"Cirt":"cirth",
"Copt":"koptilainen",
"Cprt":"muinaiskyproslainen",
"Cyrl":"kyrillinen",
"Cyrs":"kyrillinen muinaiskirkkoslaavimuunnelma",
"Deva":"devanagari",
"Dsrt":"deseret",
"Egyd":"egyptiläinen demoottinen",
"Egyh":"egyptiläinen hieraattinen",
"Egyp":"egyptiläiset hieroglyfit",
"Ethi":"etiopialainen",
"Geok":"muinaisgeorgialainen",
"Geor":"georgialainen",
"Glag":"glagoliittinen",
"Goth":"goottilainen",
"Grek":"kreikkalainen",
"Gujr":"gudžaratilainen",
"Guru":"gurmukhi",
"Hang":"hangul",
"Hani":"kiinalainen han",
"Hano":"hanunoolainen",
"Hans":"kiinalainen yksinkertaistettu han",
"Hant":"kiinalainen perinteinen han",
"Hebr":"heprealainen",
"Hira":"hiragana",
"Hmng":"pahawh hmong",
"Hrkt":"hiragana tai katakana",
"Hung":"muinaisunkarilainen",
"Inds":"induslainen",
"Ital":"muinaisitalialainen",
"Java":"jaavalainen",
"Jpan":"japanilainen",
"Kali":"kayah li",
"Kana":"katakana",
"Khar":"kharosthi",
"Khmr":"khmeriläinen",
"Knda":"kannadalainen",
"Kore":"korealainen",
"Kthi":"kaithi",
"Lana":"lanna",
"Laoo":"laolainen",
"Latf":"latinalainen fraktuuramuunnelma",
"Latg":"latinalainen gaelimuunnelma",
"Latn":"latinalainen",
"Lepc":"lepchalainen",
"Limb":"limbulainen",
"Lina":"lineaari-A",
"Linb":"lineaari-B",
"Lyci":"lyykialainen",
"Lydi":"lyydialainen",
"Mand":"mandealainen",
"Mani":"manikealainen",
"Maya":"maya-hieroglyfit",
"Mero":"meroiittinen",
"Mlym":"malajalamilainen",
"Mong":"mongolilainen",
"Moon":"moon-kohokirjoitus",
"Mtei":"meitei",
"Mymr":"burmalainen",
"Nkoo":"n'ko",
"Ogam":"ogam",
"Olck":"ol chiki",
"Orkh":"orkhon",
"Orya":"orijalainen",
"Osma":"osmanjalainen",
"Perm":"muinaispermiläinen",
"Phag":"phags-pa",
"Phli":"piirtokirjoituspahlavilainen",
"Phlp":"psalttaripahlavilainen",
"Phlv":"kirjapahlavilainen",
"Phnx":"foinikialainen",
"Plrd":"Pollardin foneettinen",
"Prti":"piirtokirjoitusparthialainen",
"Rjng":"rejang",
"Roro":"rongorongo",
"Runr":"riimukirjoitus",
"Samr":"samarianaramealainen",
"Sara":"sarati",
"Saur":"saurashtra",
"Sgnw":"SignWriting",
"Shaw":"shaw’lainen",
"Sinh":"sinhalilainen",
"Sund":"sundalainen",
"Sylo":"syloti nagri",
"Syrc":"syyrialainen",
"Syre":"syyrialainen estrangelo-muunnelma",
"Syrj":"syyrialainen läntinen muunnelma",
"Syrn":"syyrialainen itäinen muunnelma",
"Tagb":"tagbanwalainen",
"Tale":"tailelainen",
"Talu":"uusi tailuelainen",
"Taml":"tamililainen",
"Tavt":"tai viet",
"Telu":"telugulainen",
"Teng":"tengwar",
"Tfng":"tifinagh",
"Tglg":"tagalogilainen",
"Thaa":"thaana",
"Thai":"thailainen",
"Tibt":"tiibetiläinen",
"Ugar":"ugaritilainen",
"Vaii":"vailainen",
"Visp":"näkyvä puhe",
"Xpeo":"muinaispersialainen",
"Xsux":"sumerilais-akkadilainen nuolenpääkirjoitus",
"Yiii":"yiläinen",
"Zinh":"peritty",
"Zmth":"matemaattinen",
"Zsym":"symbolit",
"Zxxx":"kirjoittamaton",
"Zyyy":"määrittämätön",
"Zzzz":"tuntematon tai virheellinen kirjoitusjärjestelmä"
},
"territories":{
"001":"maailma",
"002":"Afrikka",
"003":"Pohjois-Amerikka",
"005":"Etelä-Amerikka",
"009":"Oseania",
"011":"Länsi-Afrikka",
"013":"Väli-Amerikka",
"014":"Itä-Afrikka",
"015":"Pohjois-Afrikka",
"017":"Keski-Afrikka",
"018":"eteläinen Afrikka",
"019":"Amerikka",
"021":"pohjoinen Amerikka",
"029":"Karibia",
"030":"Itä-Aasia",
"034":"Etelä-Aasia",
"035":"Kaakkois-Aasia",
"039":"Etelä-Eurooppa",
"053":"Australia ja Uusi-Seelanti",
"054":"Melanesia",
"057":"Mikronesia",
"061":"Polynesia",
"062":"Etelä- ja Keski-Aasia",
"142":"Aasia",
"143":"Keski-Aasia",
"145":"Länsi-Aasia",
"150":"Eurooppa",
"151":"Itä-Eurooppa",
"154":"Pohjois-Eurooppa",
"155":"Länsi-Eurooppa",
"172":"Itsenäisten valtioiden yhteisö",
"419":"Latinalainen Amerikka",
"830":"Kanaalisaaret",
"AC":"Ascension-saari",
"AD":"Andorra",
"AE":"Arabiemiirikunnat",
"AF":"Afganistan",
"AG":"Antigua ja Barbuda",
"AI":"Anguilla",
"AL":"Albania",
"AM":"Armenia",
"AN":"Alankomaiden Antillit",
"AO":"Angola",
"AQ":"Antarktis",
"AR":"Argentiina",
"AS":"Amerikan Samoa",
"AT":"Itävalta",
"AU":"Australia",
"AW":"Aruba",
"AX":"Ahvenanmaa",
"AZ":"Azerbaidžan",
"BA":"Bosnia ja Hertsegovina",
"BB":"Barbados",
"BD":"Bangladesh",
"BE":"Belgia",
"BF":"Burkina Faso",
"BG":"Bulgaria",
"BH":"Bahrain",
"BI":"Burundi",
"BJ":"Benin",
"BL":"Saint-Barthélemy",
"BM":"Bermuda",
"BN":"Brunei",
"BO":"Bolivia",
"BR":"Brasilia",
"BS":"Bahama",
"BT":"Bhutan",
"BV":"Bouvet’nsaari",
"BW":"Botswana",
"BY":"Valko-Venäjä",
"BZ":"Belize",
"CA":"Kanada",
"CC":"Kookossaaret",
"CD":"Kongon demokraattinen tasavalta",
"CF":"Keski-Afrikan tasavalta",
"CG":"Kongon tasavalta",
"CH":"Sveitsi",
"CI":"Norsunluurannikko",
"CK":"Cookinsaaret",
"CL":"Chile",
"CM":"Kamerun",
"CN":"Kiina",
"CO":"Kolumbia",
"CP":"Clippertoninsaari",
"CR":"Costa Rica",
"CS":"Serbia ja Montenegro",
"CU":"Kuuba",
"CV":"Kap Verde",
"CX":"Joulusaari",
"CY":"Kypros",
"CZ":"Tšekki",
"DE":"Saksa",
"DG":"Diego Garcia",
"DJ":"Djibouti",
"DK":"Tanska",
"DM":"Dominica",
"DO":"Dominikaaninen tasavalta",
"DZ":"Algeria",
"EA":"Ceuta ja Melilla",
"EC":"Ecuador",
"EE":"Viro",
"EG":"Egypti",
"EH":"Länsi-Sahara",
"ER":"Eritrea",
"ES":"Espanja",
"ET":"Etiopia",
"FI":"Suomi",
"FJ":"Fidži",
"FK":"Falklandinsaaret",
"FM":"Mikronesian liittovaltio",
"FO":"Färsaaret",
"FR":"Ranska",
"FX":"Ranskan Eurooppaan kuuluvat osat",
"GA":"Gabon",
"GB":"Britannia",
"GD":"Grenada",
"GE":"Georgia",
"GF":"Ranskan Guayana",
"GG":"Guernsey",
"GH":"Ghana",
"GI":"Gibraltar",
"GL":"Grönlanti",
"GM":"Gambia",
"GN":"Guinea",
"GP":"Guadeloupe",
"GQ":"Päiväntasaajan Guinea",
"GR":"Kreikka",
"GS":"Etelä-Georgia ja Eteläiset Sandwichsaaret",
"GT":"Guatemala",
"GU":"Guam",
"GW":"Guinea-Bissau",
"GY":"Guyana",
"HK":"Hongkong – Kiinan e.h.a.",
"HM":"Heard- ja McDonaldinsaaret",
"HN":"Honduras",
"HR":"Kroatia",
"HT":"Haiti",
"HU":"Unkari",
"IC":"Kanariansaaret",
"ID":"Indonesia",
"IE":"Irlanti",
"IL":"Israel",
"IM":"Mansaari",
"IN":"Intia",
"IO":"Brittiläinen Intian valtameren alue",
"IQ":"Irak",
"IR":"Iran",
"IS":"Islanti",
"IT":"Italia",
"JE":"Jersey",
"JM":"Jamaika",
"JO":"Jordania",
"JP":"Japani",
"KE":"Kenia",
"KG":"Kirgisia",
"KH":"Kambodža",
"KI":"Kiribati",
"KM":"Komorit",
"KN":"Saint Kitts ja Nevis",
"KP":"Pohjois-Korea",
"KR":"Etelä-Korea",
"KW":"Kuwait",
"KY":"Caymansaaret",
"KZ":"Kazakstan",
"LA":"Laos",
"LB":"Libanon",
"LC":"Saint Lucia",
"LI":"Liechtenstein",
"LK":"Sri Lanka",
"LR":"Liberia",
"LS":"Lesotho",
"LT":"Liettua",
"LU":"Luxemburg",
"LV":"Latvia",
"LY":"Libya",
"MA":"Marokko",
"MC":"Monaco",
"MD":"Moldova",
"ME":"Montenegro",
"MF":"Saint-Martin",
"MG":"Madagaskar",
"MH":"Marshallinsaaret",
"MK":"Makedonia",
"ML":"Mali",
"MM":"Myanmar [Burma]",
"MN":"Mongolia",
"MO":"Macao – Kiinan e.h.a.",
"MP":"Pohjois-Mariaanit",
"MQ":"Martinique",
"MR":"Mauritania",
"MS":"Montserrat",
"MT":"Malta",
"MU":"Mauritius",
"MV":"Malediivit",
"MW":"Malawi",
"MX":"Meksiko",
"MY":"Malesia",
"MZ":"Mosambik",
"NA":"Namibia",
"NC":"Uusi-Kaledonia",
"NE":"Niger",
"NF":"Norfolkinsaari",
"NG":"Nigeria",
"NI":"Nicaragua",
"NL":"Alankomaat",
"NO":"Norja",
"NP":"Nepal",
"NR":"Nauru",
"NU":"Niue",
"NZ":"Uusi-Seelanti",
"OM":"Oman",
"PA":"Panama",
"PE":"Peru",
"PF":"Ranskan Polynesia",
"PG":"Papua-Uusi-Guinea",
"PH":"Filippiinit",
"PK":"Pakistan",
"PL":"Puola",
"PM":"Saint-Pierre ja Miquelon",
"PN":"Pitcairn",
"PR":"Puerto Rico",
"PS":"Palestiina",
"PT":"Portugali",
"PW":"Palau",
"PY":"Paraguay",
"QA":"Qatar",
"QO":"ulkomeri",
"RE":"Réunion",
"RO":"Romania",
"RS":"Serbia",
"RU":"Venäjä",
"RW":"Ruanda",
"SA":"Saudi-Arabia",
"SB":"Salomonsaaret",
"SC":"Seychellit",
"SD":"Sudan",
"SE":"Ruotsi",
"SG":"Singapore",
"SH":"Saint Helena",
"SI":"Slovenia",
"SJ":"Huippuvuoret ja Jan Mayen",
"SK":"Slovakia",
"SL":"Sierra Leone",
"SM":"San Marino",
"SN":"Senegal",
"SO":"Somalia",
"SR":"Surinam",
"ST":"São Tomé ja Príncipe",
"SV":"El Salvador",
"SY":"Syyria",
"SZ":"Swazimaa",
"TA":"Tristan da Cunha",
"TC":"Turks- ja Caicossaaret",
"TD":"Tšad",
"TF":"Ranskan ulkopuoliset eteläiset alueet",
"TG":"Togo",
"TH":"Thaimaa",
"TJ":"Tadžikistan",
"TK":"Tokelau",
"TL":"Itä-Timor",
"TM":"Turkmenistan",
"TN":"Tunisia",
"TO":"Tonga",
"TR":"Turkki",
"TT":"Trinidad ja Tobago",
"TV":"Tuvalu",
"TW":"Taiwan",
"TZ":"Tansania",
"UA":"Ukraina",
"UG":"Uganda",
"UM":"Yhdysvaltain pienet erillissaaret",
"US":"Yhdysvallat",
"UY":"Uruguay",
"UZ":"Uzbekistan",
"VA":"Vatikaani",
"VC":"Saint Vincent ja Grenadiinit",
"VE":"Venezuela",
"VG":"Brittiläiset Neitsytsaaret",
"VI":"Yhdysvaltain Neitsytsaaret",
"VN":"Vietnam",
"VU":"Vanuatu",
"WF":"Wallis ja Futuna",
"WS":"Samoa",
"YE":"Jemen",
"YT":"Mayotte",
"ZA":"Etelä-Afrikka",
"ZM":"Sambia",
"ZW":"Zimbabwe",
"ZZ":"tuntematon tai virheellinen alue"
},
"orientation":"left-to-right",
"dateFormat-full":"cccc, d. MMMM y",
"dateFormat-long":"d. MMMM y",
"dateFormat-medium":"d.M.yyyy",
"dateFormat-short":"d.M.yyyy",
"timeFormat-full":"H.mm.ss zzzz",
"timeFormat-long":"H.mm.ss z",
"timeFormat-medium":"H.mm.ss",
"timeFormat-short":"H.mm",
"dateTimeFormat-full":"{1} {0}",
"dateTimeFormat-long":"{1} {0}",
"dateTimeFormat-medium":"{1} {0}",
"dateTimeFormat-short":"{1} {0}",
"months-defaultContext":"format",
"months-defaultWidth":"wide",
"months-format-abbreviated":[
"tammikuuta",
"helmikuuta",
"maaliskuuta",
"huhtikuuta",
"toukokuuta",
"kesäkuuta",
"heinäkuuta",
"elokuuta",
"syyskuuta",
"lokakuuta",
"marraskuuta",
"joulukuuta"],
"months-format-narrow":[
"T",
"H",
"M",
"H",
"T",
"K",
"H",
"E",
"S",
"L",
"M",
"J"],
"months-format-wide":[
"tammikuuta",
"helmikuuta",
"maaliskuuta",
"huhtikuuta",
"toukokuuta",
"kesäkuuta",
"heinäkuuta",
"elokuuta",
"syyskuuta",
"lokakuuta",
"marraskuuta",
"joulukuuta"],
"months-standAlone-abbreviated":[
"tammi",
"helmi",
"maalis",
"huhti",
"touko",
"kesä",
"heinä",
"elo",
"syys",
"loka",
"marras",
"joulu"],
"months-standAlone-narrow":[
"T",
"H",
"M",
"H",
"T",
"K",
"H",
"E",
"S",
"L",
"M",
"J"],
"months-standAlone-wide":[
"tammikuu",
"helmikuu",
"maaliskuu",
"huhtikuu",
"toukokuu",
"kesäkuu",
"heinäkuu",
"elokuu",
"syyskuu",
"lokakuu",
"marraskuu",
"joulukuu"],
"days-defaultContext":"format",
"days-defaultWidth":"wide",
"days-format-abbreviated":[
"su",
"ma",
"ti",
"ke",
"to",
"pe",
"la"],
"days-format-narrow":[
"S",
"M",
"T",
"K",
"T",
"P",
"L"],
"days-format-wide":[
"sunnuntaina",
"maanantaina",
"tiistaina",
"keskiviikkona",
"torstaina",
"perjantaina",
"lauantaina"],
"days-standAlone-abbreviated":[
"su",
"ma",
"ti",
"ke",
"to",
"pe",
"la"],
"days-standAlone-narrow":[
"S",
"M",
"T",
"K",
"T",
"P",
"L"],
"days-standAlone-wide":[
"sunnuntai",
"maanantai",
"tiistai",
"keskiviikko",
"torstai",
"perjantai",
"lauantai"],
"quarters-format-abbreviated":[
"1. nelj.",
"2. nelj.",
"3. nelj.",
"4. nelj."],
"quarters-format-narrow":[
"1",
"2",
"3",
"4"],
"quarters-format-wide":[
"1. neljännes",
"2. neljännes",
"3. neljännes",
"4. neljännes"],
"quarters-standAlone-abbreviated":[
"1. nelj.",
"2. nelj.",
"3. nelj.",
"4. nelj."],
"quarters-standAlone-narrow":[
"1",
"2",
"3",
"4"],
"quarters-standAlone-wide":[
"1. neljännes",
"2. neljännes",
"3. neljännes",
"4. neljännes"],
"dayPeriods-format-abbreviated":[
"ap.",
"ip."],
"dayPeriods-format-narrow":[
"ap.",
"ip."],
"dayPeriods-format-wide":[
"ap.",
"ip."],
"dayPeriods-standAlone-abbreviated":[
"ap.",
"ip."],
"dayPeriods-standAlone-narrow":[
"ap.",
"ip."],
"dayPeriods-standAlone-wide":[
"ap.",
"ip."],
"decimalFormat":{
"standard":"#,##0.###"},
"decimalFormat-short":{
"1000":"0.0 K",
"10000":"00 K",
"100000":"000 K",
"1000000":"0.0 M",
"10000000":"00 M",
"100000000":"000 M",
"1000000000":"0.0 G",
"10000000000":"00 G",
"100000000000":"000 G",
"1000000000000":"0.0 T",
"10000000000000":"00 T",
"100000000000000":"000 T"},
"scientificFormat":{
"standard":"#E0"},
"percentFormat":{
"standard":"#,##0 %"},
"currencyFormat":{
"standard":"#,##0.00 ¤"},
"symbols-latn-decimal":",",
"symbols-latn-group":" ",
"symbols-latn-list":";",
"symbols-latn-percentSign":"%",
"symbols-latn-plusSign":"+",
"symbols-latn-minusSign":"-",
"symbols-latn-exponential":"E",
"symbols-latn-perMille":"‰",
"symbols-latn-infinity":"∞",
"symbols-latn-nan":"epäluku",
"weekData-minDays":4,
"weekData-firstDay":1,
"weekData-weekendStart":6,
"weekData-weekendEnd":0
}