{
"languages":{
"aa":"afar",
"ab":"abkhaze",
"ace":"aceh",
"ach":"acoli",
"ada":"adangme",
"ady":"adyghéen",
"ae":"avestique",
"af":"afrikaans",
"afa":"langue afro-asiatique",
"afh":"afrihili",
"agq":"aghem",
"ain":"aïnou",
"ak":"akan",
"akk":"akkadien",
"ale":"aléoute",
"alg":"langue algonquienne",
"alt":"altaï du Sud",
"am":"amharique",
"an":"aragonais",
"ang":"ancien anglais",
"anp":"angika",
"apa":"langue apache",
"ar":"arabe",
"arc":"araméen",
"arn":"araukan",
"arp":"arapaho",
"art":"langue artificielle",
"arw":"arawak",
"as":"assamais",
"asa":"asou (Tanzania)",
"ast":"asturien",
"ath":"langue athapascane",
"aus":"langue australienne",
"av":"avar",
"awa":"awadhi",
"ay":"aymara",
"az":"azéri",
"ba":"bachkir",
"bad":"banda",
"bai":"langue bamilékée",
"bal":"baloutchi",
"ban":"balinais",
"bas":"bassa",
"bat":"langue balte",
"be":"biélorusse",
"bej":"bedja",
"bem":"bemba",
"ber":"berbère",
"bez":"bena (Tanzania)",
"bg":"bulgare",
"bh":"bihari",
"bho":"bhojpuri",
"bi":"bichelamar",
"bik":"bikol",
"bin":"bini",
"bla":"siksika",
"bm":"bambara",
"bn":"bengali",
"bnt":"bantou",
"bo":"tibétain",
"br":"breton",
"bra":"braj",
"brx":"bodo",
"bs":"bosniaque",
"btk":"batak",
"bua":"bouriate",
"bug":"bugi",
"byn":"blin",
"ca":"catalan",
"cad":"caddo",
"cai":"langue amérindienne centrale",
"car":"caribe",
"cau":"langue caucasienne",
"cch":"atsam",
"ce":"tchétchène",
"ceb":"cebuano",
"cel":"langue celtique",
"ch":"chamorro",
"chb":"chibcha",
"chg":"tchaghataï",
"chk":"chuuk",
"chm":"mari",
"chn":"jargon chinook",
"cho":"choctaw",
"chp":"chipewyan",
"chr":"cherokee",
"chy":"cheyenne",
"cmc":"langue chame",
"co":"corse",
"cop":"copte",
"cpe":"créole ou pidgin anglais",
"cpf":"créole ou pidgin français",
"cpp":"créole ou pidgin portugais",
"cr":"cree",
"crh":"turc de Crimée",
"crp":"créole ou pidgin",
"cs":"tchèque",
"csb":"kachoube",
"cu":"slavon d’église",
"cus":"langue couchitique",
"cv":"tchouvache",
"cy":"gallois",
"da":"danois",
"dak":"dakota",
"dar":"dargwa",
"day":"dayak",
"de":"allemand",
"de_AT":"allemand autrichien",
"de_CH":"allemand suisse",
"del":"delaware",
"den":"slavey",
"dgr":"dogrib",
"din":"dinka",
"doi":"dogri",
"dra":"langue dravidienne",
"dsb":"bas-sorabe",
"dua":"douala",
"dum":"moyen néerlandais",
"dv":"maldivien",
"dyo":"jola-foyi",
"dyu":"dioula",
"dz":"dzongkha",
"ebu":"embu",
"ee":"éwé",
"efi":"efik",
"egy":"égyptien ancien",
"eka":"ekajuk",
"el":"grec",
"elx":"élamite",
"en":"anglais",
"en_AU":"anglais australien",
"en_CA":"anglais canadien",
"en_GB":"anglais britannique",
"en_US":"anglais américain",
"enm":"moyen anglais",
"eo":"espéranto",
"es":"espagnol",
"es_419":"espagnol latino-américain",
"es_ES":"espagnol ibérique",
"et":"estonien",
"eu":"basque",
"ewo":"éwondo",
"fa":"persan",
"fan":"fang",
"fat":"fanti",
"ff":"peul",
"fi":"finnois",
"fil":"filipino",
"fiu":"langue finno-ougrienne",
"fj":"fidjien",
"fo":"féroïen",
"fon":"fon",
"fr":"français",
"fr_CA":"français canadien",
"fr_CH":"français suisse",
"frm":"moyen français",
"fro":"ancien français",
"frr":"frison du Nord",
"frs":"frison oriental",
"fur":"frioulan",
"fy":"frison",
"ga":"irlandais",
"gaa":"ga",
"gay":"gayo",
"gba":"gbaya",
"gd":"gaélique écossais",
"gem":"langue germanique",
"gez":"guèze",
"gil":"gilbertais",
"gl":"galicien",
"gmh":"moyen haut-allemand",
"gn":"guarani",
"goh":"ancien haut allemand",
"gon":"gondi",
"gor":"gorontalo",
"got":"gotique",
"grb":"grebo",
"grc":"grec ancien",
"gsw":"alémanique",
"gu":"goudjarâtî",
"gv":"manx",
"gwi":"gwichʼin",
"ha":"haoussa",
"hai":"haida",
"haw":"hawaïen",
"he":"hébreu",
"hi":"hindi",
"hil":"hiligaynon",
"him":"himachali",
"hit":"hittite",
"hmn":"hmong",
"ho":"hiri motu",
"hr":"croate",
"hsb":"haut-sorabe",
"ht":"haïtien",
"hu":"hongrois",
"hup":"hupa",
"hy":"arménien",
"hz":"héréro",
"ia":"interlingua",
"iba":"iban",
"id":"indonésien",
"ie":"interlingue",
"ig":"igbo",
"ii":"yi de Sichuan",
"ijo":"ijo",
"ik":"inupiaq",
"ilo":"ilokano",
"inc":"langue indo-aryenne",
"ine":"langue indo-européenne",
"inh":"ingouche",
"io":"ido",
"ira":"langue iranienne",
"iro":"langue iroquoienne",
"is":"islandais",
"it":"italien",
"iu":"inuktitut",
"ja":"japonais",
"jbo":"lojban",
"jpr":"judéo-persan",
"jrb":"judéo-arabe",
"jv":"javanais",
"ka":"géorgien",
"kaa":"karakalpak",
"kab":"kabyle",
"kac":"kachin",
"kaj":"jju",
"kam":"kamba",
"kar":"karen",
"kaw":"kawi",
"kbd":"kabardin",
"kcg":"tyap",
"kea":"capverdien",
"kfo":"koro",
"kg":"kongo",
"kha":"khasi",
"khi":"langue khoïsan",
"kho":"khotanais",
"ki":"kikuyu",
"kj":"kuanyama",
"kk":"kazakh",
"kl":"groenlandais",
"km":"khmer",
"kmb":"kiMboundou",
"kn":"kannada",
"ko":"coréen",
"kok":"konkani",
"kos":"kusaien",
"kpe":"kpellé",
"kr":"kanouri",
"krc":"karatchaï balkar",
"krl":"carélien",
"kro":"krou",
"kru":"kurukh",
"ks":"kâshmîrî",
"ksf":"bafia",
"ku":"kurde",
"kum":"koumyk",
"kut":"kutenai",
"kv":"komi",
"kw":"cornique",
"ky":"kirghize",
"la":"latin",
"lad":"ladino",
"lah":"lahnda",
"lam":"lamba",
"lb":"luxembourgeois",
"lez":"lezghien",
"lg":"ganda",
"li":"limbourgeois",
"ln":"lingala",
"lo":"lao",
"lol":"mongo",
"loz":"lozi",
"lt":"lituanien",
"lu":"luba-katanga",
"lua":"luba-lulua",
"lui":"luiseno",
"lun":"lunda",
"luo":"luo",
"lus":"lushai",
"luy":"oloulouyia",
"lv":"letton",
"mad":"madurais",
"mag":"magahi",
"mai":"maithili",
"mak":"makassar",
"man":"mandingue",
"map":"malayo-polynésien",
"mas":"masai",
"mdf":"moksa",
"mdr":"mandar",
"men":"mendé",
"mg":"malgache",
"mga":"moyen irlandais",
"mgh":"makhuwa-meetto",
"mh":"marshall",
"mi":"maori",
"mic":"micmac",
"min":"minangkabau",
"mis":"langue diverse",
"mk":"macédonien",
"mkh":"langue mon-khmère",
"ml":"malayalam",
"mn":"mongol",
"mnc":"mandchou",
"mni":"manipuri",
"mno":"langue manobo",
"mo":"moldave",
"moh":"mohawk",
"mos":"moré",
"mr":"marathe",
"ms":"malais",
"mt":"maltais",
"mua":"mundang",
"mul":"multilingue",
"mun":"langue mounda",
"mus":"creek",
"mwl":"mirandais",
"mwr":"marwarî",
"my":"birman",
"myn":"langue maya",
"myv":"erzya",
"na":"nauruan",
"nah":"nahuatl",
"nai":"langue amérindienne du Nord",
"nap":"napolitain",
"nb":"norvégien bokmål",
"nd":"ndébélé du Nord",
"nds":"bas-allemand",
"ne":"népalais",
"new":"newari",
"ng":"ndonga",
"nia":"nias",
"nic":"langue nigéro-congolaise",
"niu":"niué",
"nl":"néerlandais",
"nl_BE":"néerlandais belge",
"nmg":"kwasio",
"nn":"norvégien nynorsk",
"no":"norvégien",
"nog":"nogaï",
"non":"vieux norrois",
"nqo":"n’ko",
"nr":"ndébélé du Sud",
"nso":"sotho du Nord",
"nub":"langue nubienne",
"nus":"nuer",
"nv":"navaho",
"nwc":"newarî classique",
"ny":"nyanja",
"nym":"nyamwezi",
"nyn":"nyankolé",
"nyo":"nyoro",
"nzi":"nzema",
"oc":"occitan",
"oj":"ojibwa",
"om":"oromo",
"or":"oriya",
"os":"ossète",
"osa":"osage",
"ota":"turc ottoman",
"oto":"langue otomangue",
"pa":"pendjabi",
"paa":"langue papoue",
"pag":"pangasinan",
"pal":"pahlavi",
"pam":"pampangan",
"pap":"papiamento",
"pau":"palau",
"peo":"persan ancien",
"phi":"langue philippine",
"phn":"phénicien",
"pi":"pali",
"pl":"polonais",
"pon":"pohnpei",
"pra":"langues prâkrit",
"pro":"provençal ancien",
"ps":"pachto",
"pt":"portugais",
"pt_BR":"portugais brésilien",
"pt_PT":"portugais ibérique",
"qu":"langue quechua",
"raj":"rajasthani",
"rap":"rapanui",
"rar":"rarotongien",
"rm":"rhéto-roman",
"rn":"roundi",
"ro":"roumain",
"roa":"langue romane",
"rof":"rombo",
"rom":"tzigane",
"root":"racine",
"ru":"russe",
"rup":"valaque",
"rw":"rwanda",
"rwk":"rwa",
"sa":"sanskrit",
"sad":"sandawe",
"sah":"iakoute",
"sai":"langue amérindienne du Sud",
"sal":"langue salishenne",
"sam":"araméen samaritain",
"sas":"sasak",
"sat":"santal",
"sbp":"sangu",
"sc":"sarde",
"scn":"sicilien",
"sco":"écossais",
"sd":"sindhî",
"se":"sami du Nord",
"sel":"selkoupe",
"sem":"langue sémitique",
"sg":"sangho",
"sga":"ancien irlandais",
"sgn":"langue des signes",
"sh":"serbo-croate",
"shn":"shan",
"si":"singhalais",
"sid":"sidamo",
"sio":"langue sioux",
"sit":"langue sino-tibétaine",
"sk":"slovaque",
"sl":"slovène",
"sla":"langue slave",
"sm":"samoan",
"sma":"sami du Sud",
"smi":"langue samie",
"smj":"sami de Lule",
"smn":"sami d’Inari",
"sms":"sami skolt",
"sn":"shona",
"snk":"soninké",
"so":"somali",
"sog":"sogdien",
"son":"songhai",
"sq":"albanais",
"sr":"serbe",
"srn":"sranan tongo",
"srr":"sérère",
"ss":"swati",
"ssa":"langue nilo-saharienne",
"st":"sesotho",
"su":"soundanais",
"suk":"sukuma",
"sus":"soussou",
"sux":"sumérien",
"sv":"suédois",
"sw":"swahili",
"swb":"comorien",
"syc":"syriaque classique",
"syr":"syriaque",
"ta":"tamoul",
"tai":"langue taï",
"te":"télougou",
"tem":"temne",
"ter":"tereno",
"tet":"tetum",
"tg":"tadjik",
"th":"thaï",
"ti":"tigrigna",
"tig":"tigré",
"tiv":"tiv",
"tk":"turkmène",
"tkl":"tokelau",
"tl":"tagalog",
"tlh":"klingon",
"tli":"tlingit",
"tmh":"tamacheq",
"tn":"tswana",
"to":"tongan",
"tog":"tonga nyasa",
"tpi":"tok pisin",
"tr":"turc",
"ts":"tsonga",
"tsi":"tsimshian",
"tt":"tatar",
"tum":"tumbuka",
"tup":"langue tupi",
"tut":"langue altaïque",
"tvl":"tuvalu",
"tw":"twi",
"twq":"tasawaq",
"ty":"tahitien",
"tyv":"touva",
"udm":"oudmourte",
"ug":"ouïgour",
"uga":"ougaritique",
"uk":"ukrainien",
"umb":"umbundu",
"und":"indéterminé",
"ur":"ourdou",
"uz":"ouzbek",
"vai":"vaï",
"ve":"venda",
"vi":"vietnamien",
"vo":"volapuk",
"vot":"vote",
"wa":"wallon",
"wak":"langues wakashennes",
"wal":"walamo",
"war":"waray",
"was":"washo",
"wen":"langue sorabe",
"wo":"wolof",
"xal":"kalmouk",
"xh":"xhosa",
"yao":"yao",
"yap":"yapois",
"yav":"yangben",
"yi":"yiddish",
"yo":"yoruba",
"ypk":"langues yupik",
"yue":"cantonais",
"za":"zhuang",
"zap":"zapotèque",
"zbl":"symboles Bliss",
"zen":"zenaga",
"zh":"chinois",
"zh_Hans":"chinois simplifié",
"zh_Hant":"chinois traditionnel",
"znd":"zandé",
"zu":"zoulou",
"zun":"zuni",
"zxx":"sans contenu linguistique",
"zza":"zazaki"
},
"scripts":{
"Arab":"arabe",
"Armi":"araméen impérial",
"Armn":"arménien",
"Avst":"avestique",
"Bali":"balinais",
"Batk":"batak",
"Beng":"bengâglî",
"Blis":"symboles Bliss",
"Bopo":"bopomofo",
"Brah":"brâhmî",
"Brai":"braille",
"Bugi":"bouguis",
"Buhd":"bouhide",
"Cakm":"chakma",
"Cans":"syllabaire autochtone canadien unifié",
"Cari":"carien",
"Cham":"cham",
"Cher":"tchérokî",
"Cirt":"cirth",
"Copt":"copte",
"Cprt":"syllabaire chypriote",
"Cyrl":"cyrillique",
"Cyrs":"cyrillique (variante slavonne)",
"Deva":"dévanâgarî",
"Dsrt":"déséret",
"Egyd":"démotique égyptien",
"Egyh":"hiératique égyptien",
"Egyp":"hiéroglyphes égyptiens",
"Ethi":"éthiopique",
"Geok":"géorgien khoutsouri",
"Geor":"géorgien",
"Glag":"glagolitique",
"Goth":"gotique",
"Grek":"grec",
"Gujr":"goudjarâtî",
"Guru":"gourmoukhî",
"Hang":"hangûl",
"Hani":"idéogrammes han",
"Hano":"hanounóo",
"Hans":"idéogrammes han simplifiés",
"Hant":"idéogrammes han traditionnels",
"Hebr":"hébreu",
"Hira":"hiragana",
"Hmng":"pahawh hmong",
"Hrkt":"katakana ou hiragana",
"Hung":"ancien hongrois",
"Inds":"indus",
"Ital":"ancien italique",
"Java":"javanais",
"Jpan":"japonais",
"Kali":"kayah li",
"Kana":"katakana",
"Khar":"kharochthî",
"Khmr":"khmer",
"Knda":"kannara",
"Kore":"coréen",
"Kthi":"kaithî",
"Lana":"lanna",
"Laoo":"lao",
"Latf":"latin (variante brisée)",
"Latg":"latin (variante gaélique)",
"Latn":"latin",
"Lepc":"lepcha",
"Limb":"limbou",
"Lina":"linéaire A",
"Linb":"linéaire B",
"Lyci":"lycien",
"Lydi":"lydien",
"Mand":"mandéen",
"Mani":"manichéen",
"Maya":"hiéroglyphes mayas",
"Mero":"méroïtique",
"Mlym":"malayâlam",
"Mong":"mongol",
"Moon":"moon",
"Mtei":"meitei mayek",
"Mymr":"birman",
"Nkoo":"n’ko",
"Ogam":"ogam",
"Olck":"ol tchiki",
"Orkh":"orkhon",
"Orya":"oriyâ",
"Osma":"osmanais",
"Perm":"ancien permien",
"Phag":"phags pa",
"Phli":"pehlevi des inscriptions",
"Phlp":"pehlevi des psautiers",
"Phlv":"pehlevi des livres",
"Phnx":"phénicien",
"Plrd":"phonétique de Pollard",
"Prti":"parthe des inscriptions",
"Rjng":"rejang",
"Roro":"rongorongo",
"Runr":"runique",
"Samr":"samaritain",
"Sara":"sarati",
"Saur":"saurashtra",
"Sgnw":"écriture des signes",
"Shaw":"shavien",
"Sinh":"singhalais",
"Sund":"sundanais",
"Sylo":"sylotî nâgrî",
"Syrc":"syriaque",
"Syre":"syriaque estranghélo",
"Syrj":"syriaque occidental",
"Syrn":"syriaque oriental",
"Tagb":"tagbanoua",
"Tale":"taï-le",
"Talu":"nouveau taï-lue",
"Taml":"tamoul",
"Tavt":"taï viêt",
"Telu":"télougou",
"Teng":"tengwar",
"Tfng":"tifinagh",
"Tglg":"tagal",
"Thaa":"thâna",
"Thai":"thaï",
"Tibt":"tibétain",
"Ugar":"ougaritique",
"Vaii":"vaï",
"Visp":"parole visible",
"Xpeo":"cunéiforme persépolitain",
"Xsux":"cunéiforme suméro-akkadien",
"Yiii":"yi",
"Zinh":"hérité",
"Zmth":"notation mathématique",
"Zsym":"symboles",
"Zxxx":"non écrit",
"Zyyy":"commun",
"Zzzz":"écriture inconnue ou non valide"
},
"territories":{
"001":"Monde",
"002":"Afrique",
"003":"Amérique du Nord",
"005":"Amérique du Sud",
"009":"Océanie",
"011":"Afrique occidentale",
"013":"Amérique centrale",
"014":"Afrique orientale",
"015":"Afrique septentrionale",
"017":"Afrique centrale",
"018":"Afrique australe",
"019":"Amériques",
"021":"Amérique septentrionale",
"029":"Caraïbes",
"030":"Asie orientale",
"034":"Asie du Sud",
"035":"Asie du Sud-Est",
"039":"Europe méridionale",
"053":"Australie et Nouvelle-Zélande",
"054":"Mélanésie",
"057":"région micronésienne",
"061":"Polynésie",
"062":"Asie centrale et du Sud",
"142":"Asie",
"143":"Asie centrale",
"145":"Asie occidentale",
"150":"Europe",
"151":"Europe orientale",
"154":"Europe septentrionale",
"155":"Europe occidentale",
"172":"Communauté des États indépendants",
"419":"Amérique latine",
"830":"Îles Anglo-normandes",
"AC":"Île de l'Ascension",
"AD":"Andorre",
"AE":"Émirats arabes unis",
"AF":"Afghanistan",
"AG":"Antigua-et-Barbuda",
"AI":"Anguilla",
"AL":"Albanie",
"AM":"Arménie",
"AN":"Antilles néerlandaises",
"AO":"Angola",
"AQ":"Antarctique",
"AR":"Argentine",
"AS":"Samoa américaines",
"AT":"Autriche",
"AU":"Australie",
"AW":"Aruba",
"AX":"Îles Åland",
"AZ":"Azerbaïdjan",
"BA":"Bosnie-Herzégovine",
"BB":"Barbade",
"BD":"Bangladesh",
"BE":"Belgique",
"BF":"Burkina Faso",
"BG":"Bulgarie",
"BH":"Bahreïn",
"BI":"Burundi",
"BJ":"Bénin",
"BL":"Saint-Barthélémy",
"BM":"Bermudes",
"BN":"Brunéi Darussalam",
"BO":"Bolivie",
"BR":"Brésil",
"BS":"Bahamas",
"BT":"Bhoutan",
"BV":"Île Bouvet",
"BW":"Botswana",
"BY":"Bélarus",
"BZ":"Belize",
"CA":"Canada",
"CC":"Îles Cocos - Keeling",
"CD":"République démocratique du Congo",
"CF":"République centrafricaine",
"CG":"Congo-Brazzaville",
"CH":"Suisse",
"CI":"Côte d’Ivoire",
"CK":"Îles Cook",
"CL":"Chili",
"CM":"Cameroun",
"CN":"Chine",
"CO":"Colombie",
"CP":"Île Clipperton",
"CR":"Costa Rica",
"CS":"Serbie-et-Monténégro",
"CU":"Cuba",
"CV":"Cap-Vert",
"CX":"Île Christmas",
"CY":"Chypre",
"CZ":"République tchèque",
"DE":"Allemagne",
"DG":"Diego Garcia",
"DJ":"Djibouti",
"DK":"Danemark",
"DM":"Dominique",
"DO":"République dominicaine",
"DZ":"Algérie",
"EA":"Ceuta et Melilla",
"EC":"Équateur",
"EE":"Estonie",
"EG":"Égypte",
"EH":"Sahara occidental",
"ER":"Érythrée",
"ES":"Espagne",
"ET":"Éthiopie",
"EU":"Union européenne",
"FI":"Finlande",
"FJ":"Fidji",
"FK":"Îles Malouines",
"FM":"États fédérés de Micronésie",
"FO":"Îles Féroé",
"FR":"France",
"FX":"France métropolitaine",
"GA":"Gabon",
"GB":"Royaume-Uni",
"GD":"Grenade",
"GE":"Géorgie",
"GF":"Guyane française",
"GG":"Guernesey",
"GH":"Ghana",
"GI":"Gibraltar",
"GL":"Groenland",
"GM":"Gambie",
"GN":"Guinée",
"GP":"Guadeloupe",
"GQ":"Guinée équatoriale",
"GR":"Grèce",
"GS":"Géorgie du Sud et les îles Sandwich du Sud",
"GT":"Guatemala",
"GU":"Guam",
"GW":"Guinée-Bissau",
"GY":"Guyana",
"HK":"R.A.S. chinoise de Hong Kong",
"HM":"Îles Heard et MacDonald",
"HN":"Honduras",
"HR":"Croatie",
"HT":"Haïti",
"HU":"Hongrie",
"IC":"Îles Canaries",
"ID":"Indonésie",
"IE":"Irlande",
"IL":"Israël",
"IM":"Île de Man",
"IN":"Inde",
"IO":"Territoire britannique de l'océan Indien",
"IQ":"Irak",
"IR":"Iran",
"IS":"Islande",
"IT":"Italie",
"JE":"Jersey",
"JM":"Jamaïque",
"JO":"Jordanie",
"JP":"Japon",
"KE":"Kenya",
"KG":"Kirghizistan",
"KH":"Cambodge",
"KI":"Kiribati",
"KM":"Comores",
"KN":"Saint-Kitts-et-Nevis",
"KP":"Corée du Nord",
"KR":"Corée du Sud",
"KW":"Koweït",
"KY":"Îles Caïmans",
"KZ":"Kazakhstan",
"LA":"Laos",
"LB":"Liban",
"LC":"Sainte-Lucie",
"LI":"Liechtenstein",
"LK":"Sri Lanka",
"LR":"Libéria",
"LS":"Lesotho",
"LT":"Lituanie",
"LU":"Luxembourg",
"LV":"Lettonie",
"LY":"Libye",
"MA":"Maroc",
"MC":"Monaco",
"MD":"Moldavie",
"ME":"Monténégro",
"MF":"Saint-Martin",
"MG":"Madagascar",
"MH":"Îles Marshall",
"MK":"Macédoine",
"ML":"Mali",
"MM":"Myanmar",
"MN":"Mongolie",
"MO":"R.A.S. chinoise de Macao",
"MP":"Îles Mariannes du Nord",
"MQ":"Martinique",
"MR":"Mauritanie",
"MS":"Montserrat",
"MT":"Malte",
"MU":"Maurice",
"MV":"Maldives",
"MW":"Malawi",
"MX":"Mexique",
"MY":"Malaisie",
"MZ":"Mozambique",
"NA":"Namibie",
"NC":"Nouvelle-Calédonie",
"NE":"Niger",
"NF":"Île Norfolk",
"NG":"Nigéria",
"NI":"Nicaragua",
"NL":"Pays-Bas",
"NO":"Norvège",
"NP":"Népal",
"NR":"Nauru",
"NU":"Niue",
"NZ":"Nouvelle-Zélande",
"OM":"Oman",
"PA":"Panama",
"PE":"Pérou",
"PF":"Polynésie française",
"PG":"Papouasie-Nouvelle-Guinée",
"PH":"Philippines",
"PK":"Pakistan",
"PL":"Pologne",
"PM":"Saint-Pierre-et-Miquelon",
"PN":"Pitcairn",
"PR":"Porto Rico",
"PS":"Territoire palestinien",
"PT":"Portugal",
"PW":"Palaos",
"PY":"Paraguay",
"QA":"Qatar",
"QO":"régions éloignées de l’Océanie",
"RE":"Réunion",
"RO":"Roumanie",
"RS":"Serbie",
"RU":"Russie",
"RW":"Rwanda",
"SA":"Arabie saoudite",
"SB":"Îles Salomon",
"SC":"Seychelles",
"SD":"Soudan",
"SE":"Suède",
"SG":"Singapour",
"SH":"Sainte-Hélène",
"SI":"Slovénie",
"SJ":"Svalbard et Île Jan Mayen",
"SK":"Slovaquie",
"SL":"Sierra Leone",
"SM":"Saint-Marin",
"SN":"Sénégal",
"SO":"Somalie",
"SR":"Suriname",
"ST":"Sao Tomé-et-Principe",
"SV":"El Salvador",
"SY":"Syrie",
"SZ":"Swaziland",
"TA":"Tristan da Cunha",
"TC":"Îles Turks et Caïques",
"TD":"Tchad",
"TF":"Terres australes françaises",
"TG":"Togo",
"TH":"Thaïlande",
"TJ":"Tadjikistan",
"TK":"Tokelau",
"TL":"Timor oriental",
"TM":"Turkménistan",
"TN":"Tunisie",
"TO":"Tonga",
"TR":"Turquie",
"TT":"Trinité-et-Tobago",
"TV":"Tuvalu",
"TW":"Taïwan",
"TZ":"Tanzanie",
"UA":"Ukraine",
"UG":"Ouganda",
"UM":"Îles Mineures Éloignées des États-Unis",
"US":"États-Unis",
"UY":"Uruguay",
"UZ":"Ouzbékistan",
"VA":"État de la Cité du Vatican",
"VC":"Saint-Vincent-et-les Grenadines",
"VE":"Venezuela",
"VG":"Îles Vierges britanniques",
"VI":"Îles Vierges des États-Unis",
"VN":"Viêt Nam",
"VU":"Vanuatu",
"WF":"Wallis-et-Futuna",
"WS":"Samoa",
"YE":"Yémen",
"YT":"Mayotte",
"ZA":"Afrique du Sud",
"ZM":"Zambie",
"ZW":"Zimbabwe",
"ZZ":"région indéterminée"
},
"orientation":"left-to-right",
"dateFormat-full":"EEEE, d MMMM y",
"dateFormat-long":"d MMMM y",
"dateFormat-medium":"d MMM y",
"dateFormat-short":"dd.MM.yy",
"timeFormat-full":"HH.mm:ss 'h' zzzz",
"timeFormat-long":"HH:mm:ss z",
"timeFormat-medium":"HH:mm:ss",
"timeFormat-short":"HH:mm",
"dateTimeFormat-full":"{1} {0}",
"dateTimeFormat-long":"{1} {0}",
"dateTimeFormat-medium":"{1} {0}",
"dateTimeFormat-short":"{1} {0}",
"months-defaultContext":"format",
"months-defaultWidth":"wide",
"months-format-abbreviated":[
"janv.",
"févr.",
"mars",
"avr.",
"mai",
"juin",
"juil.",
"août",
"sept.",
"oct.",
"nov.",
"déc."],
"months-format-narrow":[
"J",
"F",
"M",
"A",
"M",
"J",
"J",
"A",
"S",
"O",
"N",
"D"],
"months-format-wide":[
"janvier",
"février",
"mars",
"avril",
"mai",
"juin",
"juillet",
"août",
"septembre",
"octobre",
"novembre",
"décembre"],
"months-standAlone-abbreviated":[
"janv.",
"févr.",
"mars",
"avr.",
"mai",
"juin",
"juil.",
"août",
"sept.",
"oct.",
"nov.",
"déc."],
"months-standAlone-narrow":[
"J",
"F",
"M",
"A",
"M",
"J",
"J",
"A",
"S",
"O",
"N",
"D"],
"months-standAlone-wide":[
"janvier",
"février",
"mars",
"avril",
"mai",
"juin",
"juillet",
"août",
"septembre",
"octobre",
"novembre",
"décembre"],
"days-defaultContext":"format",
"days-defaultWidth":"wide",
"days-format-abbreviated":[
"dim.",
"lun.",
"mar.",
"mer.",
"jeu.",
"ven.",
"sam."],
"days-format-narrow":[
"D",
"L",
"M",
"M",
"J",
"V",
"S"],
"days-format-wide":[
"dimanche",
"lundi",
"mardi",
"mercredi",
"jeudi",
"vendredi",
"samedi"],
"days-standAlone-abbreviated":[
"dim.",
"lun.",
"mar.",
"mer.",
"jeu.",
"ven.",
"sam."],
"days-standAlone-narrow":[
"D",
"L",
"M",
"M",
"J",
"V",
"S"],
"days-standAlone-wide":[
"dimanche",
"lundi",
"mardi",
"mercredi",
"jeudi",
"vendredi",
"samedi"],
"quarters-format-abbreviated":[
"T1",
"T2",
"T3",
"T4"],
"quarters-format-narrow":[
"T1",
"T2",
"T3",
"T4"],
"quarters-format-wide":[
"1er trimestre",
"2e trimestre",
"3e trimestre",
"4e trimestre"],
"quarters-standAlone-abbreviated":[
"T1",
"T2",
"T3",
"T4"],
"quarters-standAlone-narrow":[
"T1",
"T2",
"T3",
"T4"],
"quarters-standAlone-wide":[
"1er trimestre",
"2e trimestre",
"3e trimestre",
"4e trimestre"],
"dayPeriods-format-abbreviated":[
"AM",
"PM"],
"dayPeriods-format-narrow":[
"av.m.",
"p"],
"dayPeriods-format-wide":[
"AM",
"PM"],
"dayPeriods-standAlone-abbreviated":[
"av.m.",
"ap.m."],
"dayPeriods-standAlone-narrow":[
"av.m.",
"p"],
"dayPeriods-standAlone-wide":[
"avant-midi",
"après-midi"],
"decimalFormat":{
"standard":"#,##0.###"},
"decimalFormat-short":{
"1000":"0.0 k",
"10000":"00 k",
"100000":"000 k",
"1000000":"0.0 M",
"10000000":"00 M",
"100000000":"000 M",
"1000000000":"0.0 G",
"10000000000":"00 G",
"100000000000":"000 G",
"1000000000000":"0.0 T",
"10000000000000":"00 T",
"100000000000000":"000 T"},
"scientificFormat":{
"standard":"#E0"},
"percentFormat":{
"standard":"#,##0 %"},
"currencyFormat":{
"standard":"¤ #,##0.00;¤-#,##0.00"},
"symbols-latn-decimal":".",
"symbols-latn-group":"'",
"symbols-latn-list":";",
"symbols-latn-percentSign":"%",
"symbols-latn-plusSign":"+",
"symbols-latn-minusSign":"-",
"symbols-latn-exponential":"E",
"symbols-latn-perMille":"‰",
"symbols-latn-infinity":"∞",
"symbols-latn-nan":"NaN",
"weekData-minDays":4,
"weekData-firstDay":1,
"weekData-weekendStart":6,
"weekData-weekendEnd":0
}