{
"languages":{
"aa":"अफ़ार",
"ab":"अब्खाज़ियन्",
"ace":"अचाइनीस",
"ach":"अकोली",
"ada":"अदान्गमे",
"ady":"अदिघे",
"ae":"अवेस्तन",
"af":"अफ्रीकी",
"afa":"अफ्रो-एशियाई भाषाएँ",
"afh":"अफ्रिहिली",
"ain":"ऐनू",
"ak":"अकन",
"akk":"अक्केदिअन",
"ale":"अलेउत",
"alg":"एल्गोनक्युइअन भाषा",
"alt":"दक्षिणी अल्ताई",
"am":"अम्हारिक्",
"an":"अर्गोनी",
"ang":"पुरानी अंग्रेज़ी",
"anp":"अंगिका",
"apa":"अपाचे भाषा",
"ar":"अरबी",
"arc":"ऐरेमेक",
"arn":"एरोकैनियन",
"arp":"अराफाओ",
"art":"कृत्रिम भाषा",
"arw":"अरावक",
"as":"असामी",
"ast":"अस्तुरियन",
"ath":"अथापास्कान भाषा",
"aus":"आस्ट्रेलियाई भाषा",
"av":"अवेरिक",
"awa":"अवधी",
"ay":"आयमारा",
"az":"अज़रबैंजानी",
"ba":"बशख़िर",
"bad":"बांदा",
"bai":"बमिलेके भाषा",
"bal":"बलूची",
"ban":"बालिनीस",
"bas":"बसा",
"bat":"बाल्टिक भाषा",
"be":"बैलोरूशियन्",
"bej":"बेजा",
"bem":"बेम्बा",
"ber":"बरबर",
"bg":"बल्गेरियाई",
"bh":"बिहारी",
"bho":"भोजपुरी",
"bi":"बिस्लामा",
"bik":"बिकोल",
"bin":"बिनी",
"bla":"सिक्सिका",
"bm":"बाम्बारा",
"bn":"बँगाली",
"bnt":"बन्तु",
"bo":"तिब्बती",
"br":"ब्रेटन",
"bra":"ब्रज",
"bs":"बोस्नियाई",
"btk":"बताक",
"bua":"बुरियात",
"bug":"बगिनीस",
"byn":"ब्लिन",
"ca":"कातालान",
"cad":"कैड्डो",
"cai":"मध्य अमेरिकी इंडियन भाषा",
"car":"कैरिब",
"cau":"कॉकेशियन भाषा",
"cch":"अत्सम",
"ce":"चेचन",
"ceb":"सिबुआनो",
"cel":"केल्टिक भाषा",
"ch":"कमोरो",
"chb":"चिब्चा",
"chg":"छगाताई",
"chk":"चूकीस",
"chm":"मारी",
"chn":"चिनूक जारगॉन",
"cho":"चोक्तौ",
"chp":"शिपेव्यान",
"chr":"शेरूकी",
"chy":"शेयेन्न",
"cmc":"शैमिक भाषा",
"co":"कोर्सीकन",
"cop":"कॉप्टिक",
"cpe":"अंग्रेजी आधारित क्रेओल या पिजिन",
"cpf":"फ्रेंच आधारित क्रेओल या पिजिन",
"cpp":"पुर्तगाली आधारित क्रेओल या पिजिन",
"cr":"क्री",
"crh":"क्रीमीन तुर्की",
"crp":"क्रेओल या पिजिन",
"cs":"चेक",
"csb":"काशुबियन",
"cu":"चर्च साल्विक",
"cus":"कुशितिक भाषा",
"cv":"चूवाश",
"cy":"वेल्श",
"da":"डैनीश",
"dak":"दाकोता",
"dar":"दार्गवा",
"day":"दायक",
"de":"ज़र्मन",
"de_AT":"जर्मन (ऑस्ट्रिया)",
"de_CH":"स्विस हाई जर्मन",
"del":"डिलैवेयर",
"den":"स्लेव",
"dgr":"डोग्रिब",
"din":"दिन्का",
"doi":"डोग्री",
"dra":"द्रविण भाषा",
"dsb":"निचला सॉर्बियन",
"dua":"दुआला",
"dum":"मध्य पुर्तगाली",
"dv":"दिवेही",
"dyu":"ड्युला",
"dz":"ज़ोन्गखा",
"ee":"ईवे",
"efi":"एफिक",
"egy":"प्राचीन मिस्री",
"eka":"एकाजुक",
"el":"ग्रीक",
"elx":"एलामाइट",
"en":"अंग्रेजी",
"en_AU":"अंग्रेज़ी (ऑस्ट्रेलिया)",
"en_CA":"अंग्रेज़ी(कनाडाई)",
"en_GB":"अंग्रेजी(ब्रिटिश)",
"en_US":"अंग्रेज़ी अमेरीकी",
"enm":"मिडिल अंग्रजी",
"eo":"एस्पेरान्तो",
"es":"स्पेनिश",
"es_419":"लेटिन अमेरिकी स्पेनिश",
"es_ES":"ईवेरियाई स्पेनिश",
"et":"ऐस्तोनियन्",
"eu":"बास्क्",
"ewo":"इवोन्डो",
"fa":"पर्शियन्",
"fan":"फैन्ग",
"fat":"फन्टी",
"ff":"फुलाह",
"fi":"फिनिश",
"fil":"फिलिपिनो",
"fiu":"फिन्नो-उग्रीयन भाषा",
"fj":"फ़ीजी",
"fo":"फिरोज़ी",
"fon":"फॉन",
"fr":"फ्रेंच",
"fr_CA":"फ़्रेंच(कनाडाई)",
"fr_CH":"स्विस फ़्रेंच",
"frm":"मिडिल फ्रेंच",
"fro":"पुरानी फ्रांसीसी",
"frr":"उत्तरी फ्रीसीयन",
"frs":"पूर्वी फ्रीसीयन",
"fur":"फ्रीयुलीयान",
"fy":"पश्चिमी फ़्रिसियाई",
"ga":"आयरिश",
"gaa":"गा",
"gay":"गायो",
"gba":"ग्बाया",
"gd":"स्काट्स् गायेलिक्",
"gem":"जर्मनिक भाषा",
"gez":"गीज़",
"gil":"गिल्बरतीस",
"gl":"गैलिशियन्",
"gmh":"मध्यकालीन हाइ जर्मन",
"gn":"गुआरानी",
"goh":"पुरातन हाइ जर्मन",
"gon":"गाँडी",
"gor":"गोरोन्तालो",
"got":"गॉथिक",
"grb":"ग्रेबो",
"grc":"प्राचीन यूनानी",
"gsw":"स्विस जर्मन",
"gu":"गुज़राती",
"gv":"मैंक्स",
"gwi":"ग्विच'इन",
"ha":"होउसा",
"hai":"हैडा",
"haw":"हावाइयन",
"he":"हीब्रू",
"hi":"हिन्दी",
"hil":"हिलिगेनन",
"him":"हिमाचली",
"hit":"हिताइत",
"hmn":"ह्मॉंग",
"ho":"हिरी मोटू",
"hr":"क्रोएशन्",
"hsb":"ऊपरी सॉर्बियन",
"ht":"हैतीयन",
"hu":"हंगेरी",
"hup":"हूपा",
"hy":"अरमेनियन्",
"hz":"हरैरो",
"ia":"ईन्टरलिंगुआ",
"iba":"इबान",
"id":"इन्डोनेशियाई",
"ie":"ईन्टरलिंगुइ",
"ig":"ईग्बो",
"ii":"सिचुआन यी",
"ijo":"इजो",
"ik":"इनुपियाक्",
"ilo":"इलोको",
"inc":"भारतीय भाषा",
"ine":"इंडो-युरोपीय भाषा",
"inh":"इंगुश",
"io":"इडौ",
"ira":"ईरानी भाषा",
"iro":"इरोक्युओइयन भाषा",
"is":"आईस्लैंडिक्",
"it":"इतालवी",
"iu":"इनूकीटूत्",
"ja":"जापानी",
"jbo":"लोज्बान",
"jpr":"जुदेओ-पर्शियन",
"jrb":"जुदेओ-अरेबिक",
"jv":"जावानीस",
"ka":"जॉर्जीयन्",
"kaa":"कारा-कल्पक",
"kab":"कबाइल",
"kac":"काचिन",
"kaj":"ज्जु",
"kam":"कम्बा",
"kar":"कारेन",
"kaw":"कावी",
"kbd":"कबार्डियन",
"kcg":"त्याप",
"kfo":"कोरो",
"kg":"कोंगो",
"kha":"खासी",
"khi":"खोइसन भाषा",
"kho":"खोतानीस",
"ki":"किकुयू",
"kj":"क्वान्यामा",
"kk":"कज़ाख",
"kl":"ग्रीनलैंडिक",
"km":"कैम्बोडियन्",
"kmb":"किम्बन्दु",
"kn":"कन्नड़",
"ko":"कोरीयन्",
"kok":"कोंकणी",
"kos":"कोसरैन",
"kpe":"क्पेल्लै",
"kr":"कनुरी",
"krc":"कराचय-बल्कार",
"krl":"करेलियन",
"kro":"क्रु",
"kru":"कुरूख",
"ks":"कश्मीरी",
"ku":"कुरदीश",
"kum":"कुमीक",
"kut":"कुतेनाई",
"kv":"कोमी",
"kw":"कोर्निश",
"ky":"किरघिज़",
"la":"लैटीन",
"lad":"लादीनो",
"lah":"लाह्न्डा",
"lam":"लाम्बा",
"lb":"लक्ष्ज़ेमबर्गिश",
"lez":"लेज़्घीयन",
"lg":"गांडा",
"li":"लिंबर्गिश",
"ln":"लिंगाला",
"lo":"लाओथीयन्",
"lol":"मोंगो",
"loz":"लोज़ी",
"lt":"लिथुनियन्",
"lu":"ल्यूबा-कटांगा",
"lua":"ल्यूबा-लुलुआ",
"lui":"लुइसेनो",
"lun":"लुन्डा",
"luo":"ल्युओ",
"lus":"लुशाई",
"lv":"लातवी",
"mad":"मादुरीस",
"mag":"मगाही",
"mai":"मैथिली",
"mak":"मकासर",
"man":"मन्डिन्गो",
"map":"ऑस्ट्रोनेशियन",
"mas":"मसाई",
"mdf":"मोक्ष",
"mdr":"मंधार",
"men":"मेन्डे",
"mg":"मालागासी",
"mga":"मिडिल आइरिश",
"mh":"मार्शलीज़",
"mi":"मेओरी",
"mic":"मिकमैक",
"min":"मिनांग्काबाउ",
"mis":"विविध भाषा",
"mk":"मैसेडोनियन्",
"mkh":"मॉन-ख्मेर भाषा",
"ml":"मलयालम",
"mn":"मंगोलीयाई",
"mnc":"मन्चु",
"mni":"मणिपूरी",
"mno":"मनोबो भाषा",
"mo":"मोलडावियन्",
"moh":"मोहौक",
"mos":"मोस्सी",
"mr":"मराठी",
"ms":"मलय",
"mt":"मालटिस्",
"mul":"विविध भाषाएँ",
"mun":"मुन्डा भाषा",
"mus":"क्रीक",
"mwl":"मिरांडी",
"mwr":"मारवाड़ी",
"my":"बर्लिस",
"myn":"माया भाषा",
"myv":"एर्ज़या",
"na":"नाउरू",
"nah":"नहुआत्ल",
"nai":"उत्तरी अमेरीकी इंडियन भाषा",
"nap":"नीपोलिटन",
"nb":"नॉर्वेजियन बोकमाल",
"nd":"उत्तरी देबेल",
"nds":"निचला जर्मन",
"ne":"नेपाली",
"new":"नेवाड़ी",
"ng":"डोन्गा",
"nia":"नियास",
"nic":"नाइगर-कोर्डोफैनियन भाषा",
"niu":"नियुआन",
"nl":"डच्",
"nl_BE":"फ़्लेमिश",
"nn":"नॉर्वेजियन नाइनोर्स्क",
"no":"नार्वेजियन",
"nog":"नोगाई",
"non":"पुराना नॉर्स",
"nqo":"एन्को",
"nr":"दक्षिण देबेल",
"nso":"उत्तरी सोथो",
"nub":"न्युबियान भाषा",
"nv":"नावाजो",
"nwc":"पारम्परिक नेवारी",
"ny":"न्यानजा",
"nym":"न्यामवेज़ी",
"nyn":"न्यानकोल",
"nyo":"न्योरो",
"nzi":"न्ज़ीमा",
"oc":"ओसीटान",
"oj":"ओजिब्वा",
"om":"ओरोमो",
"or":"उड़िया",
"os":"ओस्सेटिक",
"osa":"ओसेज",
"ota":"ओटोमान तुर्किश",
"oto":"ओटोमियन भाषा",
"pa":"पंजाबी",
"paa":"पापुआन भाषा",
"pag":"पंगासीनान",
"pal":"पाह्लावी",
"pam":"पाम्पान्गा",
"pap":"पापियामेन्टो",
"pau":"पलोउआन",
"peo":"पुरानी फारसी",
"phi":"फिलिपीन भाषा",
"phn":"फोएनिशियन",
"pi":"पाली",
"pl":"पॉलिश",
"pon":"पोह्नपिएन",
"pra":"प्राकृत",
"pro":"पुरानी प्रोवेन्सल",
"ps":"पॉशतो",
"pt":"पुर्तगाली",
"pt_BR":"पुर्तगाली (ब्राज़ील)",
"pt_PT":"ईवेरियाई पुर्तगाली",
"qu":"क्वेशुआ",
"raj":"राजस्थानी",
"rap":"रापानुई",
"rar":"रारोतोंगन",
"rm":"रहेय्टो-रोमान्स",
"rn":"रुन्दी",
"ro":"रोमानियाई",
"roa":"रोमांस भाषा",
"rom":"रोमानी",
"root":"रूट",
"ru":"रूसी",
"rup":"अरोमानियन",
"rw":"किन्यारवाण्डा",
"sa":"संस्कृत",
"sad":"सन्डावे",
"sah":"याकूत",
"sai":"दक्षिण अमेरीकी इंडियन भाषा",
"sal":"सलीशन भाषा",
"sam":"सामैरिटन अरैमिक",
"sas":"सासाक",
"sat":"संताली",
"sc":"सार्दिनियन",
"scn":"सिसिलियन",
"sco":"स्कॉट्स",
"sd":"सिन्धी",
"se":"नॉर्दन सामी",
"sel":"सेल्कप",
"sem":"सेमिटिक भाषा",
"sg":"सांगो",
"sga":"पुरानी आइरिश",
"sgn":"सांकेतिक भाषा",
"sh":"सेर्बो-क्रोएशन्",
"shn":"शैन",
"si":"शिंघालीस्",
"sid":"सिदामो",
"sio":"सिउआन भाषा",
"sit":"चीनी-तिब्ब्ती भाषा",
"sk":"स्लोवाक्",
"sl":"स्लोवेनियन्",
"sla":"स्लोवियाई भाषा",
"sm":"सामोन",
"sma":"दक्षिण सामी",
"smi":"सामी भाषा",
"smj":"ल्युल सामी",
"smn":"इनारी सामी",
"sms":"स्कोल्ट सामी",
"sn":"सोणा",
"snk":"सोनिन्के",
"so":"सोमाली",
"sog":"सोग्डिएन",
"son":"सोन्घाई",
"sq":"अल्बेनियन्",
"sr":"सर्बियन्",
"srn":"स्रानान टॉन्गो",
"srr":"सेरेर",
"ss":"स्वाती",
"ssa":"नील सहारी भाषा",
"st":"सेसोथो",
"su":"सुंडानी",
"suk":"सुकुमा",
"sus":"सुसु",
"sux":"सुमेरियन",
"sv":"स्विडिश",
"sw":"स्वाहिली",
"swb":"कोमोरियन",
"syc":"क्लासिकल सिरिएक",
"syr":"सिरिएक",
"ta":"तमिल",
"tai":"ताई भाषा",
"te":"तेलेगु",
"tem":"टिम्ने",
"ter":"तेरेनो",
"tet":"तेतुम",
"tg":"ताजिक्",
"th":"थाई",
"ti":"तिग्रीन्या",
"tig":"टाइग्रे",
"tiv":"तिव",
"tk":"तुक्रमेन",
"tkl":"तोकेलाऊ",
"tl":"तागालोग",
"tlh":"क्लिंगन",
"tli":"त्लिंगित",
"tmh":"तामाशेक",
"tn":"सेत्स्वाना",
"to":"टोंगा",
"tog":"न्यासा टोन्गा",
"tpi":"टोक पिसिन",
"tr":"तुर्की",
"ts":"सोंगा",
"tsi":"त्सिमीशियन",
"tt":"टाटर",
"tum":"तम्बूका",
"tup":"ट्यूपी भाषा",
"tut":"अल्तैक भाषा",
"tvl":"तुवालु",
"tw":"ट्वी",
"ty":"ताहितियन",
"tyv":"तुवीनियन",
"udm":"उदमुर्त",
"ug":"उईघुर",
"uga":"युगैरिटिक",
"uk":"यूक्रेनी",
"umb":"उम्बुन्डु",
"und":"अज्ञात या अवैध भाषा",
"ur":"उर्दू",
"uz":"उज़्बेक",
"vai":"वाई",
"ve":"वेन्दा",
"vi":"वियेतनामी",
"vo":"वोलापुक",
"vot":"वॉटिक",
"wa":"वाल्लून",
"wak":"वाकाशन भाषा",
"wal":"वलामो",
"war":"वारै",
"was":"वाशो",
"wen":"सॉर्बियन भाषा",
"wo":"वोलोफ",
"xal":"काल्मिक",
"xh":"षोसा",
"yao":"याओ",
"yap":"यापीस",
"yi":"येहुदी",
"yo":"योरूबा",
"ypk":"यूपिक भाषा",
"yue":"कैंटोनीस",
"za":"ज़ुआंग",
"zap":"ज़ेपोटेक",
"zbl":"ब्लिसिम्बॉल्स",
"zen":"ज़ेनान्गा",
"zh":"चीनी",
"zh_Hans":"चीनी (सरलीकृत)",
"zh_Hant":"चीनी (पारम्परिक)",
"znd":"ज़न्डे",
"zu":"ज़ुलू",
"zun":"ज़ूनी",
"zxx":"कोई लिंग्विस्ट सामग्री नहीं",
"zza":"ज़ाज़ा"
},
"scripts":{
"Arab":"अरबी",
"Armi":"इम्पिरियल आर्मेनिक",
"Armn":"अर्मेनियाई",
"Avst":"अवेस्तन",
"Bali":"बाली",
"Batk":"बटकी",
"Beng":"बंगाली",
"Blis":"ब्लिसिम्बॉल्स",
"Bopo":"बोपोमोफो",
"Brah":"ब्रह्मी",
"Brai":"ब्रेल",
"Bugi":"बगिनीस",
"Buhd":"बुहिद",
"Cakm":"चकमा",
"Cans":"युनिफाइड कैनेडियन एबोरिजनल सिलेबिक्स",
"Cari":"करैन",
"Cham":"चाम",
"Cher":"चिरूकी",
"Cirt":"किर्थ",
"Copt":"कॉप्टिक",
"Cprt":"काइप्रायट",
"Cyrl":"सिरिलिक",
"Cyrs":"ओल्ड चर्च स्लावोनिक सिरिलिक",
"Deva":"देवनागरी",
"Dsrt":"डेसरेट",
"Egyd":"इजिप्शियन डेमोटिक",
"Egyh":"इजिप्शियन हाइरेटिक",
"Egyp":"इजिप्शियन हाइरोग्लिफ्स",
"Ethi":"ईथोपियाई",
"Geok":"जॉर्जियन खुतसुरी",
"Geor":"जॉर्जियन",
"Glag":"ग्लेगोलिटिक",
"Goth":"गोथिक",
"Grek":"ग्रीक",
"Gujr":"गुजराती",
"Guru":"गुरमुखी",
"Hang":"हंगुल",
"Hani":"हन",
"Hano":"हनुनू",
"Hans":"सरलीकृत हन",
"Hant":"पारम्परिक हन",
"Hebr":"हिब्रू",
"Hira":"हीरागाना",
"Hmng":"पाहो ह्मोन्ग",
"Hrkt":"कचाकना और हिरागना",
"Hung":"ऑल्ड हंगेरियन",
"Inds":"सिन्धु",
"Ital":"पुरानी इटली",
"Java":"जावानीस",
"Jpan":"जापानी",
"Kali":"कायाह ली",
"Kana":"कटाकना",
"Khar":"खारोशथी",
"Khmr":"खमेर",
"Knda":"कन्नड़",
"Kore":"कोरियाई",
"Kthi":"कैथी",
"Lana":"लाना",
"Laoo":"लाओ",
"Latf":"फ्रैकतुर लैटिन",
"Latg":"गैलिक लेटिन",
"Latn":"लाटिन",
"Lepc":"लेपचा",
"Limb":"लिम्बू",
"Lina":"लीनियर A",
"Linb":"लीनियर बी",
"Lyci":"लिशियन",
"Lydi":"लिडियन",
"Mand":"मनडेन",
"Mani":"मनीशीन",
"Maya":"मयान हाइरोग्लिफ्स",
"Mero":"मेरोइटिक",
"Mlym":"मलयालम",
"Mong":"मंगोलियाई",
"Moon":"मून",
"Mtei":"मेइतेइ मायेक",
"Mymr":"म्यांमार",
"Nkoo":"एन्'को",
"Ogam":"ओगम",
"Olck":"ऑल चिकी",
"Orkh":"ओरखोन",
"Orya":"उडिया",
"Osma":"ओस्मान्या",
"Perm":"ओल्ड परमिक",
"Phag":"फाग्स-पा",
"Phli":"इंस्क्रिपश्नल पाहलवी",
"Phlp":"सॉल्टर पाहलवी",
"Phlv":"बुक पाहलवी",
"Phnx":"फोनिशियन",
"Plrd":"पॉलार्ड फोनेटिक",
"Prti":"इंस्क्रिपश्नल पार्थियन",
"Rjng":"रीजांग",
"Roro":"रोन्गोरोन्गो",
"Runr":"रूनिक",
"Samr":"समरिटन",
"Sara":"सराती",
"Saur":"सौराष्ट्र",
"Sgnw":"सांकेतिक लेख",
"Shaw":"शावियान",
"Sinh":"सिहंली",
"Sund":"सूडानी",
"Sylo":"सिलोती नागरी",
"Syrc":"सिरियेक",
"Syre":"एस्त्रेन्जेलो सिरिएक",
"Syrj":"पश्चिम सिरिएक",
"Syrn":"पूर्व सिरिएक",
"Tagb":"तगबन्वा",
"Tale":"ताई ली",
"Talu":"नया ताई लु",
"Taml":"तमिल",
"Tavt":"ताई विएत",
"Telu":"तेलुगू",
"Teng":"तेन्गवार",
"Tfng":"तिफिनाघ",
"Tglg":"टैगालोग",
"Thaa":"थाना",
"Thai":"थाई",
"Tibt":"तिब्बती",
"Ugar":"युगारिटिक",
"Vaii":"वाई",
"Visp":"विसिबल स्पीच",
"Xpeo":"पुरानी फारसी",
"Xsux":"सुमेरो अक्कादियन सुनिफॉर्म",
"Yiii":"यी",
"Zinh":"विरासत",
"Zmth":"गणितीय संकेतन",
"Zsym":"चिन्ह",
"Zxxx":"अलिखित",
"Zyyy":"आम",
"Zzzz":"अज्ञात या अवैध लिपि"
},
"territories":{
"001":"दुनिया",
"002":"अफ्रीका",
"003":"उत्तर अमेरिका",
"005":"दक्षिण अमेरिका",
"009":"ओशिआनिया",
"011":"पश्चिमी अफ्रीका",
"013":"मध्य अमरीका",
"014":"पूर्वी अफ्रीका",
"015":"उत्तरी अफ्रीका",
"017":"मध्य अफ्रीका",
"018":"दक्षिणी अफ्रीका",
"019":"अमेरीकास",
"021":"उत्तरी अमेरिका",
"029":"कैरिबियन",
"030":"पूर्वी एशिया",
"034":"दक्षिणी एशिया",
"035":"दक्षिण-पूर्व एशिया",
"039":"दक्षिणी यूरोप",
"053":"ऑस्ट्रेलिया एवं न्यूजीलैंड",
"054":"मेलानेशिया",
"057":"माइक्रोनेशियन रीजन",
"061":"पोलीनेशिया",
"062":"दक्षिण-मध्य एशिया",
"142":"एशिया",
"143":"मध्य एशिया",
"145":"पश्चिमी ऐशिया",
"150":"यूरोप",
"151":"पूर्वी यूरोप",
"154":"उत्तरी यूरोप",
"155":"पश्चिमी यूरोप्",
"172":"कॉमनवेल्थ ऑफ इंडिपेंडेंट स्टेट्स",
"200":"चेकोस्लवाकिया",
"419":"लेटिन अमेरिका और कैरिबियन",
"830":"चैनल द्वीपसमूह",
"AC":"असेंशन आइलैंड",
"AD":"अन्डोरा",
"AE":"संयुक्त अरब अमीरात",
"AF":"अफ़गानिस्तान",
"AG":"एंटिगुआ और बरबुडा",
"AI":"एंगुइला",
"AL":"अल्बानिया",
"AM":"आर्मेनिया",
"AN":"नीदरलैंड्स एंटिलीज़",
"AO":"अंगोला",
"AQ":"अंटार्कटिका",
"AR":"अर्जेन्टीना",
"AS":"अमेरिकी समोआ",
"AT":"ऑस्ट्रिया",
"AU":"ऑस्ट्रेलिया",
"AW":"अरूबा",
"AX":"एलैंड द्वीपसमूह",
"AZ":"अज़रबैजान",
"BA":"बोस्निया और हर्ज़िगोविना",
"BB":"बारबाडोस",
"BD":"बांग्लादेश",
"BE":"बेल्जियम",
"BF":"बुर्किना फ़ासो",
"BG":"बुल्गारिया",
"BH":"बाहरेन",
"BI":"बुरुंडी",
"BJ":"बेनिन",
"BL":"सेंट बार्थेलेमी",
"BM":"बरमूडा",
"BN":"ब्रुनेई",
"BO":"बोलीविया",
"BR":"ब्राजील",
"BS":"बहामा",
"BT":"भूटान",
"BV":"बौवेत द्वीप",
"BW":"बोत्स्वाना",
"BY":"बेलारूस",
"BZ":"बेलिज",
"CA":"कनाडा",
"CC":"कोकोस द्वीप",
"CD":"कोंगो जनतांत्रिक गणतंत्र",
"CF":"सेंट्रल अफ्रीकन रिपब्लिक",
"CG":"कांगो",
"CH":"स्विस",
"CI":"आईवरी कोस्ट",
"CK":"कुक द्वीपसमूह",
"CL":"चिली",
"CM":"कैमरून",
"CN":"चीन",
"CO":"कोलम्बिया",
"CP":"क्लिपर्टन आइलैंड",
"CR":"कोस्टारीका",
"CS":"सर्बिया व मॉण्टेनेग्रो",
"CU":"क्यूबा",
"CV":"कैप वर्डे",
"CX":"क्रिसमस द्वीप",
"CY":"साइप्रस",
"CZ":"चेक गणराज्य",
"DE":"जर्मनी",
"DG":"डिएगो गार्सिया",
"DJ":"जिबूती",
"DK":"डेनमार्क",
"DM":"डोमिनिक",
"DO":"डोमिनिकन गणराज्य",
"DZ":"अल्जीरिया",
"EA":"सेउटा और मेलिला",
"EC":"इक्वाडोर",
"EE":"एस्टोनिया",
"EG":"मिस्र",
"EH":"पश्चिमी सहारा",
"ER":"इरिट्रिया",
"ES":"स्पेन",
"ET":"इथियोपिया",
"EU":"यूरोपीय संघ",
"FI":"फिनलैंड",
"FJ":"फिजी",
"FK":"फ़ॉकलैंड द्वीप",
"FM":"माइक्रोनेशिया",
"FO":"फरोए द्वीप",
"FR":"फ्रांस",
"GA":"गैबॉन",
"GB":"ब्रितन",
"GD":"ग्रेनेडा",
"GE":"जॉर्जिया",
"GF":"फ़्रांसीसी गिआना",
"GG":"ग्वेर्नसे",
"GH":"घाना",
"GI":"जिब्राल्टर",
"GL":"ग्रीनलैण्ड",
"GM":"गाम्बिया",
"GN":"गिनी",
"GP":"ग्वाडेलोप",
"GQ":"इक्वेटोरियल गिनी",
"GR":"ग्रीस",
"GS":"दक्षिण जोर्जिया और दक्षिण सैंडविच द्वीपसमूह",
"GT":"गोतेदाला",
"GU":"गुआम",
"GW":"गीनी-बिसाउ",
"GY":"गुयाना",
"HK":"हांगकांग विशेष प्रशासनिक क्षेत्र चीन",
"HM":"हर्ड द्वीप और मैकडोनॉल्ड द्वीप",
"HN":"हाण्डूरस",
"HR":"क्रोशिया",
"HT":"हाइती",
"HU":"हंगरी",
"IC":"कैनेरी द्वीपसमूह",
"ID":"इंडोनेशिया",
"IE":"आयरलैंड",
"IL":"इसराइल",
"IM":"आइल ऑफ मैन",
"IN":"भारत",
"IO":"ब्रिटिश हिंद महासागरीय क्षेत्र",
"IQ":"इराक",
"IR":"ईरान",
"IS":"आइसलैंड",
"IT":"इटली",
"JE":"जर्सी",
"JM":"जमाइका",
"JO":"जोर्डन",
"JP":"जापान",
"KE":"केन्या",
"KG":"किर्गिज़तान",
"KH":"कम्बोडिया",
"KI":"किरिबाती",
"KM":"कोमोरोस",
"KN":"सेंट किट्स और नेविस",
"KP":"उत्तर कोरिया",
"KR":"दक्षिण कोरिया",
"KW":"कुवैत",
"KY":"केमैन द्वीपसमूह",
"KZ":"कजाखस्तान",
"LA":"लाओस",
"LB":"लेबनान",
"LC":"सेंट लूसिया",
"LI":"लिकटेंस्टीन",
"LK":"श्रीलंका",
"LR":"लाइबेरिया",
"LS":"लेसोथो",
"LT":"लिथुआनिया",
"LU":"लक्समबर्ग",
"LV":"लात्विया",
"LY":"लीबिया",
"MA":"मोरक्को",
"MC":"मोनाको",
"MD":"मोल्डाविया",
"ME":"मोंटेनेग्रो",
"MF":"सेंट मार्टिन",
"MG":"मैडागास्कर",
"MH":"मार्शल द्वीप",
"MK":"मैसेडोनिया",
"ML":"माली",
"MM":"म्यानमार",
"MN":"मंगोलिया",
"MO":"मकाओ चीन",
"MP":"नॉर्दन मारियाना द्वीपसमूह",
"MQ":"मार्टीनिक",
"MR":"मॉरिटानिया",
"MS":"मॉन्ट्सेराट",
"MT":"माल्टा",
"MU":"मॉरिशस",
"MV":"मालदीव",
"MW":"मलावी",
"MX":"मेक्सिको",
"MY":"मलेशिया",
"MZ":"मोजाम्बिक",
"NA":"नामीबिया",
"NC":"न्यू कैलेडोनिया",
"NE":"नाइजर",
"NF":"नॉरफ़ॉक द्वीप",
"NG":"नाइजीरिया",
"NI":"निकारागुआ",
"NL":"नीदरलैण्ड",
"NO":"नॉर्वे",
"NP":"नेपाल",
"NR":"नाउरु",
"NU":"नीयू",
"NZ":"न्यूज़ीलैंड",
"OM":"ओमान",
"PA":"पनामा",
"PE":"पेरू",
"PF":"फ़्रांसीसी पॉलिनेशिया",
"PG":"पापुआ न्यू गिनी",
"PH":"फिलीपिंस",
"PK":"पाकिस्तान",
"PL":"पोलैंड",
"PM":"सेंट पिएरे और मिक्वेलन",
"PN":"पिटकैर्न",
"PR":"पर्टो रीको",
"PS":"फ़िलिस्तीन",
"PT":"पुर्तगाल",
"PW":"पलाऊ",
"PY":"पारागुए",
"QA":"कतर",
"QO":"आउटलाइंग ओशिनिया",
"RE":"रियूनियन",
"RO":"रोमानिया",
"RS":"सर्बिया",
"RU":"रूस",
"RW":"रूआण्डा",
"SA":"सऊदी अरब",
"SB":"सोलोमन द्वीप",
"SC":"सेशेल्स",
"SD":"सूडान",
"SE":"स्वीडन",
"SG":"सिंगापुर",
"SH":"सेंट हेलेना",
"SI":"स्लोवेनिया",
"SJ":"स्वालबर्ड और जान मायेन",
"SK":"स्लोवाकिया",
"SL":"सियरालेओन",
"SM":"सैन मेरीनो",
"SN":"सेनेगल",
"SO":"सोमालिया",
"SR":"सुरिनाम",
"ST":"साउ-तोम-प्रिंसिप",
"SV":"अल साल्वाडोर",
"SY":"सीरिया",
"SZ":"सुआजीलैंड",
"TA":"त्रिस्टान डा कुना",
"TC":"तुर्क् और् कैकोज़ द्वीप",
"TD":"चाड",
"TF":"फ़्रांसीसी दक्षिणी क्षेत्र",
"TG":"टोगो",
"TH":"थाइलैंड",
"TJ":"ताजिकिस्तान",
"TK":"तोकेलाउ",
"TL":"पूर्वी तिमोर",
"TM":"तुर्कमेनिस्तान",
"TN":"तुनिशिया",
"TO":"टोंगा",
"TR":"तुर्की",
"TT":"त्रिनिडाड और टोबैगो",
"TV":"तुवालु",
"TW":"ताइवान",
"TZ":"तंजा़निया",
"UA":"यूक्रेन",
"UG":"युगांडा",
"UM":"युनाइटेड स्टेट्स माइनर आउटलाइंग द्वीपसमूह",
"US":"संयुक्त राज्य अमेरिका",
"UY":"युरूगुए",
"UZ":"उजबेकिस्तान",
"VA":"वैटिकन",
"VC":"सेंट विनसेंट एंड ग्रेनाडाइन्स",
"VE":"वेनेजुएला",
"VG":"ब्रिटिश वर्जिन द्वीपसमूह",
"VI":"अमेरिकी वर्जिन टापू",
"VN":"वियतनाम",
"VU":"वानुअतु",
"WF":"वालिस और फ़्यूचूना",
"WS":"समोआ",
"YE":"यमन",
"YT":"मैयट",
"ZA":"दक्षिण अफ्रीका",
"ZM":"जाम्बिया",
"ZW":"जिम्बाब्वे",
"ZZ":"अज्ञात या अवैध क्षेत्र"
},
"orientation":"left-to-right",
"dateFormat-full":"EEEE, d MMMM y",
"dateFormat-long":"d MMMM y",
"dateFormat-medium":"dd-MM-yyyy",
"dateFormat-short":"d-M-yy",
"timeFormat-full":"h:mm:ss a zzzz",
"timeFormat-long":"h:mm:ss a z",
"timeFormat-medium":"h:mm:ss a",
"timeFormat-short":"h:mm a",
"dateTimeFormat-full":"{1} {0}",
"dateTimeFormat-long":"{1} {0}",
"dateTimeFormat-medium":"{1} {0}",
"dateTimeFormat-short":"{1} {0}",
"months-defaultContext":"format",
"months-defaultWidth":"wide",
"months-format-abbreviated":[
"जनवरी",
"फरवरी",
"मार्च",
"अप्रैल",
"मई",
"जून",
"जुलाई",
"अगस्त",
"सितम्बर",
"अक्तूबर",
"नवम्बर",
"दिसम्बर"],
"months-format-narrow":[
"ज",
"फ़",
"मा",
"अ",
"म",
"जू",
"जु",
"अ",
"सि",
"अ",
"न",
"दि"],
"months-format-wide":[
"जनवरी",
"फरवरी",
"मार्च",
"अप्रैल",
"मई",
"जून",
"जुलाई",
"अगस्त",
"सितम्बर",
"अक्तूबर",
"नवम्बर",
"दिसम्बर"],
"months-standAlone-abbreviated":[
"जनवरी",
"फरवरी",
"मार्च",
"अप्रैल",
"मई",
"जून",
"जुलाई",
"अगस्त",
"सितम्बर",
"अक्तूबर",
"नवम्बर",
"दिसम्बर"],
"months-standAlone-narrow":[
"ज",
"फ़",
"मा",
"अ",
"म",
"जू",
"जु",
"अ",
"सि",
"अ",
"न",
"दि"],
"months-standAlone-wide":[
"जनवरी",
"फरवरी",
"मार्च",
"अप्रैल",
"मई",
"जून",
"जुलाई",
"अगस्त",
"सितम्बर",
"अक्तूबर",
"नवम्बर",
"दिसम्बर"],
"days-defaultContext":"format",
"days-defaultWidth":"wide",
"days-format-abbreviated":[
"रवि.",
"सोम.",
"मंगल.",
"बुध.",
"बृह.",
"शुक्र.",
"शनि."],
"days-format-narrow":[
"र",
"सो",
"मं",
"बु",
"गु",
"शु",
"श"],
"days-format-wide":[
"रविवार",
"सोमवार",
"मंगलवार",
"बुधवार",
"बृहस्पतिवार",
"शुक्रवार",
"शनिवार"],
"days-standAlone-abbreviated":[
"रवि.",
"सोम.",
"मंगल.",
"बुध.",
"बृह.",
"शुक्र.",
"शनि."],
"days-standAlone-narrow":[
"र",
"सो",
"मं",
"बु",
"गु",
"शु",
"श"],
"days-standAlone-wide":[
"रविवार",
"सोमवार",
"मंगलवार",
"बुधवार",
"बृहस्पतिवार",
"शुक्रवार",
"शनिवार"],
"quarters-format-abbreviated":[
"तिमाही",
"दूसरी तिमाही",
"तीसरी तिमाही",
"चौथी तिमाही"],
"quarters-format-narrow":[
"1",
"2",
"3",
"4"],
"quarters-format-wide":[
"तिमाही",
"दूसरी तिमाही",
"तीसरी तिमाही",
"चौथी तिमाही"],
"quarters-standAlone-abbreviated":[
"तिमाही",
"दूसरी तिमाही",
"तीसरी तिमाही",
"चौथी तिमाही"],
"quarters-standAlone-narrow":[
"1",
"2",
"3",
"4"],
"quarters-standAlone-wide":[
"तिमाही",
"दूसरी तिमाही",
"तीसरी तिमाही",
"चौथी तिमाही"],
"dayPeriods-format-abbreviated":[
"पूर्वाह्न",
"अपराह्न"],
"dayPeriods-format-narrow":[
"पूर्वाह्न",
"अपराह्न"],
"dayPeriods-format-wide":[
"पूर्वाह्न",
"अपराह्न"],
"dayPeriods-standAlone-abbreviated":[
"पूर्वाह्न",
"अपराह्न"],
"dayPeriods-standAlone-narrow":[
"पूर्वाह्न",
"अपराह्न"],
"dayPeriods-standAlone-wide":[
"पूर्वाह्न",
"अपराह्न"],
"decimalFormat":{
"standard":"#,##,##0.###"},
"decimalFormat-short":{
"1000":"0",
"10000":"0",
"100000":"0",
"1000000":"0",
"10000000":"0",
"100000000":"0",
"1000000000":"0",
"10000000000":"0",
"100000000000":"0",
"1000000000000":"0",
"10000000000000":"0",
"100000000000000":"0"},
"scientificFormat":{
"standard":"#E0"},
"percentFormat":{
"standard":"#,##,##0%"},
"currencyFormat":{
"standard":"¤ #,##,##0.00"},
"symbols-latn-decimal":".",
"symbols-latn-group":",",
"symbols-latn-list":";",
"symbols-latn-percentSign":"%",
"symbols-latn-plusSign":"+",
"symbols-latn-minusSign":"-",
"symbols-latn-exponential":"E",
"symbols-latn-perMille":"‰",
"symbols-latn-infinity":"∞",
"symbols-latn-nan":"NaN",
"weekData-minDays":1,
"weekData-firstDay":0,
"weekData-weekendStart":0,
"weekData-weekendEnd":0
}