{
"languages":{
"aa":"afarski",
"ab":"abhaski",
"ace":"achinese",
"ach":"acoli",
"ada":"adangme",
"ady":"adigejski",
"ae":"avestan",
"af":"afrikaans",
"afa":"ostali afričko-azijski",
"afh":"afrihili",
"ain":"ainu",
"ak":"akanski",
"akk":"akkadian",
"ale":"aleutski",
"alg":"algonquian",
"alt":"južni altai",
"am":"amharik",
"an":"aragonski",
"ang":"staroengleski",
"anp":"angika",
"apa":"apaški",
"ar":"arapski",
"arc":"aramejski",
"arn":"araukanski",
"arp":"arapaho",
"art":"umjetni jezik",
"arw":"arawak",
"as":"asamski",
"ast":"asturijski",
"ath":"athapascan",
"aus":"australski",
"av":"avarski",
"awa":"awadhi",
"ay":"aymara",
"az":"azerbajdžanski",
"ba":"baškirski",
"bad":"banda",
"bai":"bamileke",
"bal":"baluchi",
"ban":"balinezijski",
"bas":"basa",
"bat":"baltički",
"be":"bjeloruski",
"bej":"beja",
"bem":"bemba",
"ber":"berberski",
"bg":"bugarski",
"bh":"bihari",
"bho":"bhojpuri",
"bi":"bislama",
"bik":"bikol",
"bin":"bini",
"bla":"siksika",
"bm":"bambara",
"bn":"bengalski",
"bnt":"bantu",
"bo":"tibetanski",
"br":"bretonski",
"bra":"braj",
"bs":"bosanski",
"btk":"batak",
"bua":"buriat",
"bug":"buginski",
"byn":"blin",
"ca":"katalonski",
"cad":"caddo",
"cai":"jezik srednjoameričkih Indijanaca",
"car":"karipski",
"cau":"kavkaski",
"cch":"atsam",
"ce":"čečenski",
"ceb":"cebuano",
"cel":"keltski",
"ch":"chamorro",
"chb":"chibcha",
"chg":"chagatai",
"chk":"chuukese",
"chm":"mari",
"chn":"chinook žargon",
"cho":"choctaw",
"chp":"chipewyan",
"chr":"čeroki",
"chy":"čejenski",
"cmc":"chamic",
"co":"korzički",
"cop":"koptski",
"cpe":"engleski - na osnovi kreolskog ili pidgin",
"cpf":"francuski - na osnovi kreolskog ili pidgin",
"cpp":"kreolski ili pidgin na osnovi portugalskog",
"cr":"cree",
"crh":"krimski turski",
"crp":"kreolski ili pidgin",
"cs":"češki",
"csb":"kašupski",
"cu":"crkvenoslavenski",
"cus":"kušitski",
"cv":"chuvash",
"cy":"velški",
"da":"danski",
"dak":"dakota jezik",
"dar":"dargwa",
"day":"dayak",
"de":"njemački",
"de_AT":"austrijski njemački",
"de_CH":"gornjonjemački (švicarski)",
"del":"delavarski",
"den":"slave",
"dgr":"dogrib",
"din":"dinka",
"doi":"dogri",
"dra":"dravidski",
"dsb":"lužičkosrpski",
"dua":"duala",
"dum":"nizozemski, srednji",
"dv":"divehi",
"dyu":"dyula",
"dz":"dzongkha",
"ee":"ewe",
"efi":"efik",
"egy":"staroegipatski",
"eka":"ekajuk",
"el":"grčki",
"elx":"elamitski",
"en":"engleski",
"en_AU":"engleski (australski)",
"en_CA":"kanadski engleski",
"en_GB":"engleski (britanski)",
"en_US":"engleski (američki)",
"enm":"engleski, srednji",
"eo":"esperanto",
"es":"španjolski",
"es_419":"španjolski (latinoamerički)",
"es_ES":"iberski španjolski",
"et":"estonijski",
"eu":"baskijski",
"ewo":"ewondo",
"fa":"perzijski",
"fan":"fang",
"fat":"fanti",
"ff":"fulah",
"fi":"finski",
"fil":"filipino",
"fiu":"ugro-finski jezik",
"fj":"fidžijski",
"fo":"faroanski",
"fon":"fon",
"fr":"francuski",
"fr_CA":"kanadski francuski",
"fr_CH":"švicarski francuski",
"frm":"francuski, srednji",
"fro":"starofrancuski",
"frr":"sjevernofrizijski",
"frs":"istočnofrizijski",
"fur":"friulski",
"fy":"frizijski",
"ga":"irski",
"gaa":"ga",
"gay":"gayo",
"gba":"gbaya",
"gd":"škotski-galski",
"gem":"germanski",
"gez":"staroetiopski",
"gil":"gilbertski",
"gl":"galicijski",
"gmh":"njemački, srednji visoki",
"gn":"guarani",
"goh":"staronjemački, visoki",
"gon":"gondi",
"gor":"gorontalo",
"got":"gothic",
"grb":"grebo",
"grc":"starogrčki",
"gsw":"švicarski njemački",
"gu":"gujarati",
"gv":"manx",
"gwi":"gwich'in",
"ha":"hausa",
"hai":"haidi",
"haw":"havajski",
"he":"hebrejski",
"hi":"hindski",
"hil":"hiligaynon",
"him":"himachali",
"hit":"hetitski",
"hmn":"hmong",
"ho":"hiri motu",
"hr":"hrvatski",
"hsb":"gornjolužički",
"ht":"kreolski",
"hu":"mađarski",
"hup":"hupa",
"hy":"armenski",
"hz":"herero",
"ia":"interlingua",
"iba":"iban",
"id":"indonezijski",
"ie":"interligua",
"ig":"igbo",
"ii":"sichuan yi",
"ijo":"ijo",
"ik":"inupiaq",
"ilo":"iloko",
"inc":"indijski",
"ine":"indoeuropski",
"inh":"ingušetski",
"io":"ido",
"ira":"iranski",
"iro":"irokeški",
"is":"islandski",
"it":"talijanski",
"iu":"inuktitut",
"ja":"japanski",
"jbo":"lojban",
"jpr":"judejsko-perzijski",
"jrb":"judejsko-arapski",
"jv":"javanski",
"ka":"gruzijski",
"kaa":"kara-kalpak",
"kab":"kabyle",
"kac":"kachin",
"kaj":"kaje",
"kam":"kamba",
"kar":"karen",
"kaw":"kawi",
"kbd":"kabardian",
"kcg":"tyap",
"kfo":"koro",
"kg":"kongo",
"kha":"khasi",
"khi":"kojsanski",
"kho":"khotanese",
"ki":"kikuyu",
"kj":"kuanyama",
"kk":"kazaški",
"kl":"kalaallisut",
"km":"kmerski",
"kmb":"kimbundu",
"kn":"kannadski",
"ko":"korejski",
"kok":"konkani",
"kos":"naurski",
"kpe":"kpelle",
"kr":"kanuri",
"krc":"karachay-balkar",
"krl":"karelijski",
"kro":"kru",
"kru":"kuruški",
"ks":"kašmirski",
"ku":"kurdski",
"kum":"kumyk",
"kut":"kutenai",
"kv":"komi",
"kw":"kornski",
"ky":"kirgiški",
"la":"latinski",
"lad":"ladino",
"lah":"lahnda",
"lam":"lamba",
"lb":"luksemburški",
"lez":"lezgiški",
"lg":"ganda",
"li":"limburgish",
"ln":"lingala",
"lo":"laoski",
"lol":"mongo",
"loz":"lozi",
"lt":"litvanski",
"lu":"luba-katanga",
"lua":"luba-lulua",
"lui":"luiseno",
"lun":"lunda",
"luo":"luo",
"lus":"lushai",
"lv":"latvijski",
"mad":"madurski",
"mag":"magahi",
"mai":"maithili",
"mak":"makasar",
"man":"mandingo",
"map":"austronezijski",
"mas":"masajski",
"mdf":"moksha",
"mdr":"mandar",
"men":"mende",
"mg":"malgaški",
"mga":"irski, srednji",
"mh":"maršalski",
"mi":"maorski",
"mic":"micmac",
"min":"minangkabau",
"mis":"ostali jezici",
"mk":"makedonski",
"ml":"malajalamski",
"mn":"mongolski",
"mnc":"mandžurski",
"mni":"manipurski",
"mno":"manobo",
"mo":"moldavski",
"moh":"mohawk",
"mos":"mossi",
"mr":"marathi",
"ms":"malajski",
"mt":"malteški",
"mul":"više jezika",
"mun":"munda",
"mus":"creek",
"mwl":"mirandski",
"mwr":"marwari",
"my":"burmanski",
"myn":"majanski",
"myv":"mordvinski",
"na":"nauru",
"nah":"nahuatl",
"nai":"jezik sjevernoameričkih Indijanaca",
"nap":"napolitanski",
"nb":"književni norveški",
"nd":"sjeverni ndebele",
"nds":"donjonjemački",
"ne":"nepalski",
"new":"newari",
"ng":"ndonga",
"nia":"nias",
"nic":"nigersko-kordofanski",
"niu":"niujski",
"nl":"nizozemski",
"nl_BE":"flamanski",
"nn":"novonorveški",
"no":"norveški",
"nog":"nogajski",
"non":"staronorveški",
"nqo":"n'ko",
"nr":"južni ndebele",
"nso":"sjeverni sotho",
"nub":"nubijski",
"nv":"navajo",
"nwc":"klasični newari",
"ny":"nyanja",
"nym":"nyamwezi",
"nyn":"nyankole",
"nyo":"nyoro",
"nzi":"nzima",
"oc":"okcitanski",
"oj":"ojibwa",
"om":"oromski",
"or":"orijski",
"os":"osetski",
"osa":"osage",
"ota":"turski - otomanski",
"oto":"otomijski",
"pa":"punjabi",
"paa":"papuanski",
"pag":"pangasinan",
"pal":"pahlavi",
"pam":"pampanga",
"pap":"papiamento",
"pau":"palauanski",
"peo":"staroperzijski",
"phi":"filipinski",
"phn":"fenički",
"pi":"pali",
"pl":"poljski",
"pon":"pohnpeian",
"pra":"prakrit",
"pro":"staroprovansalski",
"ps":"paštu",
"pt":"portugalski",
"pt_BR":"brazilski portugalski",
"pt_PT":"portugalski (iberijski)",
"qu":"quechua",
"raj":"rajasthani",
"rap":"rapa nui",
"rar":"rarotonški",
"rm":"retoromanski",
"rn":"rundi",
"ro":"rumunjski",
"roa":"romanski",
"rom":"romski",
"root":"korijenski",
"ru":"ruski",
"rup":"aromunski",
"rw":"kinyarwanda",
"sa":"sanskrtski",
"sad":"sandawe",
"sah":"jakutski",
"sai":"jezik južnoameričkih Indijanaca",
"sal":"salishan",
"sam":"samarijanski aramejski",
"sas":"sasak",
"sat":"santali",
"sc":"sardski",
"scn":"sicilijski",
"sco":"škotski",
"sd":"sindhi",
"se":"južni sami",
"sel":"selkupski",
"sem":"semitic",
"sg":"sango",
"sga":"staroirski",
"sgn":"znakovni jezik",
"sh":"srpsko-hrvatski",
"shn":"shan",
"si":"singaleški",
"sid":"sidamo",
"sio":"siouan",
"sit":"sino-tibetski",
"sk":"slovački",
"sl":"slovenski",
"sla":"slavenski",
"sm":"samoanski",
"sma":"sjeverni sami",
"smi":"sami",
"smj":"lule sami",
"smn":"inari sami",
"sms":"skolt sami",
"sn":"shona",
"snk":"soninke",
"so":"somalski",
"sog":"sogdien",
"son":"songhai",
"sq":"albanski",
"sr":"srpski",
"srn":"sranan tongo",
"srr":"serer",
"ss":"svati",
"ssa":"nilo-saharski",
"st":"sesotski",
"su":"sundanski",
"suk":"sukuma",
"sus":"susu",
"sux":"sumerski",
"sv":"švedski",
"sw":"svahili",
"swb":"komorski",
"syc":"klasični sirski",
"syr":"sirijski",
"ta":"tamilski",
"tai":"tajski",
"te":"telugu",
"tem":"temne",
"ter":"tereno",
"tet":"tetum",
"tg":"tajik",
"th":"tajlandski",
"ti":"tigrinya",
"tig":"tigriški",
"tiv":"tiv",
"tk":"turkmenski",
"tkl":"tokelaunski",
"tl":"tagalog",
"tlh":"klingonski",
"tli":"tlingit",
"tmh":"tamashek",
"tn":"cvana",
"to":"tonga",
"tog":"nyasa tonga",
"tpi":"tok pisin",
"tr":"turski",
"ts":"tsonga",
"tsi":"tsimshian",
"tt":"tatarski",
"tum":"tumbuka",
"tup":"tupi",
"tut":"altajski",
"tvl":"tuvaluanski",
"tw":"twi",
"ty":"tahićanski",
"tyv":"tuvinian",
"udm":"udmurtski",
"ug":"uighur",
"uga":"ugaritski",
"uk":"ukrajinski",
"umb":"umbundu",
"und":"nepoznati ili nevažeći jezik",
"ur":"urdski",
"uz":"uzbečki",
"vai":"vai",
"ve":"venda",
"vi":"vijetnamski",
"vo":"volapük",
"vot":"votic",
"wa":"valonski",
"wak":"wakashan",
"wal":"walamo",
"war":"waray",
"was":"washo",
"wen":"lužički",
"wo":"wolof",
"xal":"kalmyk",
"xh":"xhosa",
"yao":"yao",
"yap":"japski",
"yi":"jidiš",
"yo":"joruba",
"ypk":"yupik",
"yue":"kantonski",
"za":"zhuang",
"zap":"zapotec",
"zbl":"blissymbols",
"zen":"zenaga",
"zh":"kineski",
"zh_Hans":"kineski (pojednostavljeni)",
"zh_Hant":"kineski (tradicionalni)",
"znd":"zande",
"zu":"zulu",
"zun":"zuni",
"zxx":"bez jezičnog sadržaja",
"zza":"zazaki"
},
"scripts":{
"Arab":"arapsko pismo",
"Armi":"aramejsko pismo",
"Armn":"armensko pismo",
"Avst":"avestansko pismo",
"Bali":"balijsko pismo",
"Batk":"batak pismo",
"Beng":"bengalsko pismo",
"Blis":"blissymbols",
"Bopo":"bopomofo pismo",
"Brah":"brahmi pismo",
"Brai":"Braillovo pismo",
"Bugi":"buginsko pismo",
"Buhd":"buhid pismo",
"Cakm":"chakma pismo",
"Cans":"unificirani kanadski aboriđinski slogovi",
"Cari":"karijsko pismo",
"Cham":"čamsko pismo",
"Cher":"čeroki pismo",
"Cirt":"cirth pismo",
"Copt":"koptsko pismo",
"Cprt":"cypriot pismo",
"Cyrl":"ćirilica",
"Cyrs":"staroslavenska crkvena čirilica",
"Deva":"devangari pismo",
"Dsrt":"deseret pismo",
"Egyd":"egipatsko narodno pismo",
"Egyh":"egipatsko hijeratsko pismo",
"Egyp":"egipatski hijeroglifi",
"Ethi":"etiopsko pimo",
"Geok":"gruzijsko khutsuri pismo",
"Geor":"gruzijsko pismo",
"Glag":"glagoljica",
"Goth":"gotičko pismo",
"Grek":"grčko pismo",
"Gujr":"gujarati pismo",
"Guru":"gurmukhi pismo",
"Hang":"hangul pismo",
"Hani":"han pismo",
"Hano":"hanunoo pismo",
"Hans":"pojednostavljeno han pismo",
"Hant":"tradicionalno han pismo",
"Hebr":"hebrejsko pismo",
"Hira":"hiragana pismo",
"Hmng":"pahawh hmong pismo",
"Hrkt":"katakana ili hiragana pismo",
"Hung":"staro mađarsko pismo",
"Inds":"indijsko pismo",
"Ital":"staro talijansko pismo",
"Java":"javansko pismo",
"Jpan":"japansko pismo",
"Kali":"kayah li pismo",
"Kana":"katakana pismo",
"Khar":"kharoshthi pismo",
"Khmr":"kmersko pismo",
"Knda":"kannada pismo",
"Kore":"korejsko pismo",
"Kthi":"kaithi pismo",
"Lana":"lanna pismo",
"Laoo":"laosko pismo",
"Latf":"fraktur latinica",
"Latg":"keltska latinica",
"Latn":"latinica",
"Lepc":"lepcha pismo",
"Limb":"limbu pismo",
"Lina":"linear A pismo",
"Linb":"linear B pismo",
"Lyci":"likijsko pismo",
"Lydi":"lidijsko pismo",
"Mand":"mandai pismo",
"Mani":"manihejsko pismo",
"Maya":"majanski hijeroglifi",
"Mero":"meroitic pismo",
"Mlym":"majalajam pismo",
"Mong":"mongolijsko pismo",
"Moon":"moon pismo",
"Mtei":"meitei mayek pismo",
"Mymr":"mianmarko pismo",
"Nkoo":"n'ko pismo",
"Ogam":"ogham pismo",
"Olck":"ol chiki pismo",
"Orkh":"orkhon pismo",
"Orya":"oriya pismo",
"Osma":"osmanya pismo",
"Perm":"staro permic pismo",
"Phag":"phags-pa pismo",
"Phli":"pisani pahlavi",
"Phlp":"psalter pahlavi",
"Phlv":"pahlavi pismo",
"Phnx":"feničko pismo",
"Plrd":"pollard fonetsko pismo",
"Prti":"pisani parthian",
"Rjng":"rejang pismo",
"Roro":"rongorongo pismo",
"Runr":"runsko pismo",
"Samr":"samaritansko pismo",
"Sara":"sarati pismo",
"Saur":"saurashtra pismo",
"Sgnw":"znakovno pismo",
"Shaw":"shavian pismo",
"Sinh":"singaleško pismo",
"Sund":"sudansko pismo",
"Sylo":"syloti nagri pismo",
"Syrc":"sirijsko pismo",
"Syre":"sirijsko estrangelo pismo",
"Syrj":"pismo zapadne Sirije",
"Syrn":"pismo istočne Sirije",
"Tagb":"tagbanwa pismo",
"Tale":"tai le pismo",
"Talu":"novo tai lue pismo",
"Taml":"tamilsko pismo",
"Tavt":"tai viet pismo",
"Telu":"telugu pismo",
"Teng":"tengwar pismo",
"Tfng":"tifinar",
"Tglg":"tagalog pismo",
"Thaa":"thaana pismo",
"Thai":"tajlandsko pismo",
"Tibt":"tibetansko pismo",
"Ugar":"ugaritsko pismo",
"Vaii":"vai pismo",
"Visp":"Visible Speech",
"Xpeo":"staro perzijsko pismo",
"Xsux":"sumersko-akadsko cuneiform pismo",
"Yiii":"Yi pismo",
"Zinh":"nasljedno pismo",
"Zmth":"matematičko znakovlje",
"Zsym":"simboli",
"Zxxx":"nepisani jezik",
"Zyyy":"zajedničko pismo",
"Zzzz":"nepoznato ili nevažeće pismo"
},
"territories":{
"001":"Svijet",
"002":"Afrika",
"003":"Sjevernoamerički kontinent",
"005":"Južna Amerika",
"009":"Oceanija",
"011":"Zapadna Afrika",
"013":"Centralna Amerika",
"014":"Istočna Afrika",
"015":"Sjeverna Afrika",
"017":"Središnja Afrika",
"018":"Južna Afrika",
"019":"Amerike",
"021":"Sjeverna Amerika",
"029":"Karibi",
"030":"Istočna Azija",
"034":"Južna Azija",
"035":"Jugoistočna Azija",
"039":"Južna Europa",
"053":"Australija i Novi Zeland",
"054":"Melanezija",
"057":"Mikronezki oblast",
"061":"Polinezija",
"062":"Južno-centralna Azija",
"142":"Azija",
"143":"Srednja Azija",
"145":"Zapadna Azija",
"150":"Europa",
"151":"Istočna Europa",
"154":"Sjeverna Europa",
"155":"Zapadna Europa",
"172":"Zajednica nezavisnih država",
"419":"Latinska Amerika",
"830":"Kanalski otoci",
"AC":"Otok Ascension",
"AD":"Andora",
"AE":"Ujedinjeni Arapski Emirati",
"AF":"Afganistan",
"AG":"Antigua i Barbuda",
"AI":"Anguila",
"AL":"Albanija",
"AM":"Armenija",
"AN":"Nizozemski Antili",
"AO":"Angola",
"AQ":"Antarktik",
"AR":"Argentina",
"AS":"Američka Samoa",
"AT":"Austrija",
"AU":"Australija",
"AW":"Aruba",
"AX":"Alandski otoci",
"AZ":"Azerbajdžan",
"BA":"Bosna i Hercegovina",
"BB":"Barbados",
"BD":"Bangladeš",
"BE":"Belgija",
"BF":"Burkina Faso",
"BG":"Bugarska",
"BH":"Bahrein",
"BI":"Burundi",
"BJ":"Benin",
"BL":"Sveti Bartolomej",
"BM":"Bermuda",
"BN":"Brunej",
"BO":"Bolivija",
"BR":"Brazil",
"BS":"Bahami",
"BT":"Butan",
"BV":"Otok Bouvet",
"BW":"Bocvana",
"BY":"Bjelorusija",
"BZ":"Belize",
"CA":"Kanada",
"CC":"Kokosovi Otoci",
"CD":"Demokratska Republika Kongo",
"CF":"Srednjoafrička Republika",
"CG":"Kongo - Brazzaville",
"CH":"Švicarska",
"CI":"Obala Bjelokosti",
"CK":"Kukovi Otoci",
"CL":"Čile",
"CM":"Kamerun",
"CN":"Kina",
"CO":"Kolumbija",
"CP":"Otok Clipperton",
"CR":"Kostarika",
"CS":"Srbija i Crna Gora",
"CU":"Kuba",
"CV":"Zeleni Rt",
"CX":"Božićni Otok",
"CY":"Cipar",
"CZ":"Češka Republika",
"DE":"Njemačka",
"DG":"Diego Garcia",
"DJ":"Džibuti",
"DK":"Danska",
"DM":"Dominika",
"DO":"Dominikanska Republika",
"DZ":"Alžir",
"EA":"Ceuta i Melilla",
"EC":"Ekvador",
"EE":"Estonija",
"EG":"Egipat",
"EH":"Zapadna Sahara",
"ER":"Eritreja",
"ES":"Španjolska",
"ET":"Etiopija",
"EU":"Europska Unija",
"FI":"Finska",
"FJ":"Fidži",
"FK":"Falklandski Otoci",
"FM":"Mikronezija",
"FO":"Farski Otoci",
"FR":"Francuska",
"FX":"Metropolitanska Francuska",
"GA":"Gabon",
"GB":"Velika Britanija",
"GD":"Grenada",
"GE":"Gruzija",
"GF":"Francuska Gvajana",
"GG":"Guernsey",
"GH":"Gana",
"GI":"Gibraltar",
"GL":"Grenland",
"GM":"Gambija",
"GN":"Gvineja",
"GP":"Guadeloupe",
"GQ":"Ekvatorska Gvineja",
"GR":"Grčka",
"GS":"Južna Gruzija i Južni Sendvič Otoci",
"GT":"Gvatemala",
"GU":"Guam",
"GW":"Gvineja Bisau",
"GY":"Gvajana",
"HK":"Hong Kong S.A.R. Kine",
"HM":"Otok Heard i Otoci McDonald",
"HN":"Honduras",
"HR":"Hrvatska",
"HT":"Haiti",
"HU":"Mađarska",
"IC":"Kanarski Otoci",
"ID":"Indonezija",
"IE":"Irska",
"IL":"Izrael",
"IM":"Otok Man",
"IN":"Indija",
"IO":"Britanski Teritorij Indijskog Oceana",
"IQ":"Irak",
"IR":"Iran",
"IS":"Island",
"IT":"Italija",
"JE":"Jersey",
"JM":"Jamajka",
"JO":"Jordan",
"JP":"Japan",
"KE":"Kenija",
"KG":"Kirgistan",
"KH":"Kambodža",
"KI":"Kiribati",
"KM":"Komori",
"KN":"Sveti Kristofor i Nevis",
"KP":"Sjeverna Koreja",
"KR":"Južna Koreja",
"KW":"Kuvajt",
"KY":"Kajmanski Otoci",
"KZ":"Kazakstan",
"LA":"Laos",
"LB":"Libanon",
"LC":"Sveta Lucija",
"LI":"Lihtenštajn",
"LK":"Šri Lanka",
"LR":"Liberija",
"LS":"Lesoto",
"LT":"Litva",
"LU":"Luksemburg",
"LV":"Latvija",
"LY":"Libija",
"MA":"Maroko",
"MC":"Monako",
"MD":"Moldavija",
"ME":"Crna Gora",
"MF":"Sveti Martin",
"MG":"Madagaskar",
"MH":"Maršalovi Otoci",
"MK":"Makedonija",
"ML":"Mali",
"MM":"Mijanma",
"MN":"Mongolija",
"MO":"Makao S.A.R. Kine",
"MP":"Sjeverni Marijanski Otoci",
"MQ":"Martinik",
"MR":"Mauritanija",
"MS":"Montserat",
"MT":"Malta",
"MU":"Mauricijus",
"MV":"Maldivi",
"MW":"Malavi",
"MX":"Meksiko",
"MY":"Malezija",
"MZ":"Mozambik",
"NA":"Namibija",
"NC":"Nova Kaledonija",
"NE":"Niger",
"NF":"Otok Norfolk",
"NG":"Nigerija",
"NI":"Nikaragva",
"NL":"Nizozemska",
"NO":"Norveška",
"NP":"Nepal",
"NR":"Nauru",
"NU":"Niue",
"NZ":"Novi Zeland",
"OM":"Oman",
"PA":"Panama",
"PE":"Peru",
"PF":"Francuska Polinezija",
"PG":"Papua Nova Gvineja",
"PH":"Filipini",
"PK":"Pakistan",
"PL":"Poljska",
"PM":"Sveti Petar i Miguel",
"PN":"Pitcairn",
"PR":"Portoriko",
"PS":"Palestinsko Područje",
"PT":"Portugal",
"PW":"Palau",
"PY":"Paragvaj",
"QA":"Katar",
"QO":"Ostala oceanija",
"RE":"Reunion",
"RO":"Rumunjska",
"RS":"Srbija",
"RU":"Rusija",
"RW":"Ruanda",
"SA":"Saudijska Arabija",
"SB":"Solomonski Otoci",
"SC":"Sejšeli",
"SD":"Sudan",
"SE":"Švedska",
"SG":"Singapur",
"SH":"Sveta Helena",
"SI":"Slovenija",
"SJ":"Svalbard i Jan Mayen",
"SK":"Slovačka",
"SL":"Sijera Leone",
"SM":"San Marino",
"SN":"Senegal",
"SO":"Somalija",
"SR":"Surinam",
"ST":"Sveti Toma i Prinsipe",
"SV":"El Salvador",
"SY":"Sirija",
"SZ":"Svazi",
"TA":"Tristan da Cunha",
"TC":"Turkski i Kaikos Otoci",
"TD":"Čad",
"TF":"Francuski Južni Teritoriji",
"TG":"Togo",
"TH":"Tajland",
"TJ":"Tadžikistan",
"TK":"Tokelau",
"TL":"Istočni Timor",
"TM":"Turkmenistan",
"TN":"Tunis",
"TO":"Tonga",
"TR":"Turska",
"TT":"Trinidad i Tobago",
"TV":"Tuvalu",
"TW":"Tajvan",
"TZ":"Tanzanija",
"UA":"Ukrajina",
"UG":"Uganda",
"UM":"Ujedinjene Države Manjih Pacifičkih Otoka",
"US":"Sjedinjene Države",
"UY":"Urugvaj",
"UZ":"Uzbekistan",
"VA":"Grad Vatikan",
"VC":"Sveti Vincent i Grenadini",
"VE":"Venezuela",
"VG":"Britanski Djevičanski Otoci",
"VI":"Američki Djevičanski Otoci",
"VN":"Vijetnam",
"VU":"Vanuatu",
"WF":"Wallis i Futuna",
"WS":"Samoa",
"YE":"Jemen",
"YT":"Majote",
"ZA":"Južnoafrička Republika",
"ZM":"Zambija",
"ZW":"Zimbabve",
"ZZ":"nepoznata ili nevažeća oblast"
},
"orientation":"left-to-right",
"dateFormat-full":"EEEE, d. MMMM y.",
"dateFormat-long":"d. MMMM y.",
"dateFormat-medium":"d. M. y.",
"dateFormat-short":"d.M.y.",
"timeFormat-full":"HH:mm:ss zzzz",
"timeFormat-long":"HH:mm:ss z",
"timeFormat-medium":"HH:mm:ss",
"timeFormat-short":"HH:mm",
"dateTimeFormat-full":"{1} {0}",
"dateTimeFormat-long":"{1} {0}",
"dateTimeFormat-medium":"{1} {0}",
"dateTimeFormat-short":"{1} {0}",
"months-defaultContext":"format",
"months-defaultWidth":"wide",
"months-format-abbreviated":[
"sij",
"velj",
"ožu",
"tra",
"svi",
"lip",
"srp",
"kol",
"ruj",
"lis",
"stu",
"pro"],
"months-format-narrow":[
"1.",
"2.",
"3.",
"4.",
"5.",
"6.",
"7.",
"8.",
"9.",
"10.",
"11.",
"12."],
"months-format-wide":[
"siječnja",
"veljače",
"ožujka",
"travnja",
"svibnja",
"lipnja",
"srpnja",
"kolovoza",
"rujna",
"listopada",
"studenoga",
"prosinca"],
"months-standAlone-abbreviated":[
"sij",
"velj",
"ožu",
"tra",
"svi",
"lip",
"srp",
"kol",
"ruj",
"lis",
"stu",
"pro"],
"months-standAlone-narrow":[
"1.",
"2.",
"3.",
"4.",
"5.",
"6.",
"7.",
"8.",
"9.",
"10.",
"11.",
"12."],
"months-standAlone-wide":[
"siječanj",
"veljača",
"ožujak",
"travanj",
"svibanj",
"lipanj",
"srpanj",
"kolovoz",
"rujan",
"listopad",
"studeni",
"prosinac"],
"days-defaultContext":"format",
"days-defaultWidth":"wide",
"days-format-abbreviated":[
"ned",
"pon",
"uto",
"sri",
"čet",
"pet",
"sub"],
"days-format-narrow":[
"N",
"P",
"U",
"S",
"Č",
"P",
"S"],
"days-format-wide":[
"nedjelja",
"ponedjeljak",
"utorak",
"srijeda",
"četvrtak",
"petak",
"subota"],
"days-standAlone-abbreviated":[
"ned",
"pon",
"uto",
"sri",
"čet",
"pet",
"sub"],
"days-standAlone-narrow":[
"n",
"p",
"u",
"s",
"č",
"p",
"s"],
"days-standAlone-wide":[
"nedjelja",
"ponedjeljak",
"utorak",
"srijeda",
"četvrtak",
"petak",
"subota"],
"quarters-format-abbreviated":[
"1kv",
"2kv",
"3kv",
"4kv"],
"quarters-format-narrow":[
"1.",
"2.",
"3.",
"4."],
"quarters-format-wide":[
"1. kvartal",
"2. kvartal",
"3. kvartal",
"4. kvartal"],
"quarters-standAlone-abbreviated":[
"1kv",
"2kv",
"3kv",
"4kv"],
"quarters-standAlone-narrow":[
"1.",
"2.",
"3.",
"4."],
"quarters-standAlone-wide":[
"1. kvartal",
"2. kvartal",
"3. kvartal",
"4. kvartal"],
"dayPeriods-format-abbreviated":[
"prije podne",
"PM"],
"dayPeriods-format-narrow":[
"prije podne",
"PM"],
"dayPeriods-format-wide":[
"prije podne",
"PM"],
"dayPeriods-standAlone-abbreviated":[
"prije podne",
"PM"],
"dayPeriods-standAlone-narrow":[
"prije podne",
"PM"],
"dayPeriods-standAlone-wide":[
"prije podne",
"PM"],
"decimalFormat":{
"standard":"#,##0.###"},
"decimalFormat-short":{
"1000":"0.0K",
"10000":"00K",
"100000":"000K",
"1000000":"0.0M",
"10000000":"00M",
"100000000":"000M",
"1000000000":"0.0G",
"10000000000":"00B",
"100000000000":"000B",
"1000000000000":"0.0T",
"10000000000000":"00T",
"100000000000000":"000T"},
"scientificFormat":{
"standard":"#E0"},
"percentFormat":{
"standard":"#,##0%"},
"currencyFormat":{
"standard":"#,##0.00 ¤"},
"symbols-latn-decimal":",",
"symbols-latn-group":".",
"symbols-latn-list":";",
"symbols-latn-percentSign":"%",
"symbols-latn-plusSign":"+",
"symbols-latn-minusSign":"-",
"symbols-latn-exponential":"E",
"symbols-latn-perMille":"‰",
"symbols-latn-infinity":"∞",
"symbols-latn-nan":"NaN",
"weekData-minDays":1,
"weekData-firstDay":1,
"weekData-weekendStart":6,
"weekData-weekendEnd":0
}