{
"languages":{
"aa":"Afar",
"ab":"Abkhaz",
"ace":"Aceh",
"ach":"Acholi",
"ada":"Adangme",
"ady":"Adygei",
"ae":"Avestan",
"af":"Afrikaans",
"afa":"Rumpun Bahasa Afro-Asia",
"afh":"Afrihili",
"ain":"Ainu",
"ak":"Akan",
"akk":"Akkadien",
"ale":"Aleut",
"alg":"Bahasa Algonquia",
"alt":"Altai Selatan",
"am":"Amharik",
"an":"Aragon",
"ang":"Inggris Kuno (kl.450-1100)",
"anp":"Angika",
"apa":"Rumpun Bahasa Apache",
"ar":"Arab",
"arc":"Aram",
"arn":"Araukan",
"arp":"Arapaho",
"art":"Buatan (Lainnya)",
"arw":"Arawak",
"as":"Assam",
"asa":"Asu",
"ast":"Astur",
"ath":"Rumpun Bahasa Athapaska",
"aus":"Rumpun Bahasa Australia",
"av":"Avar",
"awa":"Awadhi",
"ay":"Aymara",
"az":"Azerbaijan",
"ba":"Bashkir",
"bad":"Banda",
"bai":"Rumpun Bahasa Bamileke",
"bal":"Baluchi",
"ban":"Bali",
"bas":"Basa",
"bat":"Rumpun Bahasa Baltik",
"be":"Belarusia",
"bej":"Beja",
"bem":"Bemba",
"ber":"Rumpun Bahasa Berber",
"bez":"Bena",
"bg":"Bulgaria",
"bh":"Bihari",
"bho":"Bhojpur",
"bi":"Bislama",
"bik":"Bikol",
"bin":"Bini",
"bla":"Siksika",
"bm":"Bambara",
"bn":"Bengali",
"bnt":"Bantu",
"bo":"Tibet",
"br":"Breton",
"bra":"Braj",
"brx":"Bodo",
"bs":"Bosnia",
"btk":"Batak",
"bua":"Buriat",
"bug":"Bugis",
"byn":"Blin",
"ca":"Katalan",
"cad":"Kado",
"cai":"India Amerika Tengah (Lainnnya)",
"car":"Karib",
"cau":"Rumpun Bahasa Kaukasia",
"cch":"Atsam",
"ce":"Chechen",
"ceb":"Cebuano",
"cel":"Celtic (Lainnya)",
"ch":"Chamorro",
"chb":"Chibcha",
"chg":"Chagatai",
"chk":"Chuuke",
"chm":"Mari",
"chn":"Jargon Chinook",
"cho":"Koktaw",
"chp":"Chipewyan",
"chr":"Cherokee",
"chy":"Cheyenne",
"cmc":"Bahasa Chamik",
"co":"Korsika",
"cop":"Koptik",
"cpe":"Kreol dan Pijin Lain berbasis Inggris",
"cpf":"Kreol dan Pidgins Lain berbasis Prancis",
"cpp":"Kreol dan Pijin Lain berbasis Portugis",
"cr":"Kree",
"crh":"Tatar Krimea",
"crp":"Kreol dan Pijin Lain",
"cs":"Cheska",
"csb":"Kashubia",
"cu":"Bahasa Gereja Slavonia",
"cus":"Rumpun Bahasa Kush",
"cv":"Chuvash",
"cy":"Welsh",
"da":"Dansk",
"dak":"Dakota",
"dar":"Dargwa",
"day":"Dayak",
"de":"Jerman",
"de_AT":"Jerman Austria",
"de_CH":"Jerman Tinggi Swiss",
"del":"Delaware",
"den":"Slave",
"dgr":"Dogrib",
"din":"Dinka",
"doi":"Dogri",
"dra":"Rumpun Bahasa Dravidia",
"dsb":"Sorbia Rendah",
"dua":"Duala",
"dum":"Belanda Tengah",
"dv":"Divehi",
"dyu":"Dyula",
"dz":"Dzongkha",
"ebu":"Embu",
"ee":"Ewe",
"efi":"Efik",
"egy":"Mesir Kuno",
"eka":"Ekajuk",
"el":"Yunani",
"elx":"Elam",
"en":"Inggris",
"en_AU":"Inggris Australia",
"en_CA":"Inggris Kanada",
"en_GB":"Inggris Inggris",
"en_US":"Inggris A.S.",
"enm":"Inggris, Abad Pertengahan (1100-1500)",
"eo":"Esperanto",
"es":"Spanyol",
"es_419":"Spanyol Amerika Latin",
"es_ES":"Spanyol (Iberia)",
"et":"Estonian",
"eu":"Basque",
"ewo":"Ewondo",
"fa":"Persia",
"fan":"Fang",
"fat":"Fanti",
"ff":"Fulah",
"fi":"Suomi",
"fil":"Filipina",
"fiu":"Rumpun Bahasa Finno-Ugrik",
"fj":"Fiji",
"fo":"Faro",
"fon":"Fon",
"fr":"Perancis",
"fr_CA":"Prancis Kanada",
"fr_CH":"Prancis Swiss",
"frm":"Perancis, Abad Pertengahan (kl.1400-1600)",
"fro":"Perancis Kuno (842-kl.1400)",
"frr":"Frisia Utara",
"frs":"Frisia Timur",
"fur":"Friuli",
"fy":"Frisia Barat",
"ga":"Irlandia",
"gaa":"Ga",
"gay":"Gayo",
"gba":"Gbaya",
"gd":"Gaelik Skotlandia",
"gem":"Jermanik (Lainnya)",
"gez":"Geez",
"gil":"Gilbert",
"gl":"Galisia",
"gmh":"Jerman, Abad Pertengahan (kl.1050-1500)",
"gn":"Guarani",
"goh":"Jerman Kuno (kl.750-1050)",
"gon":"Gondi",
"gor":"Gorontalo",
"got":"Gothik",
"grb":"Grebo",
"grc":"Yunani Kuno (sd 1453)",
"gsw":"Jerman Swiss",
"gu":"Gujarati",
"gv":"Manx",
"gwi":"Gwich'in",
"ha":"Hausa",
"hai":"Haida",
"haw":"Hawaii",
"he":"Ibrani",
"hi":"Hindi",
"hil":"Hiligaynon",
"him":"Himachali",
"hit":"Hitit",
"hmn":"Hmong",
"ho":"Hiri Motu",
"hr":"Kroasia",
"hsb":"Sorbia Atas",
"ht":"Haiti",
"hu":"Hungaria",
"hup":"Hupa",
"hy":"Armenia",
"hz":"Herero",
"ia":"Interlingua",
"iba":"Iban",
"id":"Bahasa Indonesia",
"ie":"Interlingue",
"ig":"Igbo",
"ii":"Sichuan Yi",
"ijo":"Ijo",
"ik":"Inupiak",
"ilo":"Iloko",
"inc":"Rumpun Bahasa Indik",
"ine":"Rumpun Bahasa Indo-Eropa",
"inh":"Ingushetia",
"io":"Ido",
"ira":"Rumpun Bahasa Iran",
"iro":"Rumpun Bahasa Iroquis",
"is":"Islandia",
"it":"Italia",
"iu":"Inuktitut",
"ja":"Jepang",
"jbo":"Lojban",
"jpr":"Ibrani-Persia",
"jrb":"Ibrani-Arab",
"jv":"Jawa",
"ka":"Georgia",
"kaa":"Kara-Kalpak",
"kab":"Kabyle",
"kac":"Kachin",
"kaj":"Jju",
"kam":"Kamba",
"kar":"Karen",
"kaw":"Kawi",
"kbd":"Kabardi",
"kcg":"Tyap",
"kea":"Kabuverdianu",
"kfo":"Koro",
"kg":"Kongo",
"kha":"Khasi",
"khi":"Rumpun Bahasa Khoisa",
"kho":"Khotan",
"ki":"Kikuyu",
"kj":"Kuanyama",
"kk":"Kazakh",
"kl":"Kalaallisut",
"km":"Khmer",
"kmb":"Kimbundu",
"kn":"Kannada",
"ko":"Korea",
"kok":"Konkani",
"kos":"Kosre",
"kpe":"Kpelle",
"kr":"Kanuri",
"krc":"Karachai Balkar",
"krl":"Karelia",
"kro":"Kru",
"kru":"Kuruk",
"ks":"Kashmir",
"ku":"Kurdi",
"kum":"Kumyk",
"kut":"Kutenai",
"kv":"Komi",
"kw":"Kornish",
"ky":"Kirgiz",
"la":"Latin",
"lad":"Ladino",
"lah":"Lahnda",
"lam":"Lamba",
"lb":"Luxembourg",
"lez":"Lezghia",
"lg":"Ganda",
"li":"Limburgia",
"ln":"Lingala",
"lo":"Lao",
"lol":"Mongo",
"loz":"Lozi",
"lt":"Lithuania",
"lu":"Luba-Katanga",
"lua":"Luba-Lulua",
"lui":"Luiseno",
"lun":"Lunda",
"luo":"Luo",
"lus":"Lushai",
"lv":"Latvia",
"mad":"Madura",
"mag":"Magahi",
"mai":"Maithili",
"mak":"Makassar",
"man":"Mandingo",
"map":"Austronesia",
"mas":"Masai",
"mdf":"Moksha",
"mdr":"Mandar",
"men":"Mende",
"mg":"Malagasi",
"mga":"Irlandia Abad Pertengahan (900-1200)",
"mh":"Marshall",
"mi":"Maori",
"mic":"Mikmak",
"min":"Minangkabau",
"mis":"Bahasa Lain-lain",
"mk":"Makedonia",
"mkh":"Mon-Khmer (Lainnya)",
"ml":"Malayalam",
"mn":"Mongolian",
"mnc":"Manchuria",
"mni":"Manipur",
"mno":"Rumpun Bahasa Manobo",
"mo":"Moldavian",
"moh":"Mohawk",
"mos":"Mossi",
"mr":"Marathi",
"ms":"Malay",
"mt":"Malta",
"mul":"Beberapa Bahasa",
"mun":"Rumpun Bahasa Munda",
"mus":"Bahasa Muskogee",
"mwl":"Miranda",
"mwr":"Marwari",
"my":"Burma",
"myn":"Rumpun Bahasa Maya",
"myv":"Erza",
"na":"Nauru",
"nah":"Nahuatl",
"nai":"Rumpun Bahasa Indian Amerika Utara",
"nap":"Neapolitan",
"nb":"Bokmål Norwegia",
"nd":"Ndebele Utara",
"nds":"Jerman Rendah",
"ne":"Nepal",
"new":"Newari",
"ng":"Ndonga",
"nia":"Nias",
"nic":"Rumpun Bahasa Niger-Kordofania",
"niu":"Niuea",
"nl":"Belanda",
"nl_BE":"Flemish",
"nn":"Norwegian Nynorsk",
"no":"Norwegian",
"nog":"Nogai",
"non":"Norse Kuno",
"nqo":"N'Ko",
"nr":"Ndebele Selatan",
"nso":"Sotho Utara",
"nub":"Rumpun Bahasa Nubia",
"nv":"Navajo",
"nwc":"Newari Klasik",
"ny":"Nyanja",
"nym":"Nyamwezi",
"nyn":"Nyankole",
"nyo":"Nyoro",
"nzi":"Nzima",
"oc":"Ositania",
"oj":"Ojibwa",
"om":"Oromo",
"or":"Oriya",
"os":"Ossetia",
"osa":"Osage",
"ota":"Turki Osmani",
"oto":"Rumpun Bahasa Otomia",
"pa":"Punjabi",
"paa":"Rumpun Bahasa Papua",
"pag":"Pangasina",
"pal":"Pahlevi",
"pam":"Pampanga",
"pap":"Papiamento",
"pau":"Palau",
"peo":"Persia Kuno (kl.600-400 SM.)",
"phi":"Rumpun Bahasa Filipina",
"phn":"Funisia",
"pi":"Pali",
"pl":"Polandia",
"pon":"Pohnpeia",
"pra":"Rumpun Bahasa Prakrit",
"pro":"Provençal Lama",
"ps":"Pashto",
"pt":"Portugis",
"pt_BR":"Portugis Brasil",
"pt_PT":"Portugis (Iberia)",
"qu":"Quechua",
"raj":"Rajasthani",
"rap":"Rapanui",
"rar":"Rarotonga",
"rm":"Reto-Roman",
"rn":"Rundi",
"ro":"Rumania",
"roa":"Rumpun Bahasa Roman",
"rom":"Romani",
"root":"Root",
"ru":"Rusia",
"rup":"Makedo-Rumania",
"rw":"Kinyarwanda",
"sa":"Sansekerta",
"sad":"Sandawe",
"sah":"Sakha",
"sai":"Rumpun Bahasa Indian Amerika Selatan",
"sal":"Rumpun Bahasa Salisha",
"sam":"Aram Samaria",
"sas":"Sasak",
"sat":"Santali",
"sc":"Sardinia",
"scn":"Sisilia",
"sco":"Skotlandia",
"sd":"Sindhi",
"se":"Northern Sami",
"sel":"Selkup",
"sem":"Rumpun Bahasa Semit",
"sg":"Sango",
"sga":"Irlandia Kuno",
"sgn":"Bahasa Isyarat",
"sh":"Serbo-Croatian",
"shn":"Shan",
"si":"Sinhala",
"sid":"Sidamo",
"sio":"Rumpun Bahasa Sioux",
"sit":"Rumpun Bahasa Sino-Tibet",
"sk":"Slowakia",
"sl":"Slovenia",
"sla":"Rumpun Bahasa Slavik",
"sm":"Samoan",
"sma":"Sami Selatan",
"smi":"Rumpun Bahasa Sami",
"smj":"Lule Sami",
"smn":"Inari Sami",
"sms":"Skolt Sami",
"sn":"Shona",
"snk":"Soninke",
"so":"Somali",
"sog":"Sogdien",
"son":"Songhai",
"sq":"Albanian",
"sr":"Serb",
"srn":"Sranan Tongo",
"srr":"Serer",
"ss":"Swati",
"ssa":"Rumpun Bahasa Nilo-Sahara",
"st":"Sotho Selatan",
"su":"Sunda",
"suk":"Sukuma",
"sus":"Susu",
"sux":"Sumeria",
"sv":"Swedia",
"sw":"Swahili",
"swb":"Komoria",
"syr":"Suriah",
"ta":"Tamil",
"tai":"Rumpun Bahasa Tai",
"te":"Telugu",
"tem":"Timne",
"ter":"Tereno",
"tet":"Tetun",
"tg":"Tajik",
"th":"Thai",
"ti":"Tigrinya",
"tig":"Tigre",
"tiv":"Tiv",
"tk":"Turkmen",
"tkl":"Tokelau",
"tl":"Tagalog",
"tlh":"Klingon",
"tli":"Tlingit",
"tmh":"Tamashek",
"tn":"Tswana",
"to":"Tonga",
"tog":"Nyasa Tonga",
"tpi":"Tok Pisin",
"tr":"Turki",
"ts":"Tsonga",
"tsi":"Tsimshia",
"tt":"Tatar",
"tum":"Tumbuka",
"tup":"Rumpun Bahasa Tupi",
"tut":"Altai",
"tvl":"Tuvalu",
"tw":"Twi",
"ty":"Tahiti",
"tyv":"Tuvinia",
"udm":"Udmurt",
"ug":"Uighur",
"uga":"Ugarit",
"uk":"Ukraina",
"umb":"Umbundu",
"und":"Bahasa Tidak Dikenal",
"ur":"Urdu",
"uz":"Uzbek",
"vai":"Vai",
"ve":"Venda",
"vi":"Vietnam",
"vo":"Volapük",
"vot":"Votia",
"wa":"Walloon",
"wak":"Rumpun Bahasa Wakasha",
"wal":"Walamo",
"war":"Warai",
"was":"Washo",
"wen":"Rumpun Bahasa Sorbia",
"wo":"Wolof",
"xal":"Kalmuk",
"xh":"Xhosa",
"yao":"Yao",
"yap":"Yapois",
"yi":"Yiddish",
"yo":"Yoruba",
"ypk":"Rumpun Bahasa Yupik",
"yue":"Kanton",
"za":"Zhuang",
"zap":"Zapotek",
"zen":"Zenaga",
"zh":"Mandarin",
"zh_Hans":"Mandarin (aksara sederhana)",
"zh_Hant":"Mandarin (aksara tradisional)",
"znd":"Zande",
"zu":"Zulu",
"zun":"Zuni",
"zxx":"Tidak ada konten linguistik",
"zza":"Zaza"
},
"scripts":{
"Arab":"Arab",
"Armn":"Armenia",
"Batk":"Batak",
"Beng":"Bengali",
"Blis":"Blissymbol",
"Bopo":"Bopomofo",
"Brah":"Brahmi",
"Brai":"Braille",
"Bugi":"Bugis",
"Buhd":"Buhid",
"Cans":"Simbol Aborigin Kanada Kesatuan",
"Cari":"Karia",
"Cher":"Cherokee",
"Cirt":"Cirth",
"Copt":"Koptik",
"Cprt":"Siprus",
"Cyrl":"Sirilik",
"Cyrs":"Gereja Slavonia Sirilik Lama",
"Deva":"Devanagari",
"Dsrt":"Deseret",
"Egyd":"Demotik Mesir",
"Egyh":"Hieratik Mesir",
"Egyp":"Hieroglip Mesir",
"Ethi":"Etiopia",
"Geok":"Georgian Khutsuri",
"Geor":"Georgia",
"Glag":"Glagolitic",
"Goth":"Gothic",
"Grek":"Yunani",
"Gujr":"Gujarati",
"Guru":"Gurmukhi",
"Hang":"Hangul",
"Hani":"Han",
"Hano":"Hanunoo",
"Hans":"Sederhana",
"Hant":"Tradisional",
"Hebr":"Ibrani",
"Hira":"Hiragana",
"Hmng":"Pahawh Hmong",
"Hrkt":"Katakana atau Hiragana",
"Hung":"Hongaria Lama",
"Inds":"Indus",
"Ital":"Italia Lama",
"Java":"Jawa",
"Jpan":"Jepang",
"Kali":"Kayah Li",
"Kana":"Katakana",
"Khar":"Kharoshthi",
"Khmr":"Khmer",
"Knda":"Kannada",
"Kore":"Korea",
"Lana":"Lanna",
"Laoo":"Laos",
"Latf":"Latin Fraktur",
"Latg":"Latin Gaelic",
"Latn":"Latin",
"Lepc":"Lepcha",
"Limb":"Limbu",
"Lina":"Linear A",
"Linb":"Linear B",
"Lyci":"Lycian",
"Lydi":"Lydian",
"Mand":"Mandaean",
"Maya":"Hieroglip Maya",
"Mero":"Meroitic",
"Mlym":"Malayalam",
"Mong":"Mongolia",
"Moon":"Moon",
"Mtei":"Meitei Mayek",
"Mymr":"Myanmar",
"Nkoo":"N'Ko",
"Ogam":"Ogham",
"Olck":"Chiki Lama",
"Orkh":"Orkhon",
"Orya":"Oriya",
"Osma":"Osmanya",
"Phag":"Phags-pa",
"Phnx":"Phoenix",
"Plrd":"Fonetik Pollard",
"Rjng":"Rejang",
"Roro":"Rongorongo",
"Runr":"Runic",
"Sara":"Sarati",
"Saur":"Saurashtra",
"Sgnw":"Tulisan Isyarat",
"Shaw":"Shavian",
"Sinh":"Sinhala",
"Sund":"Sunda",
"Sylo":"Syloti Nagri",
"Syrc":"Syriac",
"Syre":"Siria Estrangelo",
"Syrj":"Syriac Barat",
"Syrn":"Siria Timur",
"Tagb":"Tagbanwa",
"Tale":"Tai Le",
"Talu":"Tai Lue Baru",
"Taml":"Tamil",
"Telu":"Telugu",
"Teng":"Tenghwar",
"Tfng":"Tifinagh",
"Tglg":"Tagalog",
"Thaa":"Thaana",
"Thai":"Thai",
"Tibt":"Tibet",
"Ugar":"Ugaritic",
"Vaii":"Vai",
"Visp":"Ucapan Terlihat",
"Xsux":"Sumero-Akkadian Cuneiform",
"Yiii":"Yi",
"Zinh":"Warisan",
"Zsym":"Simbol",
"Zxxx":"Tidak Tertulis",
"Zyyy":"Umum",
"Zzzz":"Skrip Tak Dikenal"
},
"territories":{
"001":"Dunia",
"002":"Afrika",
"003":"Amerika Utara",
"005":"Amerika Selatan",
"009":"Oseania",
"011":"Afrika Barat",
"013":"Amerika Tengah",
"014":"Afrika Timur",
"015":"Afrika Utara",
"017":"Afrika Tengah",
"018":"Afrika bagian selatan",
"019":"Amerika",
"021":"Amerika bagian utara",
"029":"Kepulauan Karibia",
"030":"Asia Timur",
"034":"Asia Selatan",
"035":"Asia Tenggara",
"039":"Eropa Selatan",
"053":"Australia dan Selandia Baru",
"054":"Melanesia",
"057":"Wilayah Mikronesia",
"061":"Polinesia",
"142":"Asia",
"143":"Asia Tengah",
"145":"Asia Barat",
"150":"Eropa",
"151":"Eropa Timur",
"154":"Eropa Utara",
"155":"Eropa Barat",
"419":"Amerika Latin",
"AC":"Pulau Ascension",
"AD":"Andora",
"AE":"Uni Emirat Arab",
"AF":"Afghanistan",
"AG":"Antigua dan Barbuda",
"AI":"Anguilla",
"AL":"Albania",
"AM":"Armenia",
"AN":"Antilla Belanda",
"AO":"Angola",
"AQ":"Antarktika",
"AR":"Argentina",
"AS":"Samoa Amerika",
"AT":"Austria",
"AU":"Australia",
"AW":"Aruba",
"AX":"Kepulauan Aland",
"AZ":"Azerbaijan",
"BA":"Bosnia dan Herzegovina",
"BB":"Barbados",
"BD":"Bangladesh",
"BE":"Belgia",
"BF":"Burkina Faso",
"BG":"Bulgaria",
"BH":"Bahrain",
"BI":"Burundi",
"BJ":"Benin",
"BL":"Saint Barthelemy",
"BM":"Bermuda",
"BN":"Brunei",
"BO":"Bolivia",
"BR":"Brasil",
"BS":"Bahama",
"BT":"Bhutan",
"BV":"Pulau Bouvet",
"BW":"Botswana",
"BY":"Belarusia",
"BZ":"Belize",
"CA":"Kanada",
"CC":"Kepulauan Cocos",
"CD":"Kongo - Kinshasa",
"CF":"Republik Afrika Tengah",
"CG":"Kongo - Republik",
"CH":"Swiss",
"CI":"Cote d'Ivoire",
"CK":"Kepulauan Cook",
"CL":"Cile",
"CM":"Kamerun",
"CN":"Cina",
"CO":"Kolombia",
"CP":"Pulau Clipperton",
"CR":"Kosta Rika",
"CS":"Serbia dan Montenegro",
"CU":"Kuba",
"CV":"Tanjung Verde",
"CX":"Pulau Christmas",
"CY":"Siprus",
"CZ":"Republik Ceko",
"DE":"Jerman",
"DG":"Diego Garcia",
"DJ":"Jibuti",
"DK":"Denmark",
"DM":"Dominika",
"DO":"Republik Dominika",
"DZ":"Algeria",
"EA":"Ceuta dan Melilla",
"EC":"Ekuador",
"EE":"Estonia",
"EG":"Mesir",
"EH":"Sahara Barat",
"ER":"Eritrea",
"ES":"Spanyol",
"ET":"Ethiopia",
"EU":"Uni Eropa",
"FI":"Finlandia",
"FJ":"Fiji",
"FK":"Kepulauan Malvinas",
"FM":"Mikronesia",
"FO":"Kepulauan Faroe",
"FR":"Perancis",
"GA":"Gabon",
"GB":"Inggris Raya",
"GD":"Grenada",
"GE":"Georgia",
"GF":"Guyana Perancis",
"GG":"Guernsey",
"GH":"Ghana",
"GI":"Gibraltar",
"GL":"Grinlandia",
"GM":"Gambia",
"GN":"Guinea",
"GP":"Guadeloupe",
"GQ":"Guinea Khatulistiwa",
"GR":"Yunani",
"GS":"Kepulauan South Sandwich dan South Georgia",
"GT":"Guatemala",
"GU":"Guam",
"GW":"Guinea-Bissau",
"GY":"Guyana",
"HK":"Hong Kong SAR China",
"HM":"Pulau Heard dan Kepulauan McDonald",
"HN":"Honduras",
"HR":"Kroasia",
"HT":"Haiti",
"HU":"Hungaria",
"IC":"Kepulauan Canary",
"ID":"Indonesia",
"IE":"Irlandia",
"IL":"Israel",
"IM":"Isle of Man",
"IN":"India",
"IO":"Wilayah Inggris di Samudra Hindia",
"IQ":"Irak",
"IR":"Iran",
"IS":"Islandia",
"IT":"Italia",
"JE":"Jersey",
"JM":"Jamaika",
"JO":"Yordania",
"JP":"Jepang",
"KE":"Kenya",
"KG":"Kirgistan",
"KH":"Kamboja",
"KI":"Kiribati",
"KM":"Komoros",
"KN":"Saint Kitts dan Nevis",
"KP":"Korea Utara",
"KR":"Korea Selatan",
"KW":"Kuwait",
"KY":"Kepulauan Kayman",
"KZ":"Kazakstan",
"LA":"Laos",
"LB":"Lebanon",
"LC":"Saint Lucia",
"LI":"Liechtenstein",
"LK":"Sri Lanka",
"LR":"Liberia",
"LS":"Lesotho",
"LT":"Lituania",
"LU":"Luksemburg",
"LV":"Latvia",
"LY":"Libia",
"MA":"Maroko",
"MC":"Monako",
"MD":"Moldova",
"ME":"Montenegro",
"MF":"Saint Martin",
"MG":"Madagaskar",
"MH":"Kepulauan Marshall",
"MK":"Makedonia",
"ML":"Mali",
"MM":"Myanmar",
"MN":"Mongolia",
"MO":"Makau SAR China",
"MP":"Kepulauan Mariana Utara",
"MQ":"Martinique",
"MR":"Mauritania",
"MS":"Montserrat",
"MT":"Malta",
"MU":"Mauritius",
"MV":"Maladewa",
"MW":"Malawi",
"MX":"Meksiko",
"MY":"Malaysia",
"MZ":"Mozambik",
"NA":"Namibia",
"NC":"Kaledonia Baru",
"NE":"Niger",
"NF":"Kepulauan Norfolk",
"NG":"Nigeria",
"NI":"Nikaragua",
"NL":"Belanda",
"NO":"Norwegia",
"NP":"Nepal",
"NR":"Nauru",
"NU":"Niue",
"NZ":"Selandia Baru",
"OM":"Oman",
"PA":"Panama",
"PE":"Peru",
"PF":"Polinesia Prancis",
"PG":"Nugini Papua Nugini",
"PH":"Filipina",
"PK":"Pakistan",
"PL":"Polandia",
"PM":"Saint Pierre dan Miquelon",
"PN":"Kepulauan Pitcairn",
"PR":"Puerto Riko",
"PS":"Otoritas Palestina",
"PT":"Portugis",
"PW":"Palau",
"PY":"Paraguay",
"QA":"Qatar",
"QO":"Oseania Luar",
"RE":"Réunion",
"RO":"Rumania",
"RS":"Serbia",
"RU":"Rusia",
"RW":"Rwanda",
"SA":"Arab Saudi",
"SB":"Kepulauan Solomon",
"SC":"Seychelles",
"SD":"Sudan",
"SE":"Swedia",
"SG":"Singapura",
"SH":"Saint Helena",
"SI":"Slovenia",
"SJ":"Kepulauan Svalbard dan Jan Mayen",
"SK":"Slovakia",
"SL":"Sierra Leone",
"SM":"San Marino",
"SN":"Senegal",
"SO":"Somalia",
"SR":"Suriname",
"ST":"Sao Tome dan Principe",
"SV":"El Salvador",
"SY":"Syria",
"SZ":"Swaziland",
"TA":"Tristan da Cunha",
"TC":"Kepulauan Turks dan Caicos",
"TD":"Chad",
"TF":"Teritori Kutub Selatan Prancis",
"TG":"Togo",
"TH":"Thailand",
"TJ":"Tajikistan",
"TK":"Tokelau",
"TL":"Timor Leste",
"TM":"Turkimenistan",
"TN":"Tunisia",
"TO":"Tonga",
"TR":"Turki",
"TT":"Trinidad dan Tobago",
"TV":"Tuvalu",
"TW":"Taiwan",
"TZ":"Tanzania",
"UA":"Ukraina",
"UG":"Uganda",
"UM":"Kepulauan Kecil Terluar Amerika Serikat",
"US":"Amerika Serikat",
"UY":"Uruguay",
"UZ":"Uzbekistan",
"VA":"Vatikan",
"VC":"Saint Vincent dan Grenadines",
"VE":"Venezuela",
"VG":"Kepulauan Virgin Inggris",
"VI":"Kepulauan U.S. Virgin",
"VN":"Vietnam",
"VU":"Vanuatu",
"WF":"Kepulauan Wallis dan Futuna",
"WS":"Samoa",
"YE":"Yaman",
"YT":"Mayotte",
"ZA":"Afrika Selatan",
"ZM":"Zambia",
"ZW":"Zimbabwe",
"ZZ":"Wilayah Tidak Dikenal"
},
"orientation":"left-to-right",
"dateFormat-full":"EEEE, dd MMMM yyyy",
"dateFormat-long":"d MMMM yyyy",
"dateFormat-medium":"d MMM yyyy",
"dateFormat-short":"dd/MM/yy",
"timeFormat-full":"H:mm:ss zzzz",
"timeFormat-long":"HH:mm:ss z",
"timeFormat-medium":"HH:mm:ss",
"timeFormat-short":"HH:mm",
"dateTimeFormat-full":"{1} {0}",
"dateTimeFormat-long":"{1} {0}",
"dateTimeFormat-medium":"{1} {0}",
"dateTimeFormat-short":"{1} {0}",
"months-defaultContext":"format",
"months-defaultWidth":"wide",
"months-format-abbreviated":[
"Jan",
"Feb",
"Mar",
"Apr",
"Mei",
"Jun",
"Jul",
"Agt",
"Sep",
"Okt",
"Nov",
"Des"],
"months-format-narrow":[
"J",
"F",
"M",
"A",
"M",
"J",
"J",
"A",
"S",
"O",
"N",
"D"],
"months-format-wide":[
"Januari",
"Februari",
"Maret",
"April",
"Mei",
"Juni",
"Juli",
"Agustus",
"September",
"Oktober",
"November",
"Desember"],
"months-standAlone-abbreviated":[
"Jan",
"Feb",
"Mar",
"Apr",
"Mei",
"Jun",
"Jul",
"Agt",
"Sep",
"Okt",
"Nov",
"Des"],
"months-standAlone-narrow":[
"J",
"F",
"M",
"A",
"M",
"J",
"J",
"A",
"S",
"O",
"N",
"D"],
"months-standAlone-wide":[
"Januari",
"Februari",
"Maret",
"April",
"Mei",
"Juni",
"Juli",
"Agustus",
"September",
"Oktober",
"November",
"Desember"],
"days-defaultContext":"format",
"days-defaultWidth":"wide",
"days-format-abbreviated":[
"Min",
"Sen",
"Sel",
"Rab",
"Kam",
"Jum",
"Sab"],
"days-format-narrow":[
"M",
"S",
"S",
"R",
"K",
"J",
"S"],
"days-format-wide":[
"Minggu",
"Senin",
"Selasa",
"Rabu",
"Kamis",
"Jumat",
"Sabtu"],
"days-standAlone-abbreviated":[
"Min",
"Sen",
"Sel",
"Rab",
"Kam",
"Jum",
"Sab"],
"days-standAlone-narrow":[
"M",
"S",
"S",
"R",
"K",
"J",
"S"],
"days-standAlone-wide":[
"Minggu",
"Senin",
"Selasa",
"Rabu",
"Kamis",
"Jumat",
"Sabtu"],
"quarters-format-abbreviated":[
"K1",
"K2",
"K3",
"K4"],
"quarters-format-narrow":[
"1",
"2",
"3",
"4"],
"quarters-format-wide":[
"kuartal pertama",
"kuartal kedua",
"kuartal ketiga",
"kuartal keempat"],
"quarters-standAlone-abbreviated":[
"K1",
"K2",
"K3",
"K4"],
"quarters-standAlone-narrow":[
"1",
"2",
"3",
"4"],
"quarters-standAlone-wide":[
"kuartal pertama",
"kuartal kedua",
"kuartal ketiga",
"kuartal keempat"],
"dayPeriods-format-abbreviated":[
"pagi",
"malam"],
"dayPeriods-format-narrow":[
"pagi",
"malam"],
"dayPeriods-format-wide":[
"pagi",
"malam"],
"dayPeriods-standAlone-abbreviated":[
"pagi",
"malam"],
"dayPeriods-standAlone-narrow":[
"pagi",
"malam"],
"dayPeriods-standAlone-wide":[
"pagi",
"malam"],
"decimalFormat":{
"standard":"#,##0.###"},
"decimalFormat-short":{
"1000":"0",
"10000":"00 rb",
"100000":"000 rb",
"1000000":"0.0 jt",
"10000000":"00 jt",
"100000000":"000 jt",
"1000000000":"0.0 M",
"10000000000":"00 M",
"100000000000":"000 M",
"1000000000000":"0.0 T",
"10000000000000":"00 T",
"100000000000000":"000 T"},
"scientificFormat":{
"standard":"#E0"},
"percentFormat":{
"standard":"#,##0%"},
"currencyFormat":{
"standard":"¤#,##0.00"},
"symbols-latn-decimal":",",
"symbols-latn-group":".",
"symbols-latn-list":";",
"symbols-latn-percentSign":"%",
"symbols-latn-plusSign":"+",
"symbols-latn-minusSign":"-",
"symbols-latn-exponential":"E",
"symbols-latn-perMille":"‰",
"symbols-latn-infinity":"∞",
"symbols-latn-nan":"NaN",
"weekData-minDays":1,
"weekData-firstDay":0,
"weekData-weekendStart":6,
"weekData-weekendEnd":0
}