{
"languages":{
"aa":"afāru",
"ab":"abhāzu",
"ace":"ačinu",
"ach":"ačolu",
"ada":"adangmu",
"ady":"adigu",
"ae":"avesta",
"af":"afrikandu",
"afa":"afroaziātu valodas",
"afh":"afrihili",
"ain":"ainu",
"ak":"akanu",
"akk":"akadiešu",
"ale":"aleutu",
"alg":"algonkinu valodas",
"alt":"dienvidaltajiešu",
"am":"amharu",
"an":"aragoniešu",
"ang":"senangļu",
"anp":"angika",
"apa":"apaču valodas",
"ar":"arābu",
"arc":"aramiešu",
"arn":"araukāņu",
"arp":"arapahu",
"art":"mākslīgās valodas",
"arw":"aravaku",
"as":"asamiešu",
"ast":"astūriešu",
"ath":"atapasku valodas",
"aus":"austrāliešu valodas",
"av":"avāru",
"awa":"avadhu",
"ay":"aimaru",
"az":"azerbaidžāņu",
"ba":"baškīru",
"bad":"bandu",
"bai":"bamileku valodas",
"bal":"beludžu",
"ban":"baliešu",
"bas":"basu",
"bat":"baltu valodas",
"be":"baltkrievu",
"bej":"bedžu",
"bem":"bembu",
"ber":"berberu",
"bg":"bulgāru",
"bh":"biharu",
"bho":"bhodžpūru",
"bi":"bišlamā",
"bik":"bikolu",
"bin":"binu",
"bla":"siksiku",
"bm":"bambaru",
"bn":"bengāļu",
"bnt":"bantu",
"bo":"tibetiešu",
"br":"bretoņu",
"bra":"bradžiešu",
"bs":"bosniešu",
"btk":"bataku",
"bua":"burjatu",
"bug":"bugu",
"byn":"bilinu",
"ca":"katalāņu",
"cad":"kadu",
"cai":"Centrālamerikas indiāņu valodas",
"car":"karību",
"cau":"kaukāziešu valodas",
"ce":"čečenu",
"ceb":"sebuāņu",
"cel":"ķeltu valoda",
"ch":"čamorru",
"chb":"čibču",
"chg":"džagatajs",
"chk":"čūku",
"chm":"mariešu",
"chn":"činuku žargons",
"cho":"čoktavu",
"chp":"čipevaianu",
"chr":"irokēzu",
"chy":"šejenu",
"cmc":"čamiešu valodas",
"co":"korsikāņu",
"cop":"koptu",
"cpe":"angliskās kreoliskās valodas un pidžinvalodas",
"cpf":"franciskās kreoliskās valodas un pidžinvalodas",
"cpp":"portugāliskās kreoliskās valodas un pidžinvalodas",
"cr":"krī",
"crh":"Krimas tatāru",
"crp":"kreoliskās valodas un pidžinvalodas",
"cs":"čehu",
"csb":"kašubu",
"cu":"baznīcslāvu",
"cus":"kušītu valodas",
"cv":"čuvašu",
"cy":"velsiešu",
"da":"dāņu",
"dak":"dakotu",
"dar":"dargu",
"day":"dajaku",
"de":"vācu",
"de_AT":"Austrijas vācu",
"de_CH":"Šveices augšvācu",
"del":"delavēru",
"den":"sleivu",
"dgr":"dogribu",
"din":"dinku",
"doi":"dogru",
"dra":"dravīdu valodas",
"dsb":"lejassorbu",
"dua":"dualu",
"dum":"vidusholandiešu",
"dv":"maldīviešu",
"dyu":"diūlu",
"dz":"dzongke",
"ee":"evu",
"efi":"efiku",
"egy":"ēģiptiešu",
"eka":"ekadžuku",
"el":"grieķu",
"elx":"elamiešu",
"en":"angļu",
"en_AU":"Austrālijas angļu",
"en_CA":"Kanādas angļu",
"en_GB":"Lielbritānijas angļu",
"en_US":"ASV angļu",
"enm":"vidusangļu",
"eo":"esperanto",
"es":"spāņu",
"es_419":"Latīņamerikas spāņu",
"es_ES":"ibēriešu spāņu",
"et":"igauņu",
"eu":"basku",
"ewo":"evondu",
"fa":"persiešu",
"fan":"fangu",
"fat":"fantu",
"ff":"fulu",
"fi":"somu",
"fil":"filipīniešu",
"fiu":"somugru valodas",
"fj":"fidžiešu",
"fo":"fēru",
"fon":"fonu",
"fr":"franču",
"fr_CA":"Kanādas franču",
"fr_CH":"Šveices franču",
"frm":"vidusfranču",
"fro":"senfranču",
"frr":"ziemeļfrīzu",
"frs":"austrumfrīzu",
"fur":"friūlu",
"fy":"rietumfrīzu",
"ga":"īru",
"gaa":"ga",
"gay":"gajo",
"gba":"gbaju",
"gd":"gēlu",
"gem":"ģermāņu valodas",
"gez":"gēzu",
"gil":"kiribatiešu",
"gl":"galisiešu",
"gmh":"vidusaugšvācu",
"gn":"gvaranu",
"goh":"senaugšvācu",
"gon":"gondu valodas",
"gor":"gorontalu",
"got":"gotu",
"grb":"grebo",
"grc":"sengrieķu",
"gsw":"Šveices vācu",
"gu":"gudžaratu",
"gv":"meniešu",
"gwi":"kučinu",
"ha":"hausu",
"hai":"haidu",
"haw":"havajiešu",
"he":"ivrits",
"hi":"hindi",
"hil":"hiligainonu",
"him":"himačali",
"hit":"hetu",
"hmn":"hmongu",
"ho":"hirimotu",
"hr":"horvātu",
"hsb":"augšsorbu",
"ht":"haitiešu",
"hu":"ungāru",
"hup":"hupu",
"hy":"armēņu",
"hz":"hereru",
"ia":"interlingva",
"iba":"ibanu",
"id":"indonēziešu",
"ie":"interlingve",
"ig":"igbo",
"ii":"Sičuaņas ji",
"ijo":"idžbu",
"ik":"inupiaku",
"ilo":"iloku",
"inc":"indoāriešu valodas",
"ine":"indoeiropiešu valodas",
"inh":"ingušu",
"io":"ido",
"ira":"irāņu valodas",
"iro":"irokēzu valodas",
"is":"īslandiešu",
"it":"itāļu",
"iu":"inuītu",
"ja":"japāņu",
"jbo":"ložbans",
"jpr":"jūdpersiešu",
"jrb":"jūdarābu",
"jv":"javiešu",
"ka":"gruzīnu",
"kaa":"karakalpaku",
"kab":"kabilu",
"kac":"kačinu",
"kam":"kambu",
"kar":"karenu",
"kaw":"kāvi",
"kbd":"kabardiešu",
"kfo":"koru",
"kg":"kongu",
"kha":"khasu",
"khi":"hosjanu valodas",
"kho":"hotaniešu",
"ki":"kikuju",
"kj":"kvaņamu",
"kk":"kazahu",
"kl":"grenlandiešu",
"km":"khmeru",
"kmb":"kimbundu",
"kn":"kannadu",
"ko":"korejiešu",
"kok":"konkanu",
"kos":"kosrājiešu",
"kpe":"kpellu",
"kr":"kanuru",
"krc":"karačaju un balkāru",
"krl":"karēļu",
"kro":"krū",
"kru":"kuruhu",
"ks":"kašmiriešu",
"ku":"kurdu",
"kum":"kumiku",
"kut":"kutenaju",
"kv":"komiešu",
"kw":"korniešu",
"ky":"kirgīzu",
"la":"latīņu",
"lad":"ladino",
"lah":"landu",
"lam":"lambu",
"lb":"luksemburgiešu",
"lez":"lezgīnu",
"lg":"gandu",
"li":"limburgiešu",
"ln":"lingala",
"lo":"laosiešu",
"lol":"mongu",
"loz":"lozu",
"lt":"lietuviešu",
"lu":"lubakatanga",
"lua":"lubalulva",
"lui":"luisenu",
"lun":"lundu",
"luo":"luo",
"lus":"lušeju",
"lv":"latviešu",
"mad":"maduriešu",
"mag":"magahiešu",
"mai":"maithili",
"mak":"makasaru",
"man":"mandingu",
"map":"austronēziešu valoda",
"mas":"masaju",
"mdf":"mokšu",
"mdr":"mandaru",
"men":"mendu",
"mg":"malagasu",
"mga":"vidusīru",
"mh":"māršaliešu",
"mi":"maoru",
"mic":"mikmaku",
"min":"minangkabavu",
"mis":"dažādas valodas",
"mk":"maķedoniešu",
"mkh":"monkhmeru valodas",
"ml":"malajalu",
"mn":"mongoļu",
"mnc":"mandžūru",
"mni":"manipūru",
"mno":"manobu valodas",
"mo":"moldāvu",
"moh":"mohauku",
"mos":"mosu",
"mr":"maratu",
"ms":"malajiešu",
"mt":"maltiešu",
"mul":"vairākas valodas",
"mun":"mundu valodas",
"mus":"krīku",
"mwl":"mirandiešu",
"mwr":"marvaru",
"my":"birmiešu",
"myn":"maiju valodas",
"myv":"erzju",
"na":"nauruiešu",
"nah":"navatlu",
"nai":"Ziemeļamerikas indiāņu valodas",
"nap":"neapoliešu",
"nb":"norvēģu bukmols",
"nd":"ziemeļndebelu",
"nds":"lejasvācu",
"ne":"nepāliešu",
"new":"nevaru",
"ng":"ndongu",
"nia":"njasu",
"nic":"nigēriešu-kordofāņu valodas",
"niu":"niuāņu",
"nl":"holandiešu",
"nl_BE":"flāmu",
"nn":"jaunnorvēģu",
"no":"norvēģu",
"nog":"nogaju",
"non":"sennorvēģu",
"nqo":"nko",
"nr":"dienvidndebelu",
"nso":"ziemeļsotu",
"nub":"nūbiešu valodas",
"nv":"navahu",
"nwc":"klasiskā nevaru",
"ny":"čičeva",
"nym":"ņamvezu",
"nyn":"ņankolu",
"nyo":"ņoru",
"nzi":"nzemu",
"oc":"oksitāņu",
"oj":"odžibvu",
"om":"oromu",
"or":"oriju",
"os":"osetīnu",
"osa":"važāžu",
"ota":"turku osmaņu",
"oto":"otomu valodas",
"pa":"pandžabu",
"paa":"papuasu valodas",
"pag":"pangasinanu",
"pal":"pehlevi",
"pam":"pampanganu",
"pap":"papjamento",
"pau":"palaviešu",
"peo":"senpersu",
"phi":"filipīniešu valodas",
"phn":"feniķiešu",
"pi":"pāli",
"pl":"poļu",
"pon":"ponapiešu",
"pra":"prākrita valodas",
"pro":"senprovansiešu",
"ps":"puštu",
"pt":"portugāļu",
"pt_BR":"Brazīlijas portugāļu",
"pt_PT":"ibēriešu portugāļu",
"qu":"kečvu",
"raj":"radžastāņu",
"rap":"rapanuju",
"rar":"rarotongiešu",
"rm":"retoromāņu",
"rn":"rundu",
"ro":"rumāņu",
"roa":"romāņu valoda",
"rom":"čigānu",
"root":"sakne",
"ru":"krievu",
"rup":"aromūnu",
"rw":"kiņaruanda",
"sa":"sanskrits",
"sad":"sandavu",
"sah":"jakutu",
"sai":"Dienvidamerikas indiāņu",
"sal":"sališu valodas",
"sam":"samārijas aramiešu",
"sas":"sasaku",
"sat":"santalu",
"sc":"sardīniešu",
"scn":"sicīliešu",
"sco":"skotu",
"sd":"sindhu",
"se":"ziemeļsāmu",
"sel":"selkupu",
"sem":"semītu valodas",
"sg":"sangu",
"sga":"senīru",
"sgn":"zīmju valodas",
"sh":"serbu-horvātu",
"shn":"šanu",
"si":"singāļu",
"sid":"sidamu",
"sio":"siū valodas",
"sit":"sinotibetiešu valodas",
"sk":"slovāku",
"sl":"slovēņu",
"sla":"slāvu",
"sm":"samoāņu",
"sma":"dienvidsāmu",
"smi":"sāmu valodas",
"smj":"luleo sāmu",
"smn":"inari sāmu",
"sms":"skoltsāmu",
"sn":"šonu",
"snk":"soninku",
"so":"somāļu",
"sog":"sogdiešu",
"son":"songaju",
"sq":"albāņu",
"sr":"serbu",
"srn":"sranantogo",
"srr":"serēru",
"ss":"svatu",
"ssa":"nīlas-sahāras valodas",
"st":"dienvidsotu",
"su":"sundaniešu",
"suk":"sukumu",
"sus":"susu",
"sux":"šumeru",
"sv":"zviedru",
"sw":"svahili",
"swb":"komoru",
"syc":"klasiskā sīriešu",
"syr":"sīriešu",
"ta":"tamilu",
"tai":"taju valodas",
"te":"telugu",
"tem":"temnu",
"ter":"tereno",
"tet":"tetumu",
"tg":"tadžiku",
"th":"taju",
"ti":"tigrinja",
"tig":"tigru",
"tiv":"tivu",
"tk":"turkmēņu",
"tkl":"tokelaviešu",
"tl":"tagalu",
"tlh":"klingoņu",
"tli":"tlinkitu",
"tmh":"tuaregu",
"tn":"cvanu",
"to":"tongu",
"tog":"njasas tongu",
"tpi":"tokpisins",
"tr":"turku",
"ts":"congu",
"tsi":"cimšiāņu",
"tt":"tatāru",
"tum":"tumbuku",
"tup":"tupu valodas",
"tut":"altajiešu valodas",
"tvl":"tuvaliešu",
"tw":"tvī",
"ty":"taitiešu",
"tyv":"tuviešu",
"udm":"udmurtu",
"ug":"uiguru",
"uga":"ugaritiešu",
"uk":"ukraiņu",
"umb":"umbundu",
"und":"nezināma vai nederīga valoda",
"ur":"urdu",
"uz":"uzbeku",
"vai":"vaju",
"ve":"vendu",
"vi":"vjetnamiešu",
"vo":"volapiks",
"vot":"votu",
"wa":"valoņu",
"wak":"vakašu valodas",
"wal":"valamu",
"war":"varaju",
"was":"vašo",
"wen":"sorbu",
"wo":"volofu",
"xal":"kalmiku",
"xh":"khosu",
"yao":"jao",
"yap":"japiešu",
"yi":"jidišs",
"yo":"jorubu",
"ypk":"jopiku valodas",
"yue":"kantoniešu",
"za":"džuanu",
"zap":"sapoteku",
"zen":"zenagu",
"zh":"ķīniešu",
"zh_Hans":"ķīniešu vienkāršotā",
"zh_Hant":"ķīniešu tradicionālā",
"znd":"zandē",
"zu":"zulu",
"zun":"zunju",
"zxx":"bez lingvistiska satura"
},
"scripts":{
"Arab":"arābu",
"Armi":"aramiešu",
"Armn":"armēņu",
"Bali":"baliešu",
"Beng":"bengāļu",
"Bopo":"bopomofo",
"Brah":"brahmi",
"Brai":"Braila raksts",
"Cher":"irokēzu",
"Copt":"koptu",
"Cyrl":"kirilica",
"Cyrs":"senslāvu",
"Deva":"devānagāri",
"Egyd":"demotiskais raksts",
"Egyh":"hierātiskais raksts",
"Egyp":"ēģiptiešu hieroglifi",
"Ethi":"etiopiešu",
"Geor":"gruzīnu",
"Goth":"gotu",
"Grek":"grieķu",
"Gujr":"gudžaratu",
"Guru":"pandžabu",
"Hang":"hangila",
"Hani":"ķīniešu",
"Hans":"ķīniešu vienkāršotā",
"Hant":"ķīniešu tradicionālā",
"Hebr":"ivrits",
"Hira":"hiragana",
"Hrkt":"katakana vai hiragana",
"Hung":"senungāru",
"Ital":"vecitāļu",
"Java":"javiešu",
"Jpan":"japāņu",
"Kana":"katakana",
"Khmr":"khmeru",
"Knda":"kannaru",
"Kore":"korejiešu",
"Laoo":"lao",
"Latn":"latīņu",
"Lina":"lineārā A",
"Linb":"lineārā B",
"Lydi":"līdiešu",
"Maya":"maiju",
"Mlym":"malajalu",
"Mong":"mongoļu",
"Moon":"Mūna raksts",
"Mymr":"birmiešu",
"Ogam":"ogamiskais raksts",
"Orya":"oriju",
"Osma":"osmaņu turku",
"Phnx":"feniķiešu",
"Roro":"rongorongo",
"Runr":"rūnu raksts",
"Samr":"samariešu",
"Sinh":"sinhalas",
"Sund":"zundu",
"Syrc":"sīriešu",
"Syrj":"rietumsīriešu",
"Syrn":"austrumsīriešu",
"Taml":"tamilu",
"Telu":"telugu",
"Tglg":"tagalu",
"Thaa":"taana",
"Thai":"taju",
"Tibt":"tibetiešu",
"Xpeo":"senperiešu",
"Xsux":"šumeru-akadiešu ķīļraksts",
"Yiii":"ji",
"Zinh":"mantotā",
"Zmth":"matemātiskais pieraksts",
"Zsym":"simboli",
"Zxxx":"bez rakstības",
"Zyyy":"vispārējs",
"Zzzz":"nezināma vai nederīga rakstība"
},
"territories":{
"001":"pasaule",
"002":"Āfrika",
"003":"Ziemeļamerika",
"005":"Dienvidamerika",
"009":"Okeānija",
"011":"Rietumāfrika",
"013":"Centrālamerika",
"014":"Austrumāfrika",
"015":"Ziemeļāfrika",
"017":"Vidusāfrika",
"018":"Āfrikas dienvidi",
"019":"Amerika",
"021":"Amerikas ziemeļi",
"029":"Karību jūras reģions",
"030":"Austrumāzija",
"034":"Dienvidāzija",
"035":"Centrālaustrumāzija",
"039":"Dienvideiropa",
"053":"Austrālija un Jaunzēlande",
"054":"Melanēzija",
"057":"Mikronēzijas reģions",
"061":"Polinēzija",
"062":"Centrāldienvidāzija",
"142":"Āzija",
"143":"Centrālāzija",
"145":"Rietumāzija",
"150":"Eiropa",
"151":"Austrumeiropa",
"154":"Ziemeļeiropa",
"155":"Rietumeiropa",
"172":"Neatkarīgo Valstu Savienība",
"419":"Latīņamerika",
"AC":"Debesbraukšanas sala",
"AD":"Andora",
"AE":"Apvienotie Arābu Emirāti",
"AF":"Afganistāna",
"AG":"Antigva un Barbuda",
"AI":"Angilja",
"AL":"Albānija",
"AM":"Armēnija",
"AN":"Nīderlandes Antiļas",
"AO":"Angola",
"AQ":"Antarktika",
"AR":"Argentīna",
"AS":"Amerikāņu Samoa",
"AT":"Austrija",
"AU":"Austrālija",
"AW":"Aruba",
"AX":"Olandes salas",
"AZ":"Azerbaidžāna",
"BA":"Bosnija un Hercegovina",
"BB":"Barbadosa",
"BD":"Bangladeša",
"BE":"Beļģija",
"BF":"Burkinafaso",
"BG":"Bulgārija",
"BH":"Bahreina",
"BI":"Burundi",
"BJ":"Benina",
"BL":"Senbartelmī",
"BM":"Bermudu salas",
"BN":"Bruneja",
"BO":"Bolīvija",
"BR":"Brazīlija",
"BS":"Bahamu salas",
"BT":"Butāna",
"BV":"Buvē sala",
"BW":"Botsvāna",
"BY":"Baltkrievija",
"BZ":"Beliza",
"CA":"Kanāda",
"CC":"Kokosu jeb Kīlinga salas",
"CD":"Kongo-Kinšasa",
"CF":"Centrālāfrikas Republika",
"CG":"Kongo - Brazavila",
"CH":"Šveice",
"CI":"Kotdivuāra",
"CK":"Kuka salas",
"CL":"Čīle",
"CM":"Kamerūna",
"CN":"Ķīna",
"CO":"Kolumbija",
"CP":"Klipertona sala",
"CR":"Kostarika",
"CS":"Serbija un Melnkalne",
"CU":"Kuba",
"CV":"Kaboverde",
"CX":"Ziemsvētku sala",
"CY":"Kipra",
"CZ":"Čehija",
"DE":"Vācija",
"DG":"Djego Garsijas atols",
"DJ":"Džibutija",
"DK":"Dānija",
"DM":"Dominika",
"DO":"Dominikānas Republika",
"DZ":"Alžīrija",
"EA":"Seūta un Meliļa",
"EC":"Ekvadora",
"EE":"Igaunija",
"EG":"Ēģipte",
"EH":"Rietumsahāra",
"ER":"Eritreja",
"ES":"Spānija",
"ET":"Etiopija",
"EU":"Eiropas Savienība",
"FI":"Somija",
"FJ":"Fidži",
"FK":"Folklenda salas",
"FM":"Mikronēzija",
"FO":"Fēru Salas",
"FR":"Francija",
"GA":"Gabona",
"GB":"Lielbritānija",
"GD":"Grenāda",
"GE":"Gruzija",
"GF":"Franču Gviāna",
"GG":"Gērnsija",
"GH":"Gana",
"GI":"Gibraltārs",
"GL":"Grenlande",
"GM":"Gambija",
"GN":"Gvineja",
"GP":"Gvadelupa",
"GQ":"Ekvatoriālā Gvineja",
"GR":"Grieķija",
"GS":"Dienviddžordžija un Dienvidsendviču salas",
"GT":"Gvatemala",
"GU":"Guama",
"GW":"Gvineja-Bisava",
"GY":"Gajāna",
"HK":"Ķīnas īpašās pārvaldes apgabals Honkonga",
"HM":"Hērda un Makdonalda salas",
"HN":"Hondurasa",
"HR":"Horvātija",
"HT":"Haiti",
"HU":"Ungārija",
"IC":"Kanāriju salas",
"ID":"Indonēzija",
"IE":"Īrija",
"IL":"Izraēla",
"IM":"Mena",
"IN":"Indija",
"IO":"Indijas okeāna Britu teritorija",
"IQ":"Irāka",
"IR":"Irāna",
"IS":"Īslande",
"IT":"Itālija",
"JE":"Džērsija",
"JM":"Jamaika",
"JO":"Jordānija",
"JP":"Japāna",
"KE":"Kenija",
"KG":"Kirgīzija",
"KH":"Kambodža",
"KI":"Kiribati",
"KM":"Komoru salas",
"KN":"Sentkitsa un Nevisa",
"KP":"Ziemeļkoreja",
"KR":"Dienvidkoreja",
"KW":"Kuveita",
"KY":"Kaimanu salas",
"KZ":"Kazahstāna",
"LA":"Laosa",
"LB":"Libāna",
"LC":"Sentlūsija",
"LI":"Lihtenšteina",
"LK":"Šrilanka",
"LR":"Libērija",
"LS":"Lesoto",
"LT":"Lietuva",
"LU":"Luksemburga",
"LV":"Latvija",
"LY":"Lībija",
"MA":"Maroka",
"MC":"Monako",
"MD":"Moldova",
"ME":"Melnkalne",
"MF":"Senmartēna",
"MG":"Madagaskara",
"MH":"Māršala salas",
"MK":"Maķedonija",
"ML":"Mali",
"MM":"Mjanma [Birma]",
"MN":"Mongolija",
"MO":"Ķīnas īpašās pārvaldes apgabals Makao",
"MP":"Ziemeļu Marianas salas",
"MQ":"Martinika",
"MR":"Mauritānija",
"MS":"Montserrata",
"MT":"Malta",
"MU":"Maurīcija",
"MV":"Maldīvija",
"MW":"Malāvija",
"MX":"Meksika",
"MY":"Malaizija",
"MZ":"Mozambika",
"NA":"Namībija",
"NC":"Jaunkaledonija",
"NE":"Nigēra",
"NF":"Norfolkas sala",
"NG":"Nigērija",
"NI":"Nikaragva",
"NL":"Nīderlande",
"NO":"Norvēģija",
"NP":"Nepāla",
"NR":"Nauru",
"NU":"Niue",
"NZ":"Jaunzēlande",
"OM":"Omāna",
"PA":"Panama",
"PE":"Peru",
"PF":"Franču Polinēzija",
"PG":"Papua-Jaungvineja",
"PH":"Filipīnas",
"PK":"Pakistāna",
"PL":"Polija",
"PM":"Senpjēra un Mikelona",
"PN":"Pitkērna",
"PR":"Puertoriko",
"PS":"Palestīna",
"PT":"Portugāle",
"PW":"Palau",
"PY":"Paragvaja",
"QA":"Katara",
"QO":"Okeānijas attālās salas",
"RE":"Reinjona",
"RO":"Rumānija",
"RS":"Serbija",
"RU":"Krievija",
"RW":"Ruanda",
"SA":"Saūda Arābija",
"SB":"Zālamana salas",
"SC":"Seišeļu salas",
"SD":"Sudāna",
"SE":"Zviedrija",
"SG":"Singapūra",
"SH":"Sv. Helēnas sala",
"SI":"Slovēnija",
"SJ":"Svalbāra un Jana Majena sala",
"SK":"Slovākija",
"SL":"Sjerraleone",
"SM":"Sanmarīno",
"SN":"Senegāla",
"SO":"Somālija",
"SR":"Surinama",
"ST":"Santome un Prinsipi",
"SV":"Salvadora",
"SY":"Sīrija",
"SZ":"Svazilenda",
"TA":"Tristana da Kuņas salas",
"TC":"Tērksas un Kaikosas salas",
"TD":"Čada",
"TF":"Franču dienvidu teritorijas",
"TG":"Togo",
"TH":"Taizeme",
"TJ":"Tadžikistāna",
"TK":"Tokelau",
"TL":"Austrumtimora",
"TM":"Turkmenistāna",
"TN":"Tunisija",
"TO":"Tonga",
"TR":"Turcija",
"TT":"Trinidāda un Tobāgo",
"TV":"Tuvalu",
"TW":"Taivāna",
"TZ":"Tanzānija",
"UA":"Ukraina",
"UG":"Uganda",
"UM":"ASV Mazās Aizjūras salas",
"US":"Amerikas Savienotās Valstis",
"UY":"Urugvaja",
"UZ":"Uzbekistāna",
"VA":"Vatikāns",
"VC":"Sentvinsenta un Grenadīnas",
"VE":"Venecuēla",
"VG":"Britu Virdžīnas",
"VI":"ASV Virdžīnas",
"VN":"Vjetnama",
"VU":"Vanuatu",
"WF":"Volisa un Futuna",
"WS":"Samoa",
"YE":"Jemena",
"YT":"Majota",
"ZA":"Dienvidāfrikas Republika",
"ZM":"Zambija",
"ZW":"Zimbabve",
"ZZ":"nezināms vai nederīgs reģions"
},
"orientation":"left-to-right",
"dateFormat-full":"EEEE, y. 'gada' d. MMMM",
"dateFormat-long":"y. 'gada' d. MMMM",
"dateFormat-medium":"y. 'gada' d. MMM",
"dateFormat-short":"dd.MM.yy",
"timeFormat-full":"HH:mm:ss zzzz",
"timeFormat-long":"HH:mm:ss z",
"timeFormat-medium":"HH:mm:ss",
"timeFormat-short":"HH:mm",
"dateTimeFormat-full":"{1} {0}",
"dateTimeFormat-long":"{1} {0}",
"dateTimeFormat-medium":"{1} {0}",
"dateTimeFormat-short":"{1} {0}",
"months-defaultContext":"format",
"months-defaultWidth":"wide",
"months-format-abbreviated":[
"janv.",
"febr.",
"marts",
"apr.",
"maijs",
"jūn.",
"jūl.",
"aug.",
"sept.",
"okt.",
"nov.",
"dec."],
"months-format-narrow":[
"J",
"F",
"M",
"A",
"M",
"J",
"J",
"A",
"S",
"O",
"N",
"D"],
"months-format-wide":[
"janvāris",
"februāris",
"marts",
"aprīlis",
"maijs",
"jūnijs",
"jūlijs",
"augusts",
"septembris",
"oktobris",
"novembris",
"decembris"],
"months-standAlone-abbreviated":[
"janv.",
"febr.",
"marts",
"apr.",
"maijs",
"jūn.",
"jūl.",
"aug.",
"sept.",
"okt.",
"nov.",
"dec."],
"months-standAlone-narrow":[
"J",
"F",
"M",
"A",
"M",
"J",
"J",
"A",
"S",
"O",
"N",
"D"],
"months-standAlone-wide":[
"janvāris",
"februāris",
"marts",
"aprīlis",
"maijs",
"jūnijs",
"jūlijs",
"augusts",
"septembris",
"oktobris",
"novembris",
"decembris"],
"days-defaultContext":"format",
"days-defaultWidth":"wide",
"days-format-abbreviated":[
"Sv",
"Pr",
"Ot",
"Tr",
"Ce",
"Pk",
"Se"],
"days-format-narrow":[
"S",
"P",
"O",
"T",
"C",
"P",
"S"],
"days-format-wide":[
"svētdiena",
"pirmdiena",
"otrdiena",
"trešdiena",
"ceturtdiena",
"piektdiena",
"sestdiena"],
"days-standAlone-abbreviated":[
"Sv",
"Pr",
"Ot",
"Tr",
"Ce",
"Pk",
"Se"],
"days-standAlone-narrow":[
"S",
"P",
"O",
"T",
"C",
"P",
"S"],
"days-standAlone-wide":[
"svētdiena",
"pirmdiena",
"otrdiena",
"trešdiena",
"ceturtdiena",
"piektdiena",
"sestdiena"],
"quarters-format-abbreviated":[
"C1",
"C2",
"C3",
"C4"],
"quarters-format-narrow":[
"1.",
"2.",
"3.",
"4."],
"quarters-format-wide":[
"1. ceturksnis",
"2. ceturksnis",
"3. ceturksnis",
"4. ceturksnis"],
"quarters-standAlone-abbreviated":[
"C1",
"C2",
"C3",
"C4"],
"quarters-standAlone-narrow":[
"1.",
"2.",
"3.",
"4."],
"quarters-standAlone-wide":[
"1. ceturksnis",
"2. ceturksnis",
"3. ceturksnis",
"4. ceturksnis"],
"dayPeriods-format-abbreviated":[
"priekšpusdienā",
"pēcpusdienā"],
"dayPeriods-format-narrow":[
"priekšpusdienā",
"pēcpusdienā"],
"dayPeriods-format-wide":[
"priekšpusdienā",
"pēcpusdienā"],
"dayPeriods-standAlone-abbreviated":[
"priekšpusdienā",
"pēcpusdienā"],
"dayPeriods-standAlone-narrow":[
"priekšpusdienā",
"pēcpusdienā"],
"dayPeriods-standAlone-wide":[
"priekšpusdienā",
"pēcpusdienā"],
"decimalFormat":{
"standard":"#,##0.###"},
"decimalFormat-short":{
"1000":"0",
"10000":"0",
"100000":"0",
"1000000":"0",
"10000000":"0",
"100000000":"0",
"1000000000":"0",
"10000000000":"0",
"100000000000":"0",
"1000000000000":"0",
"10000000000000":"0",
"100000000000000":"0"},
"scientificFormat":{
"standard":"#E0"},
"percentFormat":{
"standard":"#,##0%"},
"currencyFormat":{
"standard":"#,##0.00 ¤"},
"symbols-latn-decimal":",",
"symbols-latn-group":" ",
"symbols-latn-list":";",
"symbols-latn-percentSign":"%",
"symbols-latn-plusSign":"+",
"symbols-latn-minusSign":"−",
"symbols-latn-exponential":"E",
"symbols-latn-perMille":"‰",
"symbols-latn-infinity":"∞",
"symbols-latn-nan":"nav skaitlis",
"weekData-minDays":1,
"weekData-firstDay":1,
"weekData-weekendStart":6,
"weekData-weekendEnd":0
}