{
"languages":{
"aa":"Afar",
"ab":"Abchazisch",
"ace":"Atjees",
"ach":"Akoli",
"ada":"Adangme",
"ady":"Adyghe",
"ae":"Avestisch",
"af":"Afrikaans",
"afa":"Afro-Aziatische taal",
"afh":"Afrihili",
"ain":"Ainu",
"ak":"Akan",
"akk":"Akkadisch",
"ale":"Aleut",
"alg":"Algonkium-taal",
"alt":"Zuid-Altaïsch",
"am":"Amhaars",
"an":"Aragonees",
"ang":"Oudengels",
"anp":"Angika",
"apa":"Apache-taal",
"ar":"Arabisch",
"arc":"Aramees",
"arn":"Araukaans",
"arp":"Arapaho",
"art":"Kunstmatige taal",
"arw":"Arawak",
"as":"Assamees",
"asa":"Asu",
"ast":"Asturisch",
"ath":"Athapascaanse taal",
"aus":"Australische taal",
"av":"Avarisch",
"awa":"Awadhi",
"ay":"Aymara",
"az":"Azerbeidzjaans",
"ba":"Basjkiers",
"bad":"Banda",
"bai":"Bamileke-taal",
"bal":"Baloetsji",
"ban":"Balinees",
"bas":"Basa",
"bat":"Baltische taal",
"be":"Wit-Russisch",
"bej":"Beja",
"bem":"Bemba",
"ber":"Berber",
"bez":"Bena",
"bg":"Bulgaars",
"bh":"Bihari",
"bho":"Bhojpuri",
"bi":"Bislama",
"bik":"Bikol",
"bin":"Bini",
"bla":"Siksika",
"bm":"Bambara",
"bn":"Bengalees",
"bnt":"Bantoe",
"bo":"Tibetaans",
"br":"Bretons",
"bra":"Braj",
"bs":"Bosnisch",
"btk":"Batak",
"bua":"Buriat",
"bug":"Buginees",
"byn":"Blin",
"ca":"Catalaans",
"cad":"Caddo",
"cai":"Midden-Amerikaans Indiaanse taal",
"car":"Caribisch",
"cau":"Kaukasische taal",
"cch":"Atsam",
"ce":"Tsjetsjeens",
"ceb":"Cebuano",
"cel":"Keltische taal",
"ch":"Chamorro",
"chb":"Chibcha",
"chg":"Chagatai",
"chk":"Chuukees",
"chm":"Mari",
"chn":"Chinook-jargon",
"cho":"Choctaw",
"chp":"Chipewyan",
"chr":"Cherokee",
"chy":"Cheyenne",
"cmc":"Chamische taal",
"co":"Corsicaans",
"cop":"Koptisch",
"cpe":"Op Engels gebaseerd Creools of Pidgin",
"cpf":"Op Frans gebaseerd Creools of Pidgin",
"cpp":"Op Portugees gebaseerd Creools of Pidgin",
"cr":"Cree",
"crh":"Krim-Tataars",
"crp":"Creools of Pidgin",
"cs":"Tsjechisch",
"csb":"Kasjoebisch",
"cu":"Kerkslavisch",
"cus":"Koesjitische taal",
"cv":"Tsjoevasjisch",
"cy":"Welsh",
"da":"Deens",
"dak":"Dakota",
"dar":"Dargwa",
"day":"Dajak",
"de":"Duits",
"de_AT":"Oostenrijks Duits",
"de_CH":"Zwitsers Hoogduits",
"del":"Delaware",
"den":"Slave",
"dgr":"Dogrib",
"din":"Dinka",
"doi":"Dogri",
"dra":"Dravidische taal",
"dsb":"Nedersorbisch",
"dua":"Duala",
"dum":"Middelnederlands",
"dv":"Divehi",
"dyu":"Dyula",
"dz":"Dzongkha",
"ebu":"Embu",
"ee":"Ewe",
"efi":"Efik",
"egy":"Oudegyptisch",
"eka":"Ekajuk",
"el":"Grieks",
"elx":"Elamitisch",
"en":"Engels",
"en_AU":"Australisch Engels",
"en_CA":"Canadees Engels",
"en_GB":"Brits Engels",
"en_US":"Amerikaans Engels",
"enm":"Middelengels",
"eo":"Esperanto",
"es":"Spaans",
"es_419":"Latijns-Amerikaans Spaans",
"es_ES":"Iberisch Spaans",
"et":"Estlands",
"eu":"Baskisch",
"ewo":"Ewondo",
"fa":"Perzisch",
"fan":"Fang",
"fat":"Fanti",
"ff":"Fulah",
"fi":"Fins",
"fil":"Filippijns",
"fiu":"Fins-Oegrische taal",
"fj":"Fijisch",
"fo":"Faeröers",
"fon":"Fon",
"fr":"Frans",
"fr_CA":"Canadees Frans",
"fr_CH":"Zwitsers Frans",
"frm":"Middelfrans",
"fro":"Oudfrans",
"frr":"Noord-Fries",
"frs":"Oost-Fries",
"fur":"Friulisch",
"fy":"West-Fries",
"ga":"Iers",
"gaa":"Ga",
"gay":"Gayo",
"gba":"Gbaya",
"gd":"Schots Gaelic",
"gem":"Germaanse taal",
"gez":"Geez",
"gil":"Gilbertees",
"gl":"Galicisch",
"gmh":"Middelhoogduits",
"gn":"Guarani",
"goh":"Oudhoogduits",
"gon":"Gondi",
"gor":"Gorontalo",
"got":"Gothisch",
"grb":"Grebo",
"grc":"Oudgrieks",
"gsw":"Zwitsers Duits",
"gu":"Gujarati",
"gv":"Manx",
"gwi":"Gwichʼin",
"ha":"Hausa",
"hai":"Haida",
"haw":"Hawaïaans",
"he":"Hebreeuws",
"hi":"Hindi",
"hil":"Hiligaynon",
"him":"Himachali",
"hit":"Hettitisch",
"hmn":"Hmong",
"ho":"Hiri Motu",
"hr":"Kroatisch",
"hsb":"Oppersorbisch",
"ht":"Haïtiaans",
"hu":"Hongaars",
"hup":"Hupa",
"hy":"Armeens",
"hz":"Herero",
"ia":"Interlingua",
"iba":"Iban",
"id":"Indonesisch",
"ie":"Interlingue",
"ig":"Igbo",
"ii":"Sichuan Yi",
"ijo":"Ijo",
"ik":"Inupiaq",
"ilo":"Iloko",
"inc":"Indische taal",
"ine":"Indo-Europese taal",
"inh":"Ingoesj",
"io":"Ido",
"ira":"Iraanse taal",
"iro":"Irokese taal",
"is":"IJslands",
"it":"Italiaans",
"iu":"Inuktitut",
"ja":"Japans",
"jbo":"Lojban",
"jpr":"Judeo-Perzisch",
"jrb":"Judeo-Arabisch",
"jv":"Javaans",
"ka":"Georgisch",
"kaa":"Karakalpaks",
"kab":"Kabyle",
"kac":"Kachin",
"kaj":"Jju",
"kam":"Kamba",
"kar":"Karen",
"kaw":"Kawi",
"kbd":"Kabardisch",
"kcg":"Tyap",
"kea":"Kabuverdianu",
"kfo":"Koro",
"kg":"Kongo",
"kha":"Khasi",
"khi":"Khoisan-taal",
"kho":"Khotanees",
"ki":"Kikuyu",
"kj":"Kuanyama",
"kk":"Kazachs",
"kl":"Groenlands",
"km":"Khmer",
"kmb":"Kimbundu",
"kn":"Kannada",
"ko":"Koreaans",
"kok":"Konkani",
"kos":"Kosraeaans",
"kpe":"Kpelle",
"kr":"Kanuri",
"krc":"Karachay-Balkar",
"krl":"Karelisch",
"kro":"Kru",
"kru":"Kurukh",
"ks":"Kasjmiri",
"ku":"Koerdisch",
"kum":"Koemuks",
"kut":"Kutenai",
"kv":"Komi",
"kw":"Cornish",
"ky":"Kirgizisch",
"la":"Latijn",
"lad":"Ladino",
"lah":"Lahnda",
"lam":"Lamba",
"lb":"Luxemburgs",
"lez":"Lezgisch",
"lg":"Ganda",
"li":"Limburgs",
"ln":"Lingala",
"lo":"Laotiaans",
"lol":"Mongo",
"loz":"Lozi",
"lt":"Litouws",
"lu":"Luba-Katanga",
"lua":"Luba-Lulua",
"lui":"Luiseno",
"lun":"Lunda",
"luo":"Luo",
"lus":"Lushai",
"luy":"Luhya",
"lv":"Lets",
"mad":"Madurees",
"mag":"Magahi",
"mai":"Maithili",
"mak":"Makassaars",
"man":"Mandingo",
"map":"Austronesisch",
"mas":"Masai",
"mdf":"Moksha",
"mdr":"Mandar",
"men":"Mende",
"mg":"Malagasisch",
"mga":"Middeliers",
"mh":"Marshallees",
"mi":"Maori",
"mic":"Mi'kmaq",
"min":"Minangkabau",
"mis":"Diverse talen",
"mk":"Macedonisch",
"mkh":"Mon-Khmer-taal",
"ml":"Malayalam",
"mn":"Mongools",
"mnc":"Mantsjoe",
"mni":"Manipoeri",
"mno":"Manobo-taal",
"mo":"Moldavisch",
"moh":"Mohawk",
"mos":"Mossi",
"mr":"Marathi",
"ms":"Maleis",
"mt":"Maltees",
"mul":"Meerdere talen",
"mun":"Munda-taal",
"mus":"Creek",
"mwl":"Mirandees",
"mwr":"Marwari",
"my":"Birmees",
"myn":"Mayan-taal",
"myv":"Erzja",
"na":"Nauruaans",
"nah":"Nahuatl",
"nai":"Noord-Amerikaans Indiaanse taal",
"nap":"Napolitaans",
"nb":"Noors - Bokmål",
"nd":"Noord-Ndbele",
"nds":"Laagduits",
"ne":"Nepalees",
"new":"Newari",
"ng":"Ndonga",
"nia":"Nias",
"nic":"Niger-Kordofanische taal",
"niu":"Niueaans",
"nl":"Nederlands",
"nl_BE":"Vlaams",
"nn":"Noors - Nynorsk",
"no":"Noors",
"nog":"Nogai",
"non":"Oudnoors",
"nqo":"N’ko",
"nr":"Zuid-Ndbele",
"nso":"Noord-Sotho",
"nub":"Nubische taal",
"nv":"Navajo",
"nwc":"Klassiek Newari",
"ny":"Nyanja",
"nym":"Nyamwezi",
"nyn":"Nyankole",
"nyo":"Nyoro",
"nzi":"Nzima",
"oc":"Occitaans (na 1500); Provençaals",
"oj":"Ojibwa",
"om":"Oromo",
"or":"Oriya",
"os":"Ossetisch",
"osa":"Osage",
"ota":"Ottomaans-Turks",
"oto":"Otomi-taal",
"pa":"Punjabi",
"paa":"Papoeataal",
"pag":"Pangasinan",
"pal":"Pahlavi",
"pam":"Pampanga",
"pap":"Papiaments",
"pau":"Palauaans",
"peo":"Oudperzisch",
"phi":"Filippijnse taal",
"phn":"Foenicisch",
"pi":"Pali",
"pl":"Pools",
"pon":"Pohnpeiaans",
"pra":"Prakrit-taal",
"pro":"Oudprovençaals",
"ps":"Pasjtoe",
"pt":"Portugees",
"pt_BR":"Braziliaans Portugees",
"pt_PT":"Iberisch Portugees",
"qu":"Quechua",
"raj":"Rajasthani",
"rap":"Rapanui",
"rar":"Rarotongan",
"rm":"Reto-Romaans",
"rn":"Kirundi",
"ro":"Roemeens",
"roa":"Romaanse taal",
"rom":"Romani",
"root":"Root",
"ru":"Russisch",
"rup":"Aromaniaans",
"rw":"Kinyarwanda",
"sa":"Sanskriet",
"sad":"Sandawe",
"sah":"Jakoets",
"sai":"Zuid-Amerikaans Indiaanse taal",
"sal":"Salishan-taal",
"sam":"Samaritaans-Aramees",
"sas":"Sasak",
"sat":"Santali",
"sc":"Sardinisch",
"scn":"Siciliaans",
"sco":"Schots",
"sd":"Sindhi",
"se":"Noord-Samisch",
"sel":"Selkup",
"sem":"Semitische taal",
"sg":"Sango",
"sga":"Oudiers",
"sgn":"Gebarentaal",
"sh":"Servo-Kroatisch",
"shn":"Shan",
"si":"Singalees",
"sid":"Sidamo",
"sio":"Siouaanse talen",
"sit":"Sino-Tibetaanse taal",
"sk":"Slowaaks",
"sl":"Sloveens",
"sla":"Slavische taal",
"sm":"Samoaans",
"sma":"Zuid-Samisch",
"smi":"Sami-taal",
"smj":"Lule Sami",
"smn":"Inari Sami",
"sms":"Skolt Sami",
"sn":"Shona",
"snk":"Soninke",
"so":"Somalisch",
"sog":"Sogdisch",
"son":"Songhai",
"sq":"Albanees",
"sr":"Servisch",
"srn":"Sranantongo",
"srr":"Serer",
"ss":"Swazi",
"ssa":"Nilo-Saharaans",
"st":"Zuid-Sotho",
"su":"Soendanees",
"suk":"Sukuma",
"sus":"Soesoe",
"sux":"Soemerisch",
"sv":"Zweeds",
"sw":"Swahili",
"swb":"Shimaore",
"syc":"Klassiek Syrisch",
"syr":"Syriac",
"ta":"Tamil",
"tai":"Tai-taal",
"te":"Teloegoe",
"tem":"Timne",
"ter":"Tereno",
"tet":"Tetun",
"tg":"Tadzjieks",
"th":"Thais",
"ti":"Tigrinya",
"tig":"Tigre",
"tiv":"Tiv",
"tk":"Turkmeens",
"tkl":"Tokelaus",
"tl":"Tagalog",
"tlh":"Klingon",
"tli":"Tlingit",
"tmh":"Tamashek",
"tn":"Tswana",
"to":"Tongaans",
"tog":"Nyasa Tonga",
"tpi":"Tok Pisin",
"tr":"Turks",
"ts":"Tsonga",
"tsi":"Tsimshian",
"tt":"Tataars",
"tum":"Toemboeka",
"tup":"Tupi-taal",
"tut":"Altaïsche taal",
"tvl":"Tuvaluaans",
"tw":"Twi",
"ty":"Tahitisch",
"tyv":"Tuvinisch",
"udm":"Oedmoerts",
"ug":"Oeigoers",
"uga":"Oegaritisch",
"uk":"Oekraïens",
"umb":"Umbundu",
"und":"Onbekende taal",
"ur":"Urdu",
"uz":"Oezbeeks",
"vai":"Vai",
"ve":"Venda",
"vi":"Vietnamees",
"vo":"Volapük",
"vot":"Votisch",
"wa":"Waals",
"wak":"Wakashan-taal",
"wal":"Walamo",
"war":"Waray",
"was":"Washo",
"wen":"Sorbische taal",
"wo":"Wolof",
"xal":"Kalmyk",
"xh":"Xhosa",
"yao":"Yao",
"yap":"Yapees",
"yi":"Jiddisch",
"yo":"Yoruba",
"ypk":"Yupik-talen",
"yue":"Kantonees",
"za":"Zhuang",
"zap":"Zapotec",
"zbl":"Blissymbolen",
"zen":"Zenaga",
"zh":"Chinees",
"zh_Hans":"Vereenvoudigd Chinees",
"zh_Hant":"Traditioneel Chinees",
"znd":"Zande",
"zu":"Zulu",
"zun":"Zuni",
"zxx":"Geen linguïstische inhoud",
"zza":"Zaza"
},
"scripts":{
"Arab":"Arabisch",
"Armi":"Keizerlijk Aramees",
"Armn":"Armeens",
"Avst":"Avestaans",
"Bali":"Balinees",
"Batk":"Batak",
"Beng":"Bengalees",
"Blis":"Blissymbolen",
"Bopo":"Bopomofo",
"Brah":"Brahmi",
"Brai":"Braille",
"Bugi":"Buginees",
"Buhd":"Buhid",
"Cakm":"Chakma",
"Cans":"Verenigde Canadese Aboriginal-symbolen",
"Cari":"Carisch",
"Cham":"Cham",
"Cher":"Cherokee",
"Cirt":"Cirth",
"Copt":"Koptisch",
"Cprt":"Cyprisch",
"Cyrl":"Cyrillisch",
"Cyrs":"Oudkerkslavisch Cyrillisch",
"Deva":"Devanagari",
"Dsrt":"Deseret",
"Egyd":"Egyptisch demotisch",
"Egyh":"Egyptisch hiëratisch",
"Egyp":"Egyptische hiërogliefen",
"Ethi":"Ethiopisch",
"Geok":"Georgisch Khutsuri",
"Geor":"Georgisch",
"Glag":"Glagolitisch",
"Goth":"Gothisch",
"Grek":"Grieks",
"Gujr":"Gujarati",
"Guru":"Gurmukhi",
"Hang":"Hangul",
"Hani":"Han",
"Hano":"Hanunoo",
"Hans":"Vereenvoudigd Han",
"Hant":"Traditioneel Han",
"Hebr":"Hebreeuws",
"Hira":"Hiragana",
"Hmng":"Pahawh Hmong",
"Hrkt":"Katakana of Hiragana",
"Hung":"Oudhongaars",
"Inds":"Indus",
"Ital":"Oud-italisch",
"Java":"Javaans",
"Jpan":"Japans",
"Kali":"Kayah Li",
"Kana":"Katakana",
"Khar":"Kharoshthi",
"Khmr":"Khmer",
"Knda":"Kannada",
"Kore":"Koreaans",
"Kthi":"Kaithi",
"Lana":"Lanna",
"Laoo":"Lao",
"Latf":"Gotisch Latijn",
"Latg":"Gaelisch Latijn",
"Latn":"Latijn",
"Lepc":"Lepcha",
"Limb":"Limbu",
"Lina":"Lineair A",
"Linb":"Lineair B",
"Lyci":"Lycisch",
"Lydi":"Lydisch",
"Mand":"Mandaeans",
"Mani":"Manicheaans",
"Maya":"Mayahiërogliefen",
"Mero":"Meroïtisch",
"Mlym":"Malayalam",
"Mong":"Mongools",
"Moon":"Moon",
"Mtei":"Meitei",
"Mymr":"Myanmar",
"Nkoo":"N’Ko",
"Ogam":"Ogham",
"Olck":"Ol Chiki",
"Orkh":"Orkhon",
"Orya":"Oriya",
"Osma":"Osmanya",
"Perm":"Oudpermisch",
"Phag":"Phags-pa",
"Phli":"Inscriptioneel Pahlavi",
"Phlp":"Psalmen Pahlavi",
"Phlv":"Boek Pahlavi",
"Phnx":"Foenicisch",
"Plrd":"Pollard-fonetisch",
"Prti":"Inscriptioneel Parthisch",
"Rjng":"Rejang",
"Roro":"Rongorongo",
"Runr":"Runic",
"Samr":"Samaritaans",
"Sara":"Sarati",
"Saur":"Saurashtra",
"Sgnw":"SignWriting",
"Shaw":"Shavian",
"Sinh":"Sinhala",
"Sund":"Soendanees",
"Sylo":"Syloti Nagri",
"Syrc":"Syriac",
"Syre":"Estrangelo Aramees",
"Syrj":"West-Aramees",
"Syrn":"Oost-Aramees",
"Tagb":"Tagbanwa",
"Tale":"Tai Le",
"Talu":"Nieuw Tai Lue",
"Taml":"Tamil",
"Tavt":"Tai Viet",
"Telu":"Telugu",
"Teng":"Tengwar",
"Tfng":"Tifinagh",
"Tglg":"Tagalog",
"Thaa":"Thaana",
"Thai":"Thais",
"Tibt":"Tibetaans",
"Ugar":"Ugaritisch",
"Vaii":"Vai",
"Visp":"Zichtbare spraak",
"Xpeo":"Oudperzisch",
"Xsux":"Sumero-Akkadian Cuneiform",
"Yiii":"Yi",
"Zinh":"Overgeërfd",
"Zmth":"Wiskundige notatie",
"Zsym":"Symbolen",
"Zxxx":"Code voor ongeschreven talen",
"Zyyy":"Algemeen",
"Zzzz":"Code voor ongecodeerde schriftsystemen"
},
"territories":{
"001":"Wereld",
"002":"Afrika",
"003":"Noord-Amerika",
"005":"Zuid-Amerika",
"009":"Oceanië",
"011":"West-Afrika",
"013":"Centraal-Amerika",
"014":"Oost-Afrika",
"015":"Noord-Afrika",
"017":"Centraal-Afrika",
"018":"Zuidelijk Afrika",
"019":"Amerika",
"021":"Noordelijk Amerika",
"029":"Caribisch gebied",
"030":"Oost-Azië",
"034":"Zuid-Azië",
"035":"Zuidoost-Azië",
"039":"Zuid-Europa",
"053":"Australië en Nieuw-Zeeland",
"054":"Melanesië",
"057":"Micronesische regio",
"061":"Polynesië",
"062":"Zuidelijk Centraal-Azië",
"142":"Azië",
"143":"Centraal-Azië",
"145":"West-Azië",
"150":"Europa",
"151":"Oost-Europa",
"154":"Noord-Europa",
"155":"West-Europa",
"172":"Gemenebest van Onafhankelijke Staten",
"419":"Latijns-Amerika",
"830":"Kanaaleilanden",
"AC":"Ascension",
"AD":"Andorra",
"AE":"Verenigde Arabische Emiraten",
"AF":"Afghanistan",
"AG":"Antigua en Barbuda",
"AI":"Anguilla",
"AL":"Albanië",
"AM":"Armenië",
"AN":"Nederlandse Antillen",
"AO":"Angola",
"AQ":"Antarctica",
"AR":"Argentinië",
"AS":"Amerikaans Samoa",
"AT":"Oostenrijk",
"AU":"Australië",
"AW":"Aruba",
"AX":"Ålandeilanden",
"AZ":"Azerbeidzjan",
"BA":"Bosnië en Herzegovina",
"BB":"Barbados",
"BD":"Bangladesh",
"BE":"België",
"BF":"Burkina Faso",
"BG":"Bulgarije",
"BH":"Bahrein",
"BI":"Burundi",
"BJ":"Benin",
"BL":"Saint Barthélemy",
"BM":"Bermuda",
"BN":"Brunei",
"BO":"Bolivia",
"BR":"Brazilië",
"BS":"Bahama’s",
"BT":"Bhutan",
"BV":"Bouveteiland",
"BW":"Botswana",
"BY":"Wit-Rusland",
"BZ":"Belize",
"CA":"Canada",
"CC":"Cocoseilanden",
"CD":"Congo-Kinshasa",
"CF":"Centraal-Afrikaanse Republiek",
"CG":"Congo-Brazzaville",
"CH":"Zwitserland",
"CI":"Ivoorkust",
"CK":"Cookeilanden",
"CL":"Chili",
"CM":"Kameroen",
"CN":"China",
"CO":"Colombia",
"CP":"Clipperton",
"CR":"Costa Rica",
"CS":"Servië en Montenegro",
"CU":"Cuba",
"CV":"Kaapverdië",
"CX":"Christmaseiland",
"CY":"Cyprus",
"CZ":"Tsjechië",
"DE":"Duitsland",
"DG":"Diego Garcia",
"DJ":"Djibouti",
"DK":"Denemarken",
"DM":"Dominica",
"DO":"Dominicaanse Republiek",
"DZ":"Algerije",
"EA":"Ceuta en Melilla",
"EC":"Ecuador",
"EE":"Estland",
"EG":"Egypte",
"EH":"Westelijke Sahara",
"ER":"Eritrea",
"ES":"Spanje",
"ET":"Ethiopië",
"EU":"Europese Unie",
"FI":"Finland",
"FJ":"Fiji",
"FK":"Falklandeilanden",
"FM":"Micronesië",
"FO":"Faeröer",
"FR":"Frankrijk",
"FX":"Europese Frankrijk",
"GA":"Gabon",
"GB":"Verenigd Koninkrijk",
"GD":"Grenada",
"GE":"Georgië",
"GF":"Frans-Guyana",
"GG":"Guernsey",
"GH":"Ghana",
"GI":"Gibraltar",
"GL":"Groenland",
"GM":"Gambia",
"GN":"Guinee",
"GP":"Guadeloupe",
"GQ":"Equatoriaal-Guinea",
"GR":"Griekenland",
"GS":"Zuid-Georgië en Zuidelijke Sandwicheilanden",
"GT":"Guatemala",
"GU":"Guam",
"GW":"Guinee-Bissau",
"GY":"Guyana",
"HK":"Hongkong SAR van China",
"HM":"Heard- en McDonaldeilanden",
"HN":"Honduras",
"HR":"Kroatië",
"HT":"Haïti",
"HU":"Hongarije",
"IC":"Canarische Eilanden",
"ID":"Indonesië",
"IE":"Ierland",
"IL":"Israël",
"IM":"Het Eiland Man",
"IN":"India",
"IO":"Britse Gebieden in de Indische Oceaan",
"IQ":"Irak",
"IR":"Iran",
"IS":"IJsland",
"IT":"Italië",
"JE":"Jersey",
"JM":"Jamaica",
"JO":"Jordanië",
"JP":"Japan",
"KE":"Kenia",
"KG":"Kirgizië",
"KH":"Cambodja",
"KI":"Kiribati",
"KM":"Comoren",
"KN":"Saint Kitts en Nevis",
"KP":"Noord-Korea",
"KR":"Zuid-Korea",
"KW":"Koeweit",
"KY":"Caymaneilanden",
"KZ":"Kazachstan",
"LA":"Laos",
"LB":"Libanon",
"LC":"Saint Lucia",
"LI":"Liechtenstein",
"LK":"Sri Lanka",
"LR":"Liberia",
"LS":"Lesotho",
"LT":"Litouwen",
"LU":"Luxemburg",
"LV":"Letland",
"LY":"Libië",
"MA":"Marokko",
"MC":"Monaco",
"MD":"Moldavië",
"ME":"Montenegro",
"MF":"Sint-Maarten",
"MG":"Madagaskar",
"MH":"Marshalleilanden",
"MK":"Macedonië",
"ML":"Mali",
"MM":"Myanmar",
"MN":"Mongolië",
"MO":"Macao SAR van China",
"MP":"Noordelijke Marianeneilanden",
"MQ":"Martinique",
"MR":"Mauritanië",
"MS":"Montserrat",
"MT":"Malta",
"MU":"Mauritius",
"MV":"Malediven",
"MW":"Malawi",
"MX":"Mexico",
"MY":"Maleisië",
"MZ":"Mozambique",
"NA":"Namibië",
"NC":"Nieuw-Caledonië",
"NE":"Niger",
"NF":"Norfolkeiland",
"NG":"Nigeria",
"NI":"Nicaragua",
"NL":"Nederland",
"NO":"Noorwegen",
"NP":"Nepal",
"NR":"Nauru",
"NU":"Niue",
"NZ":"Nieuw-Zeeland",
"OM":"Oman",
"PA":"Panama",
"PE":"Peru",
"PF":"Frans-Polynesië",
"PG":"Papoea-Nieuw-Guinea",
"PH":"Filipijnen",
"PK":"Pakistan",
"PL":"Polen",
"PM":"Saint Pierre en Miquelon",
"PN":"Pitcairneilanden",
"PR":"Puerto Rico",
"PS":"Palestijnse gebieden",
"PT":"Portugal",
"PW":"Palau",
"PY":"Paraguay",
"QA":"Qatar",
"QO":"Overig Oceanië",
"RE":"Réunion",
"RO":"Roemenië",
"RS":"Servië",
"RU":"Rusland",
"RW":"Rwanda",
"SA":"Saoedi-Arabië",
"SB":"Salomoneilanden",
"SC":"Seychellen",
"SD":"Soedan",
"SE":"Zweden",
"SG":"Singapore",
"SH":"Sint-Helena",
"SI":"Slovenië",
"SJ":"Svalbard en Jan Mayen",
"SK":"Slowakije",
"SL":"Sierra Leone",
"SM":"San Marino",
"SN":"Senegal",
"SO":"Somalië",
"SR":"Suriname",
"ST":"Sao Tomé en Principe",
"SV":"El Salvador",
"SY":"Syrië",
"SZ":"Swaziland",
"TA":"Tristan da Cunha",
"TC":"Turks- en Caicoseilanden",
"TD":"Tsjaad",
"TF":"Franse Gebieden in de zuidelijke Indische Oceaan",
"TG":"Togo",
"TH":"Thailand",
"TJ":"Tadzjikistan",
"TK":"Tokelau",
"TL":"Oost-Timor",
"TM":"Turkmenistan",
"TN":"Tunesië",
"TO":"Tonga",
"TR":"Turkije",
"TT":"Trinidad en Tobago",
"TV":"Tuvalu",
"TW":"Taiwan",
"TZ":"Tanzania",
"UA":"Oekraïne",
"UG":"Oeganda",
"UM":"Kleine afgelegen eilanden van de Verenigde Staten",
"US":"Verenigde Staten",
"UY":"Uruguay",
"UZ":"Oezbekistan",
"VA":"Vaticaanstad",
"VC":"Saint Vincent en de Grenadines",
"VE":"Venezuela",
"VG":"Britse Maagdeneilanden",
"VI":"Amerikaanse Maagdeneilanden",
"VN":"Vietnam",
"VU":"Vanuatu",
"WF":"Wallis en Futuna",
"WS":"Samoa",
"YE":"Jemen",
"YT":"Mayotte",
"ZA":"Zuid-Afrika",
"ZM":"Zambia",
"ZW":"Zimbabwe",
"ZZ":"Onbekend of onjuist gebied"
},
"orientation":"left-to-right",
"dateFormat-full":"EEEE d MMMM y",
"dateFormat-long":"d MMMM y",
"dateFormat-medium":"d-MMM-y",
"dateFormat-short":"d/MM/yy",
"timeFormat-full":"HH:mm:ss zzzz",
"timeFormat-long":"HH:mm:ss z",
"timeFormat-medium":"HH:mm:ss",
"timeFormat-short":"HH:mm",
"dateTimeFormat-full":"{1} {0}",
"dateTimeFormat-long":"{1} {0}",
"dateTimeFormat-medium":"{1} {0}",
"dateTimeFormat-short":"{1} {0}",
"months-defaultContext":"format",
"months-defaultWidth":"wide",
"months-format-abbreviated":[
"jan.",
"feb.",
"mrt.",
"apr.",
"mei",
"jun.",
"jul.",
"aug.",
"sep.",
"okt.",
"nov.",
"dec."],
"months-format-narrow":[
"J",
"F",
"M",
"A",
"M",
"J",
"J",
"A",
"S",
"O",
"N",
"D"],
"months-format-wide":[
"januari",
"februari",
"maart",
"april",
"mei",
"juni",
"juli",
"augustus",
"september",
"oktober",
"november",
"december"],
"months-standAlone-abbreviated":[
"jan",
"feb",
"mrt",
"apr",
"mei",
"jun",
"jul",
"aug",
"sep",
"okt",
"nov",
"dec"],
"months-standAlone-narrow":[
"J",
"F",
"M",
"A",
"M",
"J",
"J",
"A",
"S",
"O",
"N",
"D"],
"months-standAlone-wide":[
"januari",
"februari",
"maart",
"april",
"mei",
"juni",
"juli",
"augustus",
"september",
"oktober",
"november",
"december"],
"days-defaultContext":"format",
"days-defaultWidth":"wide",
"days-format-abbreviated":[
"zo",
"ma",
"di",
"wo",
"do",
"vr",
"za"],
"days-format-narrow":[
"Z",
"M",
"D",
"W",
"D",
"V",
"Z"],
"days-format-wide":[
"zondag",
"maandag",
"dinsdag",
"woensdag",
"donderdag",
"vrijdag",
"zaterdag"],
"days-standAlone-abbreviated":[
"zo",
"ma",
"di",
"wo",
"do",
"vr",
"za"],
"days-standAlone-narrow":[
"Z",
"M",
"D",
"W",
"D",
"V",
"Z"],
"days-standAlone-wide":[
"zondag",
"maandag",
"dinsdag",
"woensdag",
"donderdag",
"vrijdag",
"zaterdag"],
"quarters-format-abbreviated":[
"K1",
"K2",
"K3",
"K4"],
"quarters-format-narrow":[
"1",
"2",
"3",
"4"],
"quarters-format-wide":[
"1e kwartaal",
"2e kwartaal",
"3e kwartaal",
"4e kwartaal"],
"quarters-standAlone-abbreviated":[
"K1",
"K2",
"K3",
"K4"],
"quarters-standAlone-narrow":[
"1",
"2",
"3",
"4"],
"quarters-standAlone-wide":[
"1e kwartaal",
"2e kwartaal",
"3e kwartaal",
"4e kwartaal"],
"dayPeriods-format-abbreviated":[
"AM",
"PM"],
"dayPeriods-format-narrow":[
"AM",
"PM"],
"dayPeriods-format-wide":[
"AM",
"PM"],
"dayPeriods-standAlone-abbreviated":[
"a.m.",
"p.m."],
"dayPeriods-standAlone-narrow":[
"AM",
"PM"],
"dayPeriods-standAlone-wide":[
"voormiddag",
"p.m."],
"decimalFormat":{
"standard":"#,##0.###"},
"decimalFormat-short":{
"1000":"0.0K",
"10000":"00K",
"100000":"000K",
"1000000":"0.0M",
"10000000":"00M",
"100000000":"000M",
"1000000000":"0.0B",
"10000000000":"00B",
"100000000000":"000B",
"1000000000000":"0.0T",
"10000000000000":"00T",
"100000000000000":"000T"},
"scientificFormat":{
"standard":"#E0"},
"percentFormat":{
"standard":"#,##0%"},
"currencyFormat":{
"standard":"#,##0.00 ¤"},
"symbols-latn-decimal":",",
"symbols-latn-group":".",
"symbols-latn-list":";",
"symbols-latn-percentSign":"%",
"symbols-latn-plusSign":"+",
"symbols-latn-minusSign":"-",
"symbols-latn-exponential":"E",
"symbols-latn-perMille":"‰",
"symbols-latn-infinity":"∞",
"symbols-latn-nan":"NaN",
"weekData-minDays":4,
"weekData-firstDay":1,
"weekData-weekendStart":6,
"weekData-weekendEnd":0
}