{
"languages":{
"aa":"afar",
"ab":"abcázio",
"ace":"achém",
"ach":"acoli",
"ada":"adangme",
"ady":"adigue",
"ae":"avéstico",
"af":"afrikaans",
"afa":"idioma afro-asiático",
"afh":"afrihili",
"ain":"ainu",
"ak":"akan",
"akk":"acadiano",
"ale":"aleúte",
"alg":"idioma algonquiano",
"alt":"altai do sul",
"am":"amárico",
"an":"aragonês",
"ang":"inglês arcaico",
"anp":"angika",
"apa":"idioma apache",
"ar":"árabe",
"arc":"aramaico",
"arn":"araucano",
"arp":"arapaho",
"art":"idioma artifical",
"arw":"arauaqui",
"as":"assamês",
"asa":"asa",
"ast":"asturiano",
"ath":"idioma atabascano",
"aus":"idioma australiano",
"av":"avaric",
"awa":"Awadhi",
"ay":"aimara",
"az":"azerbaijano",
"ba":"bashkir",
"bad":"banda",
"bai":"bamileke Languages",
"bal":"balúchi",
"ban":"balinês",
"bas":"basa",
"bat":"idioma báltico",
"be":"bielo-russo",
"bej":"beja",
"bem":"bemba",
"ber":"berbere",
"bg":"búlgaro",
"bh":"biari",
"bho":"bhojpuri",
"bi":"bislamá",
"bik":"bikol",
"bin":"bini",
"bla":"siksika",
"bm":"bambara",
"bn":"bengali",
"bnt":"banto",
"bo":"tibetano",
"br":"bretão",
"bra":"braj",
"brx":"bodo",
"bs":"bósnio",
"btk":"bataque",
"bua":"buriat",
"bug":"Buginese",
"byn":"blin",
"ca":"catalão",
"cad":"caddo",
"cai":"idioma indígena centro-americano",
"car":"caribe",
"cau":"idioma caucásico",
"cch":"atsam",
"ce":"chechene",
"ceb":"cebuano",
"cel":"idioma céltico",
"ch":"chamorro",
"chb":"chibcha",
"chg":"chagatai",
"chk":"chuukese",
"chm":"mari",
"chn":"jargão chinook",
"cho":"choctaw",
"chp":"chipewyan",
"chr":"cherokee",
"chy":"cheiene",
"cmc":"idioma chamic",
"co":"córsico",
"cop":"copta",
"cpe":"crioulo ou pidgin do inglês",
"cpf":"crioulo ou pidgin do francês",
"cpp":"crioulo ou pidgin do português",
"cr":"cree",
"crh":"turco da Crimeia",
"crp":"crioulo ou pidgin",
"cs":"checo",
"csb":"kashubian",
"cu":"eslavo eclesiástico",
"cus":"idioma cuchita",
"cv":"chuvash",
"cy":"galês",
"da":"dinamarquês",
"dak":"dacota",
"dar":"dargwa",
"day":"dayak",
"de":"alemão",
"de_AT":"alemão austríaco",
"de_CH":"Alto Alemão Suíço",
"del":"delaware",
"den":"slave",
"dgr":"dogrib",
"din":"dinka",
"doi":"dogri",
"dra":"idioma dravítico",
"dsb":"sérvio baixo",
"dua":"duala",
"dum":"holandês médio",
"dv":"divehi",
"dyu":"diula",
"dz":"dzonga",
"ebu":"embu",
"ee":"eve",
"efi":"efique",
"egy":"egípcio clássico",
"eka":"ekajuk",
"el":"grego",
"elx":"elamite",
"en":"inglês",
"en_AU":"inglês australiano",
"en_CA":"inglês canadense",
"en_GB":"Inglês Britânico",
"en_US":"Inglês (EUA)",
"enm":"inglês medieval",
"eo":"esperanto",
"es":"espanhol",
"es_419":"espanhol latino-americano",
"es_ES":"espanhol ibérico",
"et":"estónio",
"eu":"basco",
"ewo":"ewondo",
"fa":"persa",
"fan":"fangue",
"fat":"fanti",
"ff":"fula",
"fi":"finlandês",
"fil":"filipino",
"fiu":"idioma ugro-finês",
"fj":"fijiano",
"fo":"feroês",
"fon":"fom",
"fr":"francês",
"fr_CA":"francês canadense",
"fr_CH":"francês suíço",
"frm":"francês medieval",
"fro":"francês arcaico",
"frr":"frísio setentrional",
"frs":"frísio oriental",
"fur":"friulano",
"fy":"frísio ocidental",
"ga":"irlandês",
"gaa":"ga",
"gay":"gayo",
"gba":"gbaia",
"gd":"gaélico escocês",
"gem":"idioma germânico",
"gez":"geez",
"gil":"gilbertês",
"gl":"galego",
"gmh":"alemão medieval alto",
"gn":"guarani",
"goh":"alemão arcaico alto",
"gon":"gondi",
"gor":"gorontalo",
"got":"gótico",
"grb":"grebo",
"grc":"grego clássico",
"gsw":"alemão da Suíça",
"gu":"guzerate",
"gv":"manx",
"gwi":"gwichʼin",
"ha":"hauçá",
"hai":"haida",
"haw":"havaiano",
"he":"hebraico",
"hi":"Hindi",
"hil":"hiligaynon",
"him":"himachali",
"hit":"hitita",
"hmn":"hmong",
"ho":"hiri motu",
"hr":"croata",
"hsb":"sorbiano superior",
"ht":"haitiano",
"hu":"húngaro",
"hup":"hupa",
"hy":"arménio",
"hz":"herero",
"ia":"interlíngua",
"iba":"Iban",
"id":"indonésio",
"ie":"interlingue",
"ig":"igbo",
"ii":"sichuan yi",
"ijo":"ijo",
"ik":"Inupiaq",
"ilo":"ilocano",
"inc":"idioma índico",
"ine":"idioma indo-europeu",
"inh":"inguche",
"io":"ido",
"ira":"iraniano",
"iro":"idioma iroquês",
"is":"islandês",
"it":"italiano",
"iu":"inuktitut",
"ja":"japonês",
"jbo":"lojban",
"jpr":"judaico-persa",
"jrb":"judaico-arábico",
"jv":"jv",
"ka":"georgiano",
"kaa":"kara-kalpak",
"kab":"kabyle",
"kac":"kachin",
"kaj":"jju",
"kam":"kamba",
"kar":"karen",
"kaw":"kawi",
"kbd":"kabardiano",
"kcg":"tyap",
"kea":"cabo-verdiano",
"kfo":"koro",
"kg":"congolês",
"kha":"khasi",
"khi":"khoisan",
"kho":"khotanês",
"ki":"quicuio",
"kj":"kuanyama",
"kk":"cazaque",
"kl":"groenlandês",
"km":"cmer",
"kmb":"quimbundo",
"kn":"canarês",
"ko":"coreano",
"kok":"concani",
"kos":"kosraean",
"kpe":"kpelle",
"kr":"canúri",
"krc":"karachay-balkar",
"krl":"idioma carélio",
"kro":"kru",
"kru":"kurukh",
"ks":"caxemira",
"ku":"curdo",
"kum":"kumyk",
"kut":"kutenai",
"kv":"komi",
"kw":"córnico",
"ky":"quirguiz",
"la":"latim",
"lad":"ladino",
"lah":"lahnda",
"lam":"lamba",
"lb":"luxemburguês",
"lez":"lezghiano",
"lg":"luganda",
"li":"limburguês",
"ln":"lingala",
"lo":"laosiano",
"lol":"mongo",
"loz":"lozi",
"lt":"lituano",
"lu":"luba-catanga",
"lua":"luba-lulua",
"lui":"luiseno",
"lun":"lunda",
"luo":"luo",
"lus":"lushai",
"lv":"letão",
"mad":"madurês",
"mag":"magahi",
"mai":"maithili",
"mak":"makasar",
"man":"mandinga",
"map":"austronésio",
"mas":"massai",
"mdf":"mocsa",
"mdr":"mandar",
"men":"mende",
"mg":"malgaxe",
"mga":"irlandês, medieval (900-1200)",
"mh":"marshalês",
"mi":"maori",
"mic":"miquemaque",
"min":"minangkabau",
"mis":"idiomas diversos",
"mk":"macedónio",
"mkh":"idioma mon-khmer",
"ml":"malaiala",
"mn":"mongol",
"mnc":"manchu",
"mni":"manipuri",
"mno":"idioma manobo",
"mo":"moldávio",
"moh":"mohawk",
"mos":"mossi",
"mr":"marata",
"ms":"malaio",
"mt":"maltês",
"mul":"idiomas múltiplos",
"mun":"idiomas munda",
"mus":"creek",
"mwl":"mirandês",
"mwr":"marwari",
"my":"birmanês",
"myn":"maia",
"myv":"erzya",
"na":"nauruano",
"nah":"Nauatle",
"nai":"idioma indígena norte-americano",
"nap":"napolitano",
"nb":"bokmål norueguês",
"nd":"ndebele do norte",
"nds":"baixo alemão",
"ne":"nepali",
"new":"newari",
"ng":"dongo",
"nia":"nias",
"nic":"nigeriano - cordofano",
"niu":"niueano",
"nl":"holandês",
"nl_BE":"Flamengo",
"nn":"nynorsk norueguês",
"no":"norueguês",
"nog":"nogai",
"non":"norse, old",
"nqo":"n'ko",
"nr":"ndebele do sul",
"nso":"soto setentrional",
"nub":"idioma núbio",
"nv":"navajo",
"nwc":"newari clássico",
"ny":"nianja",
"nym":"nyamwezi",
"nyn":"nyankole",
"nyo":"nyoro",
"nzi":"nzima",
"oc":"provençal",
"oj":"ojibwa",
"om":"oromo",
"or":"oriya",
"os":"ossético",
"osa":"osage",
"ota":"turco otomano",
"oto":"idioma otomano",
"pa":"panjabi",
"paa":"idioma papuano",
"pag":"pangasinã",
"pal":"pálavi",
"pam":"pampanga",
"pap":"papiamento",
"pau":"palauano",
"peo":"persa arcaico (aprox. 600-400 a.C.)",
"phi":"idioma filipino",
"phn":"fenício",
"pi":"páli",
"pl":"polaco",
"pon":"pohnpeian",
"pra":"idioma prácito",
"pro":"provençal, arcaico (até 1500)",
"ps":"pashto",
"pt":"português",
"pt_BR":"português do Brasil",
"pt_PT":"português europeu",
"qu":"quíchua",
"raj":"rajastani",
"rap":"rapanui",
"rar":"rarotongano",
"rm":"Romanche",
"rn":"rundi",
"ro":"romeno",
"roa":"idioma românico",
"rof":"rombo",
"rom":"romanês",
"ru":"russo",
"rup":"aromeno",
"rw":"kinyarwanda",
"rwk":"rwa",
"sa":"sânscrito",
"sad":"sandawe",
"sah":"iacuto",
"sai":"idioma indígeno sul-americano",
"sal":"salishan languages",
"sam":"aramaico samaritano",
"sas":"sasak",
"sat":"santali",
"sc":"sardo",
"scn":"siciliano",
"sco":"escocês",
"sd":"sindi",
"se":"sami do norte",
"sel":"selkup",
"sem":"idioma semítico",
"sg":"sango",
"sga":"irlandês arcaico",
"sgn":"linguages de sinais",
"sh":"servo-croata",
"shn":"shan",
"si":"cingalês",
"sid":"sidamo",
"sio":"idioma sioux",
"sit":"idioma sino-tibetano",
"sk":"eslovaco",
"sl":"esloveno",
"sla":"idioma eslavo",
"sm":"samoano",
"sma":"sami do sul",
"smi":"idioma sami",
"smj":"lule sami",
"smn":"inari sami",
"sms":"skolt sami",
"sn":"shona",
"snk":"soninquê",
"so":"somali",
"sog":"sogdiano",
"son":"songai",
"sq":"albanês",
"sr":"sérvio",
"srn":"idioma surinamês",
"srr":"serere",
"ss":"swati",
"ssa":"idioma nilo-sariano",
"st":"soto do sul",
"su":"sundanês",
"suk":"sukuma",
"sus":"sosso",
"sux":"sumério",
"sv":"sueco",
"sw":"suaili",
"swb":"língua comoriana",
"syc":"siríaco clássico",
"syr":"siríaco",
"ta":"Tâmil",
"tai":"idioma tailândes",
"te":"telugu",
"tem":"timne",
"ter":"tereno",
"tet":"Tétum",
"tg":"tajique",
"th":"tailandês",
"ti":"tigrínia",
"tig":"tigré",
"tiv":"tiv",
"tk":"turcomano",
"tkl":"toquelauano",
"tl":"tagalogue",
"tlh":"klingon",
"tli":"tlinguite",
"tmh":"tamaxeque",
"tn":"tswana",
"to":"tonga",
"tog":"toganês",
"tpi":"tok pisin",
"tr":"turco",
"ts":"tsonga",
"tsi":"tsimshian",
"tt":"tatar",
"tum":"tumbuka",
"tup":"idioma tupi",
"tut":"idioma altaico",
"tvl":"tuvaluano",
"tw":"twi",
"ty":"taitiano",
"tyv":"tuviniano",
"udm":"udmurt",
"ug":"uighur",
"uga":"ugarítico",
"uk":"ucraniano",
"umb":"umbundu",
"und":"idioma inválido ou desconhecido",
"ur":"urdu",
"uz":"usbeque",
"vai":"vai",
"ve":"venda",
"vi":"vietnamita",
"vo":"volapuque",
"vot":"votic",
"wa":"valão",
"wae":"walser",
"wak":"idioma wakashan",
"wal":"walamo",
"war":"waray",
"was":"washo",
"wen":"idioma sórbio",
"wo":"uólofe",
"xal":"kalmyk",
"xh":"xosa",
"yao":"yao",
"yap":"yapese",
"yi":"iídiche",
"yo":"ioruba",
"ypk":"idioma iúpique",
"yue":"cantonês",
"za":"zhuang",
"zap":"zapoteca",
"zbl":"símbolos blis",
"zen":"zenaga",
"zh":"chinês",
"zh_Hans":"Chinês Simplificado",
"zh_Hant":"Chinês Tradicional",
"znd":"zande",
"zu":"zulu",
"zun":"zunhi",
"zxx":"sem conteúdo linguístico",
"zza":"zazaki"
},
"scripts":{
"Arab":"árabe",
"Armi":"aramaico imperial",
"Armn":"arménio",
"Avst":"avéstico",
"Bali":"balinês",
"Batk":"bataque",
"Beng":"bengali",
"Blis":"símbolos Bliss",
"Bopo":"bopomofo",
"Brah":"brahmi",
"Brai":"braille",
"Bugi":"buginês",
"Buhd":"buhid",
"Cakm":"chakma",
"Cans":"escrita silábica unificada dos aborígenes canadenses",
"Cari":"cariano",
"Cham":"cham",
"Cher":"cherokee",
"Cirt":"cirth",
"Copt":"cóptico",
"Cprt":"cipriota",
"Cyrl":"cirílico",
"Cyrs":"cirílico eslavo eclesiástico",
"Deva":"devanágari",
"Dsrt":"deseret",
"Egyd":"egípcio demótico",
"Egyh":"egípcio hierático",
"Egyp":"hieróglifos egípcios",
"Ethi":"etiópico",
"Geok":"khutsuri georgiano",
"Geor":"georgiano",
"Glag":"glagolítico",
"Goth":"gótico",
"Grek":"grego",
"Gujr":"gujerati",
"Guru":"gurmuqui",
"Hang":"hangul",
"Hani":"han",
"Hano":"hanunoo",
"Hans":"han simplificado",
"Hant":"han tradicional",
"Hebr":"hebraico",
"Hira":"hiragana",
"Hmng":"pahawh hmong",
"Hrkt":"katakana ou hiragana",
"Hung":"húngaro antigo",
"Inds":"indus",
"Ital":"itálico antigo",
"Java":"javanês",
"Jpan":"japonês",
"Kali":"kayah li",
"Kana":"katakana",
"Khar":"kharoshthi",
"Khmr":"khmer",
"Knda":"kannada",
"Kore":"coreano",
"Kthi":"kaithi",
"Lana":"lanna",
"Laoo":"Lao",
"Latf":"latim fraktur",
"Latg":"latim gaélico",
"Latn":"latim",
"Lepc":"lepcha",
"Limb":"limbu",
"Lina":"linear A",
"Linb":"linear B",
"Lyci":"lício",
"Lydi":"lídio",
"Mand":"mandeu",
"Mani":"maniqueano",
"Maya":"hieróglifos maias",
"Mero":"meroítico",
"Mlym":"malaiala",
"Mong":"mongol",
"Moon":"moon",
"Mtei":"meitei mayek",
"Mymr":"birmanês",
"Nkoo":"n’ko",
"Ogam":"ogâmico",
"Olck":"ol chiki",
"Orkh":"orkhon",
"Orya":"oriya",
"Osma":"osmania",
"Perm":"pérmico antigo",
"Phag":"phags-pa",
"Phli":"pahlavi escrito",
"Phlp":"phlp",
"Phlv":"pahlavi antigo",
"Phnx":"fenício",
"Plrd":"fonético pollard",
"Prti":"parthian escrito",
"Rjng":"rejang",
"Roro":"rongorongo",
"Runr":"rúnico",
"Samr":"samaritano",
"Sara":"sarati",
"Saur":"saurashtra",
"Sgnw":"escrita gestual",
"Shaw":"shaviano",
"Sinh":"cingalês",
"Sund":"sundanês",
"Sylo":"siloti nagri",
"Syrc":"siríaco",
"Syre":"siríaco estrangelo",
"Syrj":"siríaco ocidental",
"Syrn":"siríaco oriental",
"Tagb":"tagbanwa",
"Tale":"tai le",
"Talu":"novo tai lue",
"Taml":"tamil",
"Tavt":"tavt",
"Telu":"telugu",
"Teng":"tengwar",
"Tfng":"tifinagh",
"Tglg":"tagalo",
"Thaa":"thaana",
"Thai":"tailandês",
"Tibt":"tibetano",
"Ugar":"ugarítico",
"Vaii":"vai",
"Visp":"visible speech",
"Xpeo":"persa antigo",
"Xsux":"cuneiforme sumero-acadiano",
"Yiii":"yi",
"Zinh":"herdado",
"Zmth":"zmth",
"Zsym":"zsym",
"Zxxx":"não escrito",
"Zyyy":"comum",
"Zzzz":"inválido ou desconhecido"
},
"territories":{
"001":"Mundo",
"002":"África",
"003":"América do Norte",
"005":"América do Sul",
"009":"Oceânia",
"011":"África Ocidental",
"013":"América Central",
"014":"África Oriental",
"015":"Norte de África",
"017":"África Central",
"018":"África Austral",
"019":"Américas",
"021":"América Setentrional",
"029":"Caribe",
"030":"Ásia Oriental",
"034":"Ásia do Sul",
"035":"Sudeste Asiático",
"039":"Europa do Sul",
"053":"Austrália e Nova Zelândia",
"054":"Melanésia",
"057":"Região da Micronésia",
"061":"Polinésia",
"062":"Ásia Centro-Meridional",
"142":"Ásia",
"143":"Ásia Central",
"145":"Ásia Ocidental",
"150":"Europa",
"151":"Europa Oriental",
"154":"Europa do Norte",
"155":"Europa Ocidental",
"172":"Comunidade dos Estados Independentes",
"419":"América Latina",
"AC":"Ascensão",
"AD":"Andorra",
"AE":"Emiratos Árabes Unidos",
"AF":"Afeganistão",
"AG":"Antígua e Barbuda",
"AI":"Anguila",
"AL":"Albânia",
"AM":"Arménia",
"AN":"Antilhas Holandesas",
"AO":"Angola",
"AQ":"Antárctica",
"AR":"Argentina",
"AS":"Samoa Americana",
"AT":"Áustria",
"AU":"Austrália",
"AW":"Aruba",
"AX":"Ilhas Åland",
"AZ":"Azerbeijão",
"BA":"Bósnia-Herzegovina",
"BB":"Barbados",
"BD":"Bangladeche",
"BE":"Bélgica",
"BF":"Burkina-Faso",
"BG":"Bulgária",
"BH":"Bahrein",
"BI":"Burundi",
"BJ":"Benim",
"BL":"São Bartolomeu",
"BM":"Bermudas",
"BN":"Brunei",
"BO":"Bolívia",
"BR":"Brasil",
"BS":"Baamas",
"BT":"Butão",
"BV":"Ilha Bouvet",
"BW":"Botsuana",
"BY":"Bielorrússia",
"BZ":"Belize",
"CA":"Canadá",
"CC":"Ilhas Cocos",
"CD":"Congo-Kinshasa",
"CF":"República Centro-Africana",
"CG":"Congo-Brazzaville",
"CH":"Suíça",
"CI":"Costa do Marfim",
"CK":"Ilhas Cook",
"CL":"Chile",
"CM":"Camarões",
"CN":"China",
"CO":"Colômbia",
"CP":"Ilha de Clipperton",
"CR":"Costa Rica",
"CS":"Sérvia e Montenegro",
"CU":"Cuba",
"CV":"Cabo Verde",
"CX":"Ilha do Natal",
"CY":"Chipre",
"CZ":"República Checa",
"DE":"Alemanha",
"DG":"Diego Garcia",
"DJ":"Jibuti",
"DK":"Dinamarca",
"DM":"Dominica",
"DO":"República Dominicana",
"DZ":"Argélia",
"EA":"Ceuta e Melilha",
"EC":"Equador",
"EE":"Estónia",
"EG":"Egipto",
"EH":"Sara Ocidental",
"ER":"Eritreia",
"ES":"Espanha",
"ET":"Etiópia",
"EU":"União Europeia",
"FI":"Finlândia",
"FJ":"Fiji",
"FK":"Ilhas Falkland",
"FM":"Estados Federados da Micronésia",
"FO":"Ilhas Faroé",
"FR":"França",
"GA":"Gabão",
"GB":"Reino Unido",
"GD":"Granada",
"GE":"Geórgia",
"GF":"Guiana Francesa",
"GG":"Guernsey",
"GH":"Gana",
"GI":"Gibraltar",
"GL":"Gronelândia",
"GM":"Gâmbia",
"GN":"Guiné",
"GP":"Guadalupe",
"GQ":"Guiné Equatorial",
"GR":"Grécia",
"GS":"Geórgia do Sul e Ilhas Sandwich do Sul",
"GT":"Guatemala",
"GU":"Guam",
"GW":"Guiné-Bissau",
"GY":"Guiana",
"HK":"Região Administrativa Especial de Hong Kong",
"HM":"Ilha Heard e Ilhas McDonald",
"HN":"Honduras",
"HR":"Croácia",
"HT":"Haiti",
"HU":"Hungria",
"IC":"Ilhas Canárias",
"ID":"Indonésia",
"IE":"Irlanda",
"IL":"Israel",
"IM":"Ilha de Man",
"IN":"Índia",
"IO":"Território Britânico do Oceano Índico",
"IQ":"Iraque",
"IR":"Irão",
"IS":"Islândia",
"IT":"Itália",
"JE":"Jersey",
"JM":"Jamaica",
"JO":"Jordânia",
"JP":"Japão",
"KE":"Quénia",
"KG":"Quirguizistão",
"KH":"Camboja",
"KI":"Quiribati",
"KM":"Comores",
"KN":"Saint Kitts e Nevis",
"KP":"Coreia do Norte",
"KR":"Coreia do Sul",
"KW":"Koweit",
"KY":"Ilhas Caimão",
"KZ":"Cazaquistão",
"LA":"Laos, República Popular Democrática do",
"LB":"Líbano",
"LC":"Santa Lúcia",
"LI":"Liechtenstein",
"LK":"Sri Lanca",
"LR":"Libéria",
"LS":"Lesoto",
"LT":"Lituânia",
"LU":"Luxemburgo",
"LV":"Letónia",
"LY":"Líbia",
"MA":"Marrocos",
"MC":"Mónaco",
"MD":"Moldávia, República da",
"ME":"Montenegro",
"MF":"São Martinho",
"MG":"Madagáscar",
"MH":"Ilhas Marshall",
"MK":"Macedónia",
"ML":"Mali",
"MM":"Mianmar",
"MN":"Mongólia",
"MO":"Região Administrativa Especial de Macau",
"MP":"Ilhas Mariana do Norte",
"MQ":"Martinica",
"MR":"Mauritânia",
"MS":"Monserrate",
"MT":"Malta",
"MU":"Maurícias",
"MV":"Maldivas",
"MW":"Malavi",
"MX":"México",
"MY":"Malásia",
"MZ":"Moçambique",
"NA":"Namíbia",
"NC":"Nova Caledónia",
"NE":"Níger",
"NF":"Ilha Norfolk",
"NG":"Nigéria",
"NI":"Nicarágua",
"NL":"Países Baixos",
"NO":"Noruega",
"NP":"Nepal",
"NR":"Nauru",
"NU":"Niue",
"NZ":"Nova Zelândia",
"OM":"Omã",
"PA":"Panamá",
"PE":"Peru",
"PF":"Polinésia Francesa",
"PG":"Papuásia-Nova Guiné",
"PH":"Filipinas",
"PK":"Paquistão",
"PL":"Polónia",
"PM":"Saint Pierre e Miquelon",
"PN":"Pitcairn",
"PR":"Porto Rico",
"PS":"Território Palestiniano",
"PT":"Portugal",
"PW":"Palau",
"PY":"Paraguai",
"QA":"Catar",
"QO":"Oceânia Insular",
"RE":"Reunião",
"RO":"Roménia",
"RS":"Sérvia",
"RU":"Rússia",
"RW":"Ruanda",
"SA":"Arábia Saudita",
"SB":"Ilhas Salomão",
"SC":"Seicheles",
"SD":"Sudão",
"SE":"Suécia",
"SG":"Singapura",
"SH":"Santa Helena",
"SI":"Eslovénia",
"SJ":"Svalbard e Jan Mayen",
"SK":"Eslováquia",
"SL":"Serra Leoa",
"SM":"São Marino",
"SN":"Senegal",
"SO":"Somália",
"SR":"Suriname",
"ST":"São Tomé e Príncipe",
"SV":"El Salvador",
"SY":"Síria",
"SZ":"Suazilândia",
"TA":"Tristão da Cunha",
"TC":"Ilhas Turcas e Caicos",
"TD":"Chade",
"TF":"Territórios Franceses do Sul",
"TG":"Togo",
"TH":"Tailândia",
"TJ":"Tajiquistão",
"TK":"Tokelau",
"TL":"Timor-Leste",
"TM":"Turquemenistão",
"TN":"Tunísia",
"TO":"Tonga",
"TR":"Turquia",
"TT":"Trindade e Tobago",
"TV":"Tuvalu",
"TW":"Taiwan",
"TZ":"Tanzânia",
"UA":"Ucrânia",
"UG":"Uganda",
"UM":"Ilhas Menores Distantes dos Estados Unidos",
"US":"Estados Unidos",
"UY":"Uruguai",
"UZ":"Usbequistão",
"VA":"Vaticano",
"VC":"São Vicente e Granadinas",
"VE":"Venezuela",
"VG":"Ilhas Virgens Britânicas",
"VI":"Ilhas Virgin E.U.A.",
"VN":"Vietname",
"VU":"Vanuatu",
"WF":"Wallis e Futuna",
"WS":"Samoa",
"YE":"Iémen",
"YT":"Mayotte",
"ZA":"África do Sul",
"ZM":"Zâmbia",
"ZW":"Zimbabwe",
"ZZ":"Região desconhecida ou inválida"
},
"orientation":"left-to-right",
"dateFormat-full":"EEEE, d 'de' MMMM 'de' y",
"dateFormat-long":"d 'de' MMMM 'de' y",
"dateFormat-medium":"dd/MM/yyyy",
"dateFormat-short":"dd/MM/yy",
"timeFormat-full":"H:mm:ss zzzz",
"timeFormat-long":"H:mm:ss z",
"timeFormat-medium":"HH:mm:ss",
"timeFormat-short":"HH:mm",
"dateTimeFormat-full":"{1} {0}",
"dateTimeFormat-long":"{1} {0}",
"dateTimeFormat-medium":"{1} {0}",
"dateTimeFormat-short":"{1} {0}",
"months-defaultContext":"format",
"months-defaultWidth":"wide",
"months-format-abbreviated":[
"Jan",
"Fev",
"Mar",
"Abr",
"Mai",
"Jun",
"Jul",
"Ago",
"Set",
"Out",
"Nov",
"Dez"],
"months-format-narrow":[
"J",
"F",
"M",
"A",
"M",
"J",
"J",
"A",
"S",
"O",
"N",
"D"],
"months-format-wide":[
"Janeiro",
"Fevereiro",
"Março",
"Abril",
"Maio",
"Junho",
"Julho",
"Agosto",
"Setembro",
"Outubro",
"Novembro",
"Dezembro"],
"months-standAlone-abbreviated":[
"Jan",
"Fev",
"Mar",
"Abr",
"Mai",
"Jun",
"Jul",
"Ago",
"Set",
"Out",
"Nov",
"Dez"],
"months-standAlone-narrow":[
"J",
"F",
"M",
"A",
"M",
"J",
"J",
"A",
"S",
"O",
"N",
"D"],
"months-standAlone-wide":[
"Janeiro",
"Fevereiro",
"Março",
"Abril",
"Maio",
"Junho",
"Julho",
"Agosto",
"Setembro",
"Outubro",
"Novembro",
"Dezembro"],
"days-defaultContext":"format",
"days-defaultWidth":"wide",
"days-format-abbreviated":[
"dom",
"seg",
"ter",
"qua",
"qui",
"sex",
"sáb"],
"days-format-narrow":[
"D",
"S",
"T",
"Q",
"Q",
"S",
"S"],
"days-format-wide":[
"Domingo",
"Segunda-feira",
"Terça-feira",
"Quarta-feira",
"Quinta-feira",
"Sexta-feira",
"Sábado"],
"days-standAlone-abbreviated":[
"dom",
"seg",
"ter",
"qua",
"qui",
"sex",
"sáb"],
"days-standAlone-narrow":[
"D",
"S",
"T",
"Q",
"Q",
"S",
"S"],
"days-standAlone-wide":[
"Domingo",
"Segunda-feira",
"Terça-feira",
"Quarta-feira",
"Quinta-feira",
"Sexta-feira",
"Sábado"],
"quarters-format-abbreviated":[
"T1",
"T2",
"T3",
"T4"],
"quarters-format-narrow":[
"1",
"2",
"3",
"4"],
"quarters-format-wide":[
"1.º trimestre",
"2.º trimestre",
"3.º trimestre",
"4.º trimestre"],
"quarters-standAlone-abbreviated":[
"T1",
"T2",
"T3",
"T4"],
"quarters-standAlone-narrow":[
"1",
"2",
"3",
"4"],
"quarters-standAlone-wide":[
"1º trimestre",
"2º trimestre",
"3º trimestre",
"4º trimestre"],
"dayPeriods-format-abbreviated":[
"a.m.",
"p.m."],
"dayPeriods-format-narrow":[
"a.m.",
"p.m."],
"dayPeriods-format-wide":[
"a.m.",
"p.m."],
"dayPeriods-standAlone-abbreviated":[
"a.m.",
"p.m."],
"dayPeriods-standAlone-narrow":[
"a.m.",
"p.m."],
"dayPeriods-standAlone-wide":[
"a.m.",
"p.m."],
"decimalFormat":{
"standard":"#,##0.###"},
"decimalFormat-short":{
"1000":"0.0 mil",
"10000":"00 mil",
"100000":"000 mil",
"1000000":"0.0 M",
"10000000":"00 M",
"100000000":"000 M",
"1000000000":"0.0 mM",
"10000000000":"00 mM",
"100000000000":"000 mM",
"1000000000000":"0.0 B",
"10000000000000":"00 B",
"100000000000000":"000 B"},
"scientificFormat":{
"standard":"#E0"},
"percentFormat":{
"standard":"#,##0%"},
"currencyFormat":{
"standard":"#,##0.00 ¤"},
"symbols-latn-decimal":",",
"symbols-latn-group":" ",
"symbols-latn-list":";",
"symbols-latn-percentSign":"%",
"symbols-latn-plusSign":"+",
"symbols-latn-minusSign":"-",
"symbols-latn-exponential":"E",
"symbols-latn-perMille":"‰",
"symbols-latn-infinity":"∞",
"symbols-latn-nan":"NaN",
"weekData-minDays":4,
"weekData-firstDay":1,
"weekData-weekendStart":6,
"weekData-weekendEnd":0
}