{
"languages":{
"aa":"афар",
"ab":"абхазский",
"ace":"ачехский",
"ach":"ачоли",
"ada":"адангме",
"ady":"адыгейский",
"ae":"авестийский",
"af":"африкаанс",
"afa":"афразийский язык",
"afh":"африхили",
"ain":"айну",
"ak":"акан",
"akk":"аккадский",
"ale":"алеутский",
"alg":"алгонкинские языки",
"alt":"южноалтайский",
"am":"амхарский",
"an":"арагонский",
"ang":"староанглийский",
"anp":"ангика",
"apa":"апачский",
"ar":"арабский",
"arc":"арамейский",
"arn":"арауканский",
"arp":"арапахо",
"art":"искусственный язык",
"arw":"аравакский",
"as":"ассамский",
"ast":"астурийский",
"ath":"атапачские языки",
"aus":"австралийский язык",
"av":"аварский",
"awa":"авадхи",
"ay":"аймара",
"az":"азербайджанский",
"ba":"башкирский",
"bad":"банда",
"bai":"бамилеке языки",
"bal":"белуджский",
"ban":"балийский",
"bas":"баса",
"bat":"балтийский язык",
"be":"белорусский",
"bej":"беджа",
"bem":"бемба",
"ber":"берберский",
"bg":"болгарский",
"bh":"бихари",
"bho":"бходжпури",
"bi":"бислама",
"bik":"бикольский",
"bin":"бини",
"bla":"сиксика",
"bm":"бамбарийский",
"bn":"бенгальский",
"bnt":"банту",
"bo":"тибетский",
"br":"бретонский",
"bra":"брауи",
"bs":"боснийский",
"btk":"батакский",
"bua":"бурятский",
"bug":"бугийский",
"byn":"билин (блин)",
"ca":"каталанский",
"cad":"каддо",
"cai":"язык индейцев Центральной Америки",
"car":"кариб",
"cau":"кавказский язык",
"cch":"атсам",
"ce":"чеченский",
"ceb":"кебуано",
"cel":"кельтские другие",
"ch":"чаморро",
"chb":"чибча",
"chg":"чагатайский",
"chk":"чукотский",
"chm":"марийский (черемисский)",
"chn":"чинук жаргон",
"cho":"чоктав",
"chp":"чипевайян",
"chr":"чероки",
"chy":"чейенн",
"cmc":"чамский язык",
"co":"корсиканский",
"cop":"коптский",
"cpe":"англо-креольские и пиджин",
"cpf":"франко-креольские и пиджины",
"cpp":"португало-креольские и пиджины",
"cr":"криийский",
"crh":"крымско-татарский",
"crp":"креольские и пиджины",
"cs":"чешский",
"csb":"кашубианский",
"cu":"церковнославянский",
"cus":"кушитский язык",
"cv":"чувашский",
"cy":"валлийский",
"da":"датский",
"dak":"дакота",
"dar":"даргва",
"day":"даяк",
"de":"немецкий",
"de_AT":"австрийский немецкий",
"de_CH":"швейцарский верхненемецкий",
"del":"делаварский",
"den":"слэйви",
"dgr":"догриб",
"din":"динка",
"doi":"догри",
"dra":"дравидийский язык",
"dsb":"нижнелужицкий",
"dua":"дуала",
"dum":"средненидерландский",
"dv":"мальдивский",
"dyu":"диула (дьюла)",
"dz":"дзонг-кэ",
"ee":"эве",
"efi":"эфик",
"egy":"древнеегипетский",
"eka":"экаджук",
"el":"греческий",
"elx":"эламский",
"en":"английский",
"en_AU":"австралийский английский",
"en_CA":"канадский английский",
"en_GB":"британский английский",
"en_US":"американский английский",
"enm":"среднеанглийский",
"eo":"эсперанто",
"es":"испанский",
"es_419":"латиноамериканский испанский",
"es_ES":"испанский иберийский",
"et":"эстонский",
"eu":"баскский",
"ewo":"эвондо",
"fa":"персидский",
"fan":"фанг",
"fat":"фанти",
"ff":"фулах",
"fi":"финский",
"fil":"филиппинский",
"fiu":"финно-угорский язык",
"fj":"фиджи",
"fo":"фарерский",
"fon":"фон",
"fr":"французский",
"fr_CA":"канадский французский",
"fr_CH":"швейцарский французский",
"frm":"среднефранцузский",
"fro":"старофранцузский",
"frr":"фризский северный",
"frs":"восточный фризский",
"fur":"фриульский",
"fy":"фризский",
"ga":"ирландский",
"gaa":"га",
"gay":"гайо",
"gba":"гбая",
"gd":"гэльский",
"gem":"германский язык",
"gez":"геэз",
"gil":"гильбертский",
"gl":"галисийский",
"gmh":"средневерхненемецкий",
"gn":"гуарани",
"goh":"древневерхненемецкий",
"gon":"гонди",
"gor":"горонтало",
"got":"готский",
"grb":"гребо",
"grc":"древнегреческий",
"gsw":"швейцарский немецкий",
"gu":"гуджарати",
"gv":"мэнский",
"gwi":"гвичин",
"ha":"хауса",
"hai":"хайда",
"haw":"гавайский",
"he":"иврит",
"hi":"хинди",
"hil":"хилигайнон",
"him":"химачали",
"hit":"хеттский",
"hmn":"хмонг",
"ho":"хиримоту",
"hr":"хорватский",
"hsb":"верхнелужицкий",
"ht":"гаитянский",
"hu":"венгерский",
"hup":"хупа",
"hy":"армянский",
"hz":"гереро",
"ia":"интерлингва",
"iba":"ибанский",
"id":"индонезийский",
"ie":"интерлингве",
"ig":"игбо",
"ii":"сычуань",
"ijo":"иджо",
"ik":"инупиак",
"ilo":"илоко",
"inc":"индийский язык",
"ine":"индоевропейский язык",
"inh":"ингушский",
"io":"идо",
"ira":"иранский язык",
"iro":"ирокезские языки",
"is":"исландский",
"it":"итальянский",
"iu":"инуктитут",
"ja":"японский",
"jbo":"ложбан",
"jpr":"еврейско-персидский",
"jrb":"еврейско-арабский",
"jv":"яванский",
"ka":"грузинский",
"kaa":"каракалпакский",
"kab":"кабильский",
"kac":"качинский",
"kaj":"каджи",
"kam":"камба",
"kar":"каренский",
"kaw":"кави",
"kbd":"кабардинский",
"kcg":"тьяп",
"kfo":"коро",
"kg":"конго",
"kha":"кхаси",
"khi":"койсанский язык",
"kho":"хотанский",
"ki":"кикуйю",
"kj":"кунама",
"kk":"казахский",
"kl":"гренландский",
"km":"кхмерский",
"kmb":"кимбундийский",
"kn":"каннада",
"ko":"корейский",
"kok":"конкани",
"kos":"косраенский",
"kpe":"кпелле",
"kr":"канури",
"krc":"карачаево-балкарский",
"krl":"карельский",
"kro":"кру",
"kru":"курух",
"ks":"кашмири",
"ku":"курдский",
"kum":"кумыкский",
"kut":"кутенаи",
"kv":"коми",
"kw":"корнийский",
"ky":"киргизский",
"la":"латинский",
"lad":"ладино",
"lah":"лахнда",
"lam":"ламба",
"lb":"люксембургский",
"lez":"лезгинский",
"lg":"ганда",
"li":"лимбургский",
"ln":"лингала",
"lo":"лаосский",
"lol":"монго",
"loz":"лози",
"lt":"литовский",
"lu":"луба-катанга",
"lua":"луба-лулуа",
"lui":"луисеньо",
"lun":"лунда",
"luo":"луо (Кения и Танзания)",
"lus":"лушай",
"lv":"латышский",
"mad":"мадурский",
"mag":"магахи",
"mai":"майтхили",
"mak":"макассарский",
"man":"мандинго",
"map":"австронезийский",
"mas":"масаи",
"mdf":"мокшанский",
"mdr":"мандарский",
"men":"менде",
"mg":"малагасийский",
"mga":"среднеирландский",
"mh":"маршальский",
"mi":"маори",
"mic":"микмак",
"min":"минангкабау",
"mis":"смешанные языки",
"mk":"македонский",
"mkh":"монкхмерский язык",
"ml":"малаялам",
"mn":"монгольский",
"mnc":"маньчжурский",
"mni":"манипурский",
"mno":"манобо языки",
"mo":"молдавский",
"moh":"мохаук",
"mos":"моси",
"mr":"маратхи",
"ms":"малайский",
"mt":"мальтийский",
"mul":"несколько языков",
"mun":"мунда языки",
"mus":"крик",
"mwl":"мирандийский",
"mwr":"марвари",
"my":"бирманский",
"myn":"майя языки",
"myv":"эрзя",
"na":"науру",
"nah":"ацтекский",
"nai":"язык индейцев Северной Америки",
"nap":"неаполитанский",
"nb":"норвежский букмол",
"nd":"северный ндебели",
"nds":"нижнегерманский",
"ne":"непальский",
"new":"неварский",
"ng":"ндонга",
"nia":"ниас",
"nic":"нигер-кордофанский язык",
"niu":"ниуэ",
"nl":"голландский",
"nl_BE":"бельгийский фламандский",
"nn":"норвежский нюнорск",
"no":"норвежский",
"nog":"ногайский",
"non":"старонорвежский",
"nqo":"нко",
"nr":"ндебели южный",
"nso":"сото северный",
"nub":"нубийские языки",
"nv":"навахо",
"nwc":"невари (классический)",
"ny":"ньянджа",
"nym":"ньямвези",
"nyn":"ньянколе",
"nyo":"ньоро",
"nzi":"нзима",
"oc":"окситанский",
"oj":"оджибва",
"om":"оромо",
"or":"ория",
"os":"осетинский",
"osa":"оседжи",
"ota":"старотурецкий",
"oto":"отомангские языки",
"pa":"панджаби",
"paa":"папуасский язык",
"pag":"пангасинан",
"pal":"пехлевийский",
"pam":"пампанга",
"pap":"папьяменто",
"pau":"палау",
"peo":"староперсидский",
"phi":"филиппинский язык",
"phn":"финикийский",
"pi":"пали",
"pl":"польский",
"pon":"понапе",
"pra":"пракриты языки",
"pro":"старопровансальский",
"ps":"пушту",
"pt":"португальский",
"pt_BR":"бразильский португальский",
"pt_PT":"португальский иберийский",
"qu":"кечуа",
"raj":"раджастхани",
"rap":"рапануи",
"rar":"раротонганский",
"rm":"ретороманский",
"rn":"рунди",
"ro":"румынский",
"roa":"романский язык",
"rom":"цыганский",
"root":"корневой язык",
"ru":"русский",
"rup":"арумынский",
"rw":"киньяруанда",
"sa":"санскрит",
"sad":"сандаве",
"sah":"якутский",
"sai":"язык индейцев Южной Америки",
"sal":"салишские языки",
"sam":"самаритянский арамейский",
"sas":"сасаки",
"sat":"сантали",
"sc":"сардинский",
"scn":"сицилийский",
"sco":"шотландский",
"sd":"синдхи",
"se":"северносаамский",
"sel":"селькупский",
"sem":"семитский язык",
"sg":"санго",
"sga":"староирландский",
"sgn":"язык глухонемых",
"sh":"сербскохорватский",
"shn":"шанский",
"si":"сингальский",
"sid":"сидама",
"sio":"сиу языки",
"sit":"синотибетский язык",
"sk":"словацкий",
"sl":"словенский",
"sla":"славянский язык",
"sm":"самоанский",
"sma":"саамский (южный)",
"smi":"саамские языки",
"smj":"луле-саамский",
"smn":"инари-саамский",
"sms":"скольт-саамский",
"sn":"шона",
"snk":"сонинке",
"so":"сомали",
"sog":"согдийский",
"son":"сонгаи",
"sq":"албанский",
"sr":"сербский",
"srn":"сранан тонго",
"srr":"серер",
"ss":"свази",
"ssa":"нило-сахарский язык",
"st":"сото южный",
"su":"сунданский",
"suk":"сукума",
"sus":"сусу",
"sux":"шумерский",
"sv":"шведский",
"sw":"суахили",
"swb":"коморский",
"syc":"классический сирийский",
"syr":"сирийский",
"ta":"тамильский",
"tai":"тайский язык",
"te":"телугу",
"tem":"темне",
"ter":"терено",
"tet":"тетум",
"tg":"таджикский",
"th":"тайский",
"ti":"тигринья",
"tig":"тигре",
"tiv":"тиви",
"tk":"туркменский",
"tkl":"токелайский",
"tl":"тагалог",
"tlh":"клингон",
"tli":"тлингит",
"tmh":"тамашек",
"tn":"тсвана",
"to":"тонга",
"tog":"ньяса (тонга)",
"tpi":"ток-писин",
"tr":"турецкий",
"ts":"тсонга",
"tsi":"цимшиан",
"tt":"татарский",
"tum":"тумбука",
"tup":"тупи",
"tut":"алтайский язык",
"tvl":"тувалу",
"tw":"тви",
"ty":"таитянский",
"tyv":"тувинский",
"udm":"удмуртский",
"ug":"уйгурский",
"uga":"угаритский",
"uk":"украинский",
"umb":"умбунду",
"und":"неизвестный или недействительный язык",
"ur":"урду",
"uz":"узбекский",
"vai":"ваи",
"ve":"венда",
"vi":"вьетнамский",
"vo":"волапюк",
"vot":"водский",
"wa":"валлонский",
"wak":"вакашские языки",
"wal":"воламо",
"war":"варай",
"was":"вашо",
"wen":"лужицкие языки",
"wo":"волоф",
"xal":"калмыцкий",
"xh":"ксоза",
"yao":"яо",
"yap":"яп",
"yi":"идиш",
"yo":"йоруба",
"ypk":"юпикский язык",
"yue":"кантонский",
"za":"чжуань",
"zap":"сапотекский",
"zbl":"блиссимволика",
"zen":"зенагский",
"zh":"китайский",
"zh_Hans":"упрощенный китайский",
"zh_Hant":"традиционный китайский",
"znd":"занде",
"zu":"зулу",
"zun":"зуньи",
"zxx":"без языкового содержания",
"zza":"заза"
},
"scripts":{
"Arab":"Арабская",
"Armi":"Арамейская",
"Armn":"Армянская",
"Avst":"Авестийская",
"Bali":"Балийская",
"Batk":"Батакская",
"Beng":"Бенгальская",
"Blis":"Блиссимволика",
"Bopo":"Бопомофо",
"Brah":"Брахми",
"Brai":"Брайля",
"Bugi":"Бугинизийская",
"Buhd":"Бухид",
"Cakm":"Чакмийская",
"Cans":"Унифицированные Символы Канадских Аборигенов",
"Cari":"Карийская",
"Cham":"Чамская",
"Cher":"Чероки",
"Cirt":"Кирт",
"Copt":"Коптская",
"Cprt":"Кипрская",
"Cyrl":"Кириллица",
"Cyrs":"Старославянская",
"Deva":"Деванагари",
"Dsrt":"Дезерет",
"Egyd":"Египетская демотическая",
"Egyh":"Египетская иератическая",
"Egyp":"Египетская иероглифическая",
"Ethi":"Эфиопская",
"Geok":"Грузинская хуцури",
"Geor":"Грузинская",
"Glag":"Глаголица",
"Goth":"Готская",
"Grek":"Греческая",
"Gujr":"Гуджарати",
"Guru":"Гурмукхи",
"Hang":"Хангул",
"Hani":"Китайская",
"Hano":"Хануну",
"Hans":"Упрощенная китайская",
"Hant":"Традиционная китайская",
"Hebr":"Иврит",
"Hira":"Хирагана",
"Hmng":"Пахау хмонг",
"Hrkt":"Катакана или хирагана",
"Hung":"Старовенгерская",
"Inds":"Хараппская (письменность долины Инда)",
"Ital":"Староитальянская",
"Java":"Яванская",
"Jpan":"Японская",
"Kali":"Кайа",
"Kana":"Катакана",
"Khar":"Кхароштхи",
"Khmr":"Кхмерская",
"Knda":"Каннада",
"Kore":"Корейская",
"Kthi":"Кайтхи",
"Lana":"Ланна",
"Laoo":"Лаосская",
"Latf":"Латинская фрактура",
"Latg":"Гэльская латинская",
"Latn":"Латиница",
"Lepc":"Лепха",
"Limb":"Лимбу",
"Lina":"Линейное письмо А",
"Linb":"Линейное письмо Б",
"Lyci":"Лициан",
"Lydi":"Лидийская",
"Mand":"Мандейская",
"Mani":"Манихейская",
"Maya":"Майя",
"Mero":"Мероитская",
"Mlym":"Малаяльская",
"Mong":"Монгольская",
"Moon":"Азбука Муна",
"Mtei":"Манипури",
"Mymr":"Майанмарская",
"Nkoo":"Нко",
"Ogam":"Огамическая",
"Olck":"Ол Чики",
"Orkh":"Орхоно-енисейская",
"Orya":"Ория",
"Osma":"Османская",
"Perm":"Древнепермская",
"Phag":"Пагспа",
"Phlv":"Пахлави книжная",
"Phnx":"Финикийская",
"Plrd":"Поллардовская фонетика",
"Rjng":"Реджангская",
"Roro":"Ронго-ронго",
"Runr":"Руническая",
"Samr":"Самаритянская",
"Sara":"Сарати",
"Saur":"Саураштра",
"Sgnw":"Язык знаков",
"Shaw":"Алфавит Шоу",
"Sinh":"Сингальская",
"Sund":"Сунданская",
"Sylo":"Силоти Нагри",
"Syrc":"Сирийская",
"Syre":"Сирийская эстрангело",
"Syrj":"Западносирийская",
"Syrn":"Восточно-сирийская",
"Tagb":"Тагбанва",
"Tale":"Тайский Ле",
"Talu":"Новый Тайский Ле",
"Taml":"Тамильская",
"Telu":"Телугу",
"Teng":"Тенгварская",
"Tfng":"Древнеливийская",
"Tglg":"Тагалог",
"Thaa":"Таана",
"Thai":"Тайская",
"Tibt":"Тибетская",
"Ugar":"Угаритская",
"Vaii":"Вайская",
"Visp":"Видимая речь",
"Xpeo":"Староперсидская",
"Xsux":"Шумеро-аккадская клинопись",
"Yiii":"И",
"Zinh":"Унаследованная",
"Zsym":"Символы",
"Zxxx":"Ненаписанная",
"Zyyy":"Общепринятая",
"Zzzz":"Неизвестная или недействительная письменность"
},
"territories":{
"001":"Мир",
"002":"Африка",
"003":"Северная Америка",
"005":"Южная Америка",
"009":"Океания",
"011":"Западная Африка",
"013":"Центральная Америка",
"014":"Восточная Африка",
"015":"Северная Африка",
"017":"Центральная Африка",
"018":"Южная Африка",
"019":"Центральная и Южная Америка",
"021":"Северная Америка - США и Канада",
"029":"Карибы",
"030":"Восточная Азия",
"034":"Южная Азия",
"035":"Юго-Восточная Азия",
"039":"Южная Европа",
"053":"Австралия и Новая Зеландия",
"054":"Меланезия",
"057":"Микронезия",
"061":"Полинезия",
"062":"Юг Средней Азии",
"142":"Азия",
"143":"Средняя Азия",
"145":"Ближний и Средний Восток",
"150":"Европа",
"151":"Восточная Европа",
"154":"Северная Европа",
"155":"Западная Европа",
"172":"СНГ",
"419":"Латинская Америка",
"830":"Нормандские о-ва",
"AC":"Остров Вознесения",
"AD":"Андорра",
"AE":"ОАЭ",
"AF":"Афганистан",
"AG":"Антигуа и Барбуда",
"AI":"Ангилья",
"AL":"Албания",
"AM":"Армения",
"AN":"Нидерландские Антильские о-ва",
"AO":"Ангола",
"AQ":"Антарктида",
"AR":"Аргентина",
"AS":"Американское Самоа",
"AT":"Австрия",
"AU":"Австралия",
"AW":"Аруба",
"AX":"Аландские о-ва",
"AZ":"Азербайджан",
"BA":"Босния и Герцеговина",
"BB":"Барбадос",
"BD":"Бангладеш",
"BE":"Бельгия",
"BF":"Буркина Фасо",
"BG":"Болгария",
"BH":"Бахрейн",
"BI":"Бурунди",
"BJ":"Бенин",
"BL":"Остров Святого Бартоломея",
"BM":"Бермудские о-ва",
"BN":"Бруней Даруссалам",
"BO":"Боливия",
"BR":"Бразилия",
"BS":"Багамские о-ва",
"BT":"Бутан",
"BV":"Остров Буве",
"BW":"Ботсвана",
"BY":"Беларусь",
"BZ":"Белиз",
"CA":"Канада",
"CC":"Кокосовые о-ва",
"CD":"Демократическая Республика Конго",
"CF":"ЦАР",
"CG":"Конго",
"CH":"Швейцария",
"CI":"Кот д’Ивуар",
"CK":"Острова Кука",
"CL":"Чили",
"CM":"Камерун",
"CN":"Китай",
"CO":"Колумбия",
"CP":"Остров Клиппертон",
"CR":"Коста-Рика",
"CS":"Сербия и Черногория",
"CU":"Куба",
"CV":"Острова Зеленого Мыса",
"CX":"Остров Рождества",
"CY":"Кипр",
"CZ":"Чехия",
"DE":"Германия",
"DG":"Диего-Гарсия",
"DJ":"Джибути",
"DK":"Дания",
"DM":"Доминика",
"DO":"Доминиканская Республика",
"DZ":"Алжир",
"EA":"Сеута и Мелилья",
"EC":"Эквадор",
"EE":"Эстония",
"EG":"Египет",
"EH":"Западная Сахара",
"ER":"Эритрея",
"ES":"Испания",
"ET":"Эфиопия",
"EU":"Европейский союз",
"FI":"Финляндия",
"FJ":"Фиджи",
"FK":"Фолклендские о-ва",
"FM":"Федеративные Штаты Микронезии",
"FO":"Фарерские о-ва",
"FR":"Франция",
"FX":"Французская метрополия",
"GA":"Габон",
"GB":"Великобритания",
"GD":"Гренада",
"GE":"Грузия",
"GF":"Французская Гвиана",
"GG":"Гернси",
"GH":"Гана",
"GI":"Гибралтар",
"GL":"Гренландия",
"GM":"Гамбия",
"GN":"Гвинея",
"GP":"Гваделупа",
"GQ":"Экваториальная Гвинея",
"GR":"Греция",
"GS":"Южная Джорджия и Южные Сандвичевы Острова",
"GT":"Гватемала",
"GU":"Гуам",
"GW":"Гвинея-Бисау",
"GY":"Гайана",
"HK":"Гонконг (особый район)",
"HM":"Острова Херд и Макдональд",
"HN":"Гондурас",
"HR":"Хорватия",
"HT":"Гаити",
"HU":"Венгрия",
"IC":"Канарские о-ва",
"ID":"Индонезия",
"IE":"Ирландия",
"IL":"Израиль",
"IM":"Остров Мэн",
"IN":"Индия",
"IO":"Британская территория в Индийском океане",
"IQ":"Ирак",
"IR":"Иран",
"IS":"Исландия",
"IT":"Италия",
"JE":"Джерси",
"JM":"Ямайка",
"JO":"Иордания",
"JP":"Япония",
"KE":"Кения",
"KG":"Киргизия",
"KH":"Камбоджа",
"KI":"Кирибати",
"KM":"Коморские о-ва",
"KN":"Сент-Киттс и Невис",
"KP":"Северная Корея",
"KR":"Республика Корея",
"KW":"Кувейт",
"KY":"Каймановы острова",
"KZ":"Казахстан",
"LA":"Лаос",
"LB":"Ливан",
"LC":"Сент-Люсия",
"LI":"Лихтенштейн",
"LK":"Шри-Ланка",
"LR":"Либерия",
"LS":"Лесото",
"LT":"Литва",
"LU":"Люксембург",
"LV":"Латвия",
"LY":"Ливия",
"MA":"Марокко",
"MC":"Монако",
"MD":"Молдова",
"ME":"Черногория",
"MF":"Остров Святого Мартина",
"MG":"Мадагаскар",
"MH":"Маршалловы о-ва",
"MK":"Македония",
"ML":"Мали",
"MM":"Мьянма",
"MN":"Монголия",
"MO":"Макао (особый район)",
"MP":"Северные Марианские о-ва",
"MQ":"Мартиника",
"MR":"Мавритания",
"MS":"Монтсеррат",
"MT":"Мальта",
"MU":"Маврикий",
"MV":"Мальдивские о-ва",
"MW":"Малави",
"MX":"Мексика",
"MY":"Малайзия",
"MZ":"Мозамбик",
"NA":"Намибия",
"NC":"Новая Каледония",
"NE":"Нигер",
"NF":"Остров Норфолк",
"NG":"Нигерия",
"NI":"Никарагуа",
"NL":"Нидерланды",
"NO":"Норвегия",
"NP":"Непал",
"NR":"Науру",
"NU":"Ниуе",
"NZ":"Новая Зеландия",
"OM":"Оман",
"PA":"Панама",
"PE":"Перу",
"PF":"Французская Полинезия",
"PG":"Папуа – Новая Гвинея",
"PH":"Филиппины",
"PK":"Пакистан",
"PL":"Польша",
"PM":"Сен-Пьер и Микелон",
"PN":"Питкэрн",
"PR":"Пуэрто-Рико",
"PS":"Палестинские территории",
"PT":"Португалия",
"PW":"Палау",
"PY":"Парагвай",
"QA":"Катар",
"QO":"Внешняя Океания",
"RE":"Реюньон",
"RO":"Румыния",
"RS":"Сербия",
"RU":"Россия",
"RW":"Руанда",
"SA":"Саудовская Аравия",
"SB":"Соломоновы о-ва",
"SC":"Сейшельские о-ва",
"SD":"Судан",
"SE":"Швеция",
"SG":"Сингапур",
"SH":"Остров Святой Елены",
"SI":"Словения",
"SJ":"Свальбард и Ян-Майен",
"SK":"Словакия",
"SL":"Сьерра-Леоне",
"SM":"Сан-Марино",
"SN":"Сенегал",
"SO":"Сомали",
"SR":"Суринам",
"ST":"Сан-Томе и Принсипи",
"SV":"Сальвадор",
"SY":"Сирия",
"SZ":"Свазиленд",
"TA":"Тристан-да-Кунья",
"TC":"Острова Тёркс и Кайкос",
"TD":"Чад",
"TF":"Французские Южные Территории",
"TG":"Того",
"TH":"Таиланд",
"TJ":"Таджикистан",
"TK":"Токелау",
"TL":"Восточный Тимор",
"TM":"Туркменистан",
"TN":"Тунис",
"TO":"Тонга",
"TR":"Турция",
"TT":"Тринидад и Тобаго",
"TV":"Тувалу",
"TW":"Тайвань",
"TZ":"Танзания",
"UA":"Украина",
"UG":"Уганда",
"UM":"Внешние малые острова (США)",
"US":"США",
"UY":"Уругвай",
"UZ":"Узбекистан",
"VA":"Ватикан",
"VC":"Сент-Винсент и Гренадины",
"VE":"Венесуэла",
"VG":"Британские Виргинские о-ва",
"VI":"Виргинские о-ва (США)",
"VN":"Вьетнам",
"VU":"Вануату",
"WF":"Уоллис и Футуна",
"WS":"Самоа",
"YE":"Йемен",
"YT":"Майотта",
"ZA":"ЮАР",
"ZM":"Замбия",
"ZW":"Зимбабве",
"ZZ":"Неизвестный или недействительный регион"
},
"orientation":"left-to-right",
"dateFormat-full":"EEEE, d MMMM y 'г'.",
"dateFormat-long":"d MMMM y",
"dateFormat-medium":"d MMM y",
"dateFormat-short":"dd.MM.yy",
"timeFormat-full":"HH:mm:ss zzzz",
"timeFormat-long":"HH:mm:ss z",
"timeFormat-medium":"HH:mm:ss",
"timeFormat-short":"HH:mm",
"dateTimeFormat-full":"{1} {0}",
"dateTimeFormat-long":"{1} {0}",
"dateTimeFormat-medium":"{1} {0}",
"dateTimeFormat-short":"{1} {0}",
"months-defaultContext":"format",
"months-defaultWidth":"wide",
"months-format-abbreviated":[
"янв",
"фев",
"мар",
"апр",
"мая",
"июн",
"июл",
"авг",
"сен",
"окт",
"ноя",
"дек"],
"months-format-narrow":[
"Я",
"Ф",
"М",
"А",
"М",
"И",
"И",
"А",
"С",
"О",
"Н",
"Д"],
"months-format-wide":[
"января",
"февраля",
"марта",
"апреля",
"мая",
"июня",
"июля",
"августа",
"сентября",
"октября",
"ноября",
"декабря"],
"months-standAlone-abbreviated":[
"Янв.",
"Февр.",
"Март",
"Апр.",
"Май",
"Июнь",
"Июль",
"Авг.",
"Сент.",
"Окт.",
"Нояб.",
"Дек."],
"months-standAlone-narrow":[
"Я",
"Ф",
"М",
"А",
"М",
"И",
"И",
"А",
"С",
"О",
"Н",
"Д"],
"months-standAlone-wide":[
"Январь",
"Февраль",
"Март",
"Апрель",
"Май",
"Июнь",
"Июль",
"Август",
"Сентябрь",
"Октябрь",
"Ноябрь",
"Декабрь"],
"days-defaultContext":"format",
"days-defaultWidth":"wide",
"days-format-abbreviated":[
"вс",
"пн",
"вт",
"ср",
"чт",
"пт",
"сб"],
"days-format-narrow":[
"В",
"Пн",
"Вт",
"С",
"Ч",
"П",
"С"],
"days-format-wide":[
"воскресенье",
"понедельник",
"вторник",
"среда",
"четверг",
"пятница",
"суббота"],
"days-standAlone-abbreviated":[
"Вс",
"Пн",
"Вт",
"Ср",
"Чт",
"Пт",
"Сб"],
"days-standAlone-narrow":[
"В",
"П",
"В",
"С",
"Ч",
"П",
"С"],
"days-standAlone-wide":[
"Воскресенье",
"Понедельник",
"Вторник",
"Среда",
"Четверг",
"Пятница",
"Суббота"],
"quarters-format-abbreviated":[
"1-й кв.",
"2-й кв.",
"3-й кв.",
"4-й кв."],
"quarters-format-narrow":[
"1",
"2",
"3",
"4"],
"quarters-format-wide":[
"1-й квартал",
"2-й квартал",
"3-й квартал",
"4-й квартал"],
"quarters-standAlone-abbreviated":[
"1-й кв.",
"2-й кв.",
"3-й кв.",
"4-й кв."],
"quarters-standAlone-narrow":[
"1",
"2",
"3",
"4"],
"quarters-standAlone-wide":[
"1-й квартал",
"2-й квартал",
"3-й квартал",
"4-й квартал"],
"dayPeriods-format-abbreviated":[
"до полудня",
"после полудня"],
"dayPeriods-format-narrow":[
"дп",
"пп"],
"dayPeriods-format-wide":[
"до полудня",
"после полудня"],
"dayPeriods-standAlone-abbreviated":[
"до полудня",
"после полудня"],
"dayPeriods-standAlone-narrow":[
"дп",
"пп"],
"dayPeriods-standAlone-wide":[
"до полудня",
"после полудня"],
"decimalFormat":{
"standard":"#,##0.###"},
"decimalFormat-short":{
"1000":"0.0 тыс",
"10000":"00 тыс",
"100000":"000 тыс",
"1000000":"0.0 млн",
"10000000":"00 млн",
"100000000":"000 млн",
"1000000000":"0.0 млрд",
"10000000000":"00 млрд",
"100000000000":"000 млрд",
"1000000000000":"0.0 трлн",
"10000000000000":"00 трлн",
"100000000000000":"000 трлн"},
"scientificFormat":{
"standard":"#E0"},
"percentFormat":{
"standard":"#,##0 %"},
"currencyFormat":{
"standard":"#,##0.00 ¤"},
"symbols-latn-decimal":",",
"symbols-latn-group":" ",
"symbols-latn-list":";",
"symbols-latn-percentSign":"%",
"symbols-latn-plusSign":"+",
"symbols-latn-minusSign":"-",
"symbols-latn-exponential":"E",
"symbols-latn-perMille":"‰",
"symbols-latn-infinity":"∞",
"symbols-latn-nan":"не число",
"weekData-minDays":1,
"weekData-firstDay":1,
"weekData-weekendStart":6,
"weekData-weekendEnd":0
}