{
"languages":{
"aa":"Afarski",
"ab":"Abkazijski",
"ace":"Ačineski",
"ach":"Akoli",
"ada":"Adangmejski",
"ady":"Adigejski",
"ae":"Avestanski",
"af":"Afrikanerski",
"afa":"Afro-azijatski",
"afh":"Afrihili",
"ain":"Ainu",
"ak":"Akan",
"akk":"Akadijski",
"ale":"Aljut",
"alg":"Algonkvijanski jezik",
"alt":"Južni altai",
"am":"Amharski",
"an":"Aragonežanski",
"ang":"Staroengleski",
"anp":"Angika",
"apa":"Apački jezik",
"ar":"Arapski",
"arc":"Armajski",
"arn":"Arokanijski",
"arp":"Arapaho",
"art":"Veštački",
"arw":"Aravak",
"as":"Asemijski",
"ast":"Asturijski",
"ath":"Atapaskan",
"aus":"Australijski jezik",
"av":"Avarski",
"awa":"Avadhi",
"ay":"Ajmara",
"az":"Azerbejdžanski",
"ba":"Baškir",
"bad":"Banda",
"bai":"Bamileke",
"bal":"Baluči",
"ban":"Balinezijski",
"bas":"Basa",
"bat":"Baltički jezik",
"be":"Beloruski",
"bej":"Beja",
"bem":"Bemba",
"ber":"Berber",
"bg":"Bugarski",
"bh":"Biharski",
"bho":"Bojpuri",
"bi":"Bislama",
"bik":"Bikol",
"bin":"Bini",
"bla":"Siksika",
"bm":"Bambara",
"bn":"Bengalski",
"bnt":"Bantu",
"bo":"Tibetanski",
"br":"Bretonski",
"bra":"Braj",
"bs":"Bosanski",
"btk":"Batak",
"bua":"Buriat",
"bug":"Buginežanskii",
"byn":"Blin",
"ca":"Katalonski",
"cad":"Kado",
"cai":"Jezik centralno-američkih Indijanaca",
"car":"Karipski",
"cau":"Kavkaski",
"cch":"Atsam",
"ce":"Čečenski",
"ceb":"Cebuano",
"cel":"Keltski jezik",
"ch":"Čamoro",
"chb":"Čibča",
"chg":"Čagatai",
"chk":"Čukeski",
"chm":"Mari",
"chn":"Činukski",
"cho":"Čoktavski",
"chp":"Čipvijanski",
"chr":"Čeroki",
"chy":"Čejenski",
"cmc":"Čamski jezik",
"co":"Korzikanski",
"cop":"Koptski",
"cpe":"Kreolski ili pidžin zasnovan na engleskom",
"cpf":"Kreolski ili pidžin zasnovan na francuskom",
"cpp":"Kreolski ili pidžin baziran na portugalskom",
"cr":"Kri",
"crh":"Krimeanski turski",
"crp":"kreolski ili pidžin",
"cs":"Češki",
"csb":"Kašubijanski",
"cu":"Staroslovenski",
"cus":"Kušitički jezik",
"cv":"Čuvaški",
"cy":"Velški",
"da":"Danski",
"dak":"Dakota",
"dar":"Dargva",
"day":"Dajaški",
"de":"Nemački",
"de_AT":"Austrijski nemački",
"de_CH":"Švajcarski visoki nemački",
"del":"Delaver",
"den":"Slavski",
"dgr":"Dogrib",
"din":"Dinka",
"doi":"Dogri",
"dra":"Dravidijski jezik",
"dsb":"Niski Sorbijanski",
"dua":"Duala",
"dum":"Srednji holandski",
"dv":"Divehijski",
"dyu":"Đula",
"dz":"Džonga",
"ee":"Eve",
"efi":"Efikski",
"egy":"Staroegipatski",
"eka":"Ekajuk",
"el":"Grčki",
"elx":"Elamitski",
"en":"Engleski",
"en_AU":"Australijski engleski",
"en_CA":"Kanadski engleski",
"en_GB":"Britanski engleski",
"en_US":"Engleski (SAD)",
"enm":"Srednji engleski",
"eo":"Esperanto",
"es":"Španski",
"es_419":"Latino-američki španski",
"es_ES":"Iberijski španski",
"et":"Estonski",
"eu":"Baskijski",
"ewo":"Evondo",
"fa":"Persijski",
"fan":"Fang",
"fat":"Fanti",
"ff":"Fulah",
"fi":"Finski",
"fil":"Filipinski",
"fiu":"Ugro-finski jezik",
"fj":"Fidžijski",
"fo":"Farski",
"fon":"Fon",
"fr":"Francuski",
"fr_CA":"Kanadski francuski",
"fr_CH":"Švajcarski francuski",
"frm":"Srednji francuski",
"fro":"Starofrancuski",
"frr":"Severno-frizijski",
"frs":"Istočni frizijski",
"fur":"Friulijski",
"fy":"Frizijski",
"ga":"Irski",
"gaa":"Ga",
"gay":"Gajo",
"gba":"Gbaja",
"gd":"Škotski Galski",
"gem":"Germanski jezik",
"gez":"Džiz",
"gil":"Gilbertški",
"gl":"Galski",
"gmh":"Srednji visoki nemački",
"gn":"Gvarani",
"goh":"Staronemački",
"gon":"Gondi",
"gor":"Gorontalo",
"got":"Gotski",
"grb":"Grebo",
"grc":"Starogrčki",
"gsw":"Švajcarsko nemački",
"gu":"Gudžarati",
"gv":"Manks",
"gwi":"Gvich'in",
"ha":"Hausa",
"hai":"Haida",
"haw":"Havajski",
"he":"Hebrejski",
"hi":"Hindi",
"hil":"Hiligajnon",
"him":"Himačali",
"hit":"Hitite",
"hmn":"Hmong",
"ho":"Hiri Motu",
"hr":"Hrvatski",
"hsb":"Gornji sorbijski",
"ht":"Haićanski",
"hu":"Mađarski",
"hup":"Hupa",
"hy":"Jermenski",
"hz":"Herero",
"ia":"Interlingva",
"iba":"Iban",
"id":"Indonezijski",
"ie":"Interlingve",
"ig":"Igbo",
"ii":"Sičuan ji",
"ijo":"Ijo",
"ik":"Inupiak",
"ilo":"Iloko",
"inc":"Indik",
"ine":"Indo-evropski jezik",
"inh":"Ingušetski",
"io":"Ido",
"ira":"Iranski jezik",
"iro":"Irokvojanski",
"is":"Islandski",
"it":"Italijanski",
"iu":"Inuktitut",
"ja":"Japanski",
"jbo":"Lojban",
"jpr":"Judeo-persijski",
"jrb":"Judeo-arapski",
"jv":"Javanski",
"ka":"Gruzijski",
"kaa":"Kara-kalpaški",
"kab":"Kabile",
"kac":"Kačin",
"kaj":"Žju",
"kam":"Kamba",
"kar":"Karenski",
"kaw":"Kavi",
"kbd":"Kabardijski",
"kcg":"Tjap",
"kfo":"Koro",
"kg":"Kongo",
"kha":"Kasi",
"khi":"Koisanski jezik",
"kho":"Kotanizijski",
"ki":"Kikuju",
"kj":"Kuanjama",
"kk":"Kozački",
"kl":"Kalalisutski",
"km":"Kmerski",
"kmb":"Kimbundu",
"kn":"Kanada",
"ko":"Korejski",
"kok":"Konkani",
"kos":"Kosreanski",
"kpe":"Kpele",
"kr":"Kanuri",
"krc":"Karačaj-balkar",
"krl":"Karelijski",
"kro":"Kru",
"kru":"Kurukh",
"ks":"Kašmiri",
"ku":"Kurdski",
"kum":"Kumik",
"kut":"Kutenai",
"kv":"Komi",
"kw":"Korniški",
"ky":"Kirgiski",
"la":"Latinski",
"lad":"Ladino",
"lah":"Landa",
"lam":"Lamba",
"lb":"Luksemburški",
"lez":"Lezgian",
"lg":"Ganda",
"li":"Limburgiš",
"ln":"Lingala",
"lo":"Laoški",
"lol":"Mongo",
"loz":"Lozi",
"lt":"Litvanski",
"lu":"Luba-katanga",
"lua":"Luba-lulua",
"lui":"Luiseno",
"lun":"Lunda",
"luo":"Luo",
"lus":"Lušai",
"lv":"Letonski",
"mad":"Madureški",
"mag":"Magahi",
"mai":"Maitili",
"mak":"Makasar",
"man":"Mandingo",
"map":"Austronežanski",
"mas":"Masai",
"mdf":"Mokša",
"mdr":"Mandar",
"men":"Mende",
"mg":"Malagazijski",
"mga":"Srednji irski",
"mh":"Maršalski",
"mi":"Maorski",
"mic":"Mikmak",
"min":"Minangkabau",
"mis":"Razni jezici",
"mk":"Makedonski",
"mkh":"Mon-kmerski jezik",
"ml":"Malajalam",
"mn":"Mongolski",
"mnc":"Manču",
"mni":"Manipuri",
"mno":"Manobo jezik",
"mo":"Moldavski",
"moh":"Mahavski",
"mos":"Mosi",
"mr":"Marati",
"ms":"Malajski",
"mt":"Melteški",
"mul":"Više jezika",
"mun":"Munda jezik",
"mus":"Kriški",
"mwl":"Mirandeški",
"mwr":"Marvari",
"my":"Burmanski",
"myn":"Majanski jezik",
"myv":"Erzija",
"na":"Nauru",
"nah":"Nahuatl",
"nai":"Jezik severno-američkih Indijanaca",
"nap":"Neapolitanski",
"nb":"Norveški bokmål",
"nd":"Severni ndebele",
"nds":"Niski nemački",
"ne":"Nepalski",
"new":"Nevari",
"ng":"Ndonga",
"nia":"Nias",
"nic":"Niger-kordofanijski jezik",
"niu":"Niuean",
"nl":"Holandski",
"nl_BE":"Flamanski",
"nn":"Norveški njorsk",
"no":"Norveški",
"nog":"Nogai",
"non":"Stari norski",
"nqo":"N’ko",
"nr":"Južni ndebele",
"nso":"Severni soto",
"nub":"Nubijski jezik",
"nv":"Navaho",
"nwc":"Klasični nevari",
"ny":"Njanja",
"nym":"Njamvezi",
"nyn":"Njankole",
"nyo":"Njoro",
"nzi":"Nzima",
"oc":"Provansalski",
"oj":"Ojibva",
"om":"Oromo",
"or":"Orijski",
"os":"Osetski",
"osa":"Osage",
"ota":"Otomanski turski",
"oto":"Otomanski jezik",
"pa":"Pandžabski",
"paa":"Papuanski jezik",
"pag":"Pangasinski",
"pal":"Pahlavi",
"pam":"Pampanga",
"pap":"Papiamento",
"pau":"Palauanski",
"peo":"Staropersijski",
"phi":"Filipinski jezik",
"phn":"Feničanski",
"pi":"Pali",
"pl":"Poljski",
"pon":"Ponpejski",
"pra":"Prakritski jezik",
"pro":"Staroprovansalski",
"ps":"Paštunski",
"pt":"Portugalski",
"pt_BR":"Brazilski portugalski",
"pt_PT":"Iberijski portugalski",
"qu":"Kvenča",
"raj":"Rađastani",
"rap":"Rapanui",
"rar":"Rarotongan",
"rm":"Reto-Romanski",
"rn":"Rundi",
"ro":"Rumunski",
"roa":"Romanski jezik",
"rom":"Romani",
"root":"Run",
"ru":"Ruski",
"rup":"Aromanijski",
"rw":"Kinjarvanda",
"sa":"Sanskrit",
"sad":"Sandave",
"sah":"Jakut",
"sai":"Jezik južno-američkih Indijanaca",
"sal":"Sališanski jezik",
"sam":"Samaritanski aramejski",
"sas":"Sasak",
"sat":"Santali",
"sc":"Sardinijski",
"scn":"Sicilijanski",
"sco":"Škotski",
"sd":"Sindi",
"se":"Severni sami",
"sel":"Selkap",
"sem":"Semitski jezik",
"sg":"Sango",
"sga":"Staroirski",
"sgn":"Jezik znakova",
"sh":"Srpskohrvatski",
"shn":"Šan",
"si":"Singaleski",
"sid":"Sidamo",
"sio":"Siuanski jezik",
"sit":"Sino-tibetanski jezik",
"sk":"Slovački",
"sl":"Slovenački",
"sla":"Slovenski jezik",
"sm":"Samoanski",
"sma":"Južni sami",
"smi":"Sami jezik",
"smj":"Lule sami",
"smn":"Inari sami",
"sms":"Skoltski jezik",
"sn":"Šona",
"snk":"Soninke",
"so":"Somalski",
"sog":"Sodžijenski",
"son":"Songai",
"sq":"Albanski",
"sr":"Srpski",
"srn":"Srananski tongo",
"srr":"Serer",
"ss":"Svati",
"ssa":"Nilo-saharski jezik",
"st":"Sesoto",
"su":"Sudanski",
"suk":"Sukuma",
"sus":"Susu",
"sux":"Sumerski",
"sv":"Švedski",
"sw":"Svahili",
"swb":"Komorski",
"syc":"Klasični sirijski",
"syr":"Sirijski",
"ta":"Tamilski",
"tai":"Tai jezik",
"te":"Telugu",
"tem":"Timne",
"ter":"Tereno",
"tet":"Tetum",
"tg":"Tađik",
"th":"Tajlandski",
"ti":"Tigrinja",
"tig":"Tigre",
"tiv":"Tiv",
"tk":"Turkmenski",
"tkl":"Tokelau",
"tl":"Tagalski",
"tlh":"Klingonski",
"tli":"Tlingit",
"tmh":"Tamašek",
"tn":"Tsvana",
"to":"Tonga",
"tog":"Njasa tonga",
"tpi":"Tok pisin",
"tr":"Turski",
"ts":"Tsonga",
"tsi":"Tsimšian",
"tt":"Tatarski",
"tum":"Tumbuka",
"tup":"Tupi jezik",
"tut":"Altaički jezik",
"tvl":"Tuvalu",
"tw":"Tvi",
"ty":"Tahićanski",
"tyv":"Tuvinijski",
"udm":"Udmurt",
"ug":"Ujgurski",
"uga":"Ugaritski",
"uk":"Ukrajinski",
"umb":"Umbundu",
"und":"Nepoznat ili nevažeći jezik",
"ur":"Urdu",
"uz":"Uzbečki",
"vai":"Vai",
"ve":"Venda",
"vi":"Vijetnamski",
"vo":"Volapük",
"vot":"Votski",
"wa":"Valun",
"wak":"Vakašanski jezik",
"wal":"Valamo",
"war":"Varej",
"was":"Vašo",
"wen":"Sorbijanski jezik",
"wo":"Volof",
"xal":"Kalmik",
"xh":"Khosa",
"yao":"Jao",
"yap":"Japeški",
"yi":"Jidiš",
"yo":"Jorubanski",
"ypk":"Jupik",
"yue":"Kantonski",
"za":"Zuang",
"zap":"Zapotečki",
"zbl":"Blisimboli",
"zen":"Zenaga",
"zh":"Kineski",
"zh_Hans":"Kineski (pojednostavljen)",
"zh_Hant":"Kineski (tradicionalni)",
"znd":"Zande",
"zu":"Zulu",
"zun":"Zuni",
"zxx":"Bez lingvističkog sadržaja",
"zza":"Zaza"
},
"scripts":{
"Arab":"arapsko pismo",
"Armi":"imperijsko aramejsko pismo",
"Armn":"jermensko pismo",
"Avst":"avestansko pismo",
"Bali":"balijsko pismo",
"Batk":"batak pismo",
"Beng":"bengalsko pismo",
"Blis":"blisimbolično pismo",
"Bopo":"bopomofo pismo",
"Brah":"Bramansko pismo",
"Brai":"Brajevo pismo",
"Bugi":"buginsko pismo",
"Buhd":"buhidsko pismo",
"Cakm":"čakmansko pismo",
"Cans":"Ujedinjeni kanadski aboridžinski silabici",
"Cari":"karijsko pismo",
"Cham":"čamsko pismo",
"Cher":"Čeroki",
"Cirt":"cirt pismo",
"Copt":"koptičko pismo",
"Cprt":"kiparsko pismo",
"Cyrl":"Ćirilica",
"Cyrs":"Staroslovenska crkvena ćirilica",
"Deva":"Devanagari",
"Dsrt":"Dezeret",
"Egyd":"egipatsko narodno pismo",
"Egyh":"egipatsko hijeratsko pismo",
"Egyp":"Egipatski hijeroglifi",
"Ethi":"etiopsko pismo",
"Geok":"gruzijsko khutsuri pismo",
"Geor":"gruzijsko pismo",
"Glag":"glagoljica",
"Goth":"Gotika",
"Grek":"grčko pismo",
"Gujr":"gužarati pismo",
"Guru":"gurmukhi pismo",
"Hang":"hangul pismo",
"Hani":"han pismo",
"Hano":"hanuno pismo",
"Hans":"pojednostavljeno kinesko pismo",
"Hant":"tradicionalno kinesko pismo",
"Hebr":"hebrejsko pismo",
"Hira":"Hiragana",
"Hmng":"pahawh hmong pismo",
"Hrkt":"Katakana ili Hiragana",
"Hung":"Staromađarsko pismo",
"Inds":"induško ismo",
"Ital":"staro italsko pismo",
"Java":"javansko pismo",
"Jpan":"japansko pismo",
"Kali":"kajah li pismo",
"Kana":"Katakana",
"Khar":"karošti pismo",
"Khmr":"kmersko pismo",
"Knda":"kannada pismo",
"Kore":"Korejsko pismo",
"Kthi":"kaićansko pismo",
"Lana":"lanna pismo",
"Laoo":"lao pismo",
"Latf":"Latinica (Fraktur varijanta)",
"Latg":"Galska latinica",
"Latn":"Latinica",
"Lepc":"lepča pismo",
"Limb":"limbu pismo",
"Lina":"linearno A pismo",
"Linb":"linearno B pismo",
"Lyci":"lisijsko pismo",
"Lydi":"lidijsko pismo",
"Mand":"mandeansko pismo",
"Mani":"manihejsko pismo",
"Maya":"majanski hijeroglifi",
"Mero":"meroitik pismo",
"Mlym":"malajalam pismo",
"Mong":"Mongolsko pismo",
"Moon":"mesečevo pismo",
"Mtei":"meitei majek pismo",
"Mymr":"mianmarko pismo",
"Nkoo":"n'ko pismo",
"Ogam":"ogham pismo",
"Olck":"ol čiki pismo",
"Orkh":"orkhon pismo",
"Orya":"orija pismo",
"Osma":"osmanja pismo",
"Perm":"staro permiksko pismo",
"Phag":"phags-pa pismo",
"Phli":"pisani pahlavi",
"Phlp":"psalter pahlavi",
"Phlv":"pahlavi pismo",
"Phnx":"Feničansko pismo",
"Plrd":"polard fonetsko pismo",
"Prti":"pisani partian",
"Rjng":"rejang pismo",
"Roro":"rongorongo pismo",
"Runr":"runsko pismo",
"Samr":"samaritansko pismo",
"Sara":"sarati pismo",
"Saur":"sauraštra pismo",
"Sgnw":"znakovno pismo",
"Shaw":"šavian pismo",
"Sinh":"sinhala pismo",
"Sund":"sudansko pismo",
"Sylo":"siloti nagri pismo",
"Syrc":"sirijsko pismo",
"Syre":"sirijsko estrangelo pismo",
"Syrj":"Zapadnosirijsko pismo",
"Syrn":"pismo istočne Sirije",
"Tagb":"tagbanva pismo",
"Tale":"tai le pismo",
"Talu":"novo tai lue pismo",
"Taml":"tamilsko pismo",
"Tavt":"tai viet pismo",
"Telu":"telugu pismo",
"Teng":"tengvar pismo",
"Tfng":"tifinag pismo",
"Tglg":"tagalog",
"Thaa":"thana pismo",
"Thai":"Tajlandsko pismo",
"Tibt":"tibetansko pismo",
"Ugar":"ugaritsko pismo",
"Vaii":"vai pismo",
"Visp":"vidljivi govor",
"Xpeo":"Staropersijsko pismo",
"Xsux":"sumersko-akadsko kuneiform pismo",
"Yiii":"ji pismo",
"Zinh":"nasledno pismo",
"Zmth":"matematička notacija",
"Zsym":"simboli",
"Zxxx":"Nepisani jezik",
"Zyyy":"zajedničko pismo",
"Zzzz":"Nepoznato ili nevažeće pismo"
},
"territories":{
"001":"Svet",
"002":"Afrika",
"003":"Severnoamerički kontinent",
"005":"Južna Amerika",
"009":"Okeanija",
"011":"Zapadna Afrika",
"013":"Centralna Amerika",
"014":"Istočna Afrika",
"015":"Severna Afrika",
"017":"Centralna Afrika",
"018":"Južna Afrika",
"019":"Amerike",
"021":"Severna Amerika",
"029":"Karibi",
"030":"Istočna Azija",
"034":"Južna Azija",
"035":"Jugoistočna Azija",
"039":"Južna Evropa",
"053":"Australija i Novi Zeland",
"054":"Melanezija",
"057":"Micronezija",
"061":"Polinezija",
"062":"Južno-centralna Azija",
"142":"Azija",
"143":"Centralna Azija",
"145":"Zapadna Azija",
"150":"Evropa",
"151":"Istočna Evropa",
"154":"Severna Evropa",
"155":"Zapadna Evropa",
"172":"Komonvelt nezavisnih država",
"419":"Latinska Amerika",
"830":"Kanalska ostrva",
"AC":"Ostrvo Asension",
"AD":"Andora",
"AE":"Ujedinjeni Arapski Emirati",
"AF":"Avganistan",
"AG":"Antigva i Barbuda",
"AI":"Angvila",
"AL":"Albanija",
"AM":"Armenija",
"AN":"Holandski Antili",
"AO":"Angola",
"AQ":"Antarktika",
"AR":"Argentina",
"AS":"Američka Samoa",
"AT":"Austrija",
"AU":"Australija",
"AW":"Aruba",
"AX":"Alandska ostrva",
"AZ":"Azerbejdžan",
"BA":"Bosna i Hercegovina",
"BB":"Barbados",
"BD":"Bangladeš",
"BE":"Belgija",
"BF":"Burkina Faso",
"BG":"Bugarska",
"BH":"Bahrein",
"BI":"Burundi",
"BJ":"Benin",
"BL":"Sv. Bartolomej",
"BM":"Bermuda",
"BN":"Brunej",
"BO":"Bolivija",
"BR":"Brazil",
"BS":"Bahami",
"BT":"Butan",
"BV":"Buve Ostrva",
"BW":"Bocvana",
"BY":"Belorusija",
"BZ":"Belise",
"CA":"Kanada",
"CC":"Kokos (Keling) Ostrva",
"CD":"Demokratska Republika Kongo",
"CF":"Centralno Afrička Republika",
"CG":"Kongo",
"CH":"Švajcarska",
"CI":"Obala Slonovače",
"CK":"Kukova Ostrva",
"CL":"Čile",
"CM":"Kamerun",
"CN":"Kina",
"CO":"Kolumbija",
"CP":"Ostrvo Kliperton",
"CR":"Kostarika",
"CS":"Srbija i Crna Gora",
"CU":"Kuba",
"CV":"Kape Verde",
"CX":"Božićna Ostrva",
"CY":"Kipar",
"CZ":"Češka",
"DE":"Nemačka",
"DG":"Dijego Garsija",
"DJ":"Džibuti",
"DK":"Danska",
"DM":"Dominika",
"DO":"Dominikanska Republika",
"DZ":"Alžir",
"EA":"Seuta i Melilja",
"EC":"Ekvador",
"EE":"Estonija",
"EG":"Egipat",
"EH":"Zapadna Sahara",
"ER":"Eritreja",
"ES":"Španija",
"ET":"Etiopija",
"EU":"Evropska unija",
"FI":"Finska",
"FJ":"Fidži",
"FK":"Folklandska Ostrva",
"FM":"Mikronezija",
"FO":"Farska Ostrva",
"FR":"Francuska",
"GA":"Gabon",
"GB":"Velika Britanija",
"GD":"Grenada",
"GE":"Gruzija",
"GF":"Francuska Gvajana",
"GG":"Gurnsi",
"GH":"Gana",
"GI":"Gibraltar",
"GL":"Grenland",
"GM":"Gambija",
"GN":"Gvineja",
"GP":"Gvadelupe",
"GQ":"Ekvatorijalna Gvineja",
"GR":"Grčka",
"GS":"Južna Džordžija i Južna Sendvič Ostrva",
"GT":"Gvatemala",
"GU":"Guam",
"GW":"Gvineja-Bisao",
"GY":"Gvajana",
"HK":"Hong Kong (S. A. R. Kina)",
"HM":"Herd i Mekdonald Ostrva",
"HN":"Honduras",
"HR":"Hrvatska",
"HT":"Haiti",
"HU":"Mađarska",
"IC":"Kanarska ostrva",
"ID":"Indonezija",
"IE":"Irska",
"IL":"Izrael",
"IM":"Ostrvo Man",
"IN":"Indija",
"IO":"Britansko Indijska Okeanska Teritorija",
"IQ":"Irak",
"IR":"Iran",
"IS":"Island",
"IT":"Italija",
"JE":"Džersi",
"JM":"Jamajka",
"JO":"Jordan",
"JP":"Japan",
"KE":"Kenija",
"KG":"Kirgizstan",
"KH":"Kambodža",
"KI":"Kiribati",
"KM":"Komorska Ostrva",
"KN":"Sent Kits i Nevis",
"KP":"Severna Koreja",
"KR":"Južna Koreja",
"KW":"Kuvajt",
"KY":"Kajmanska Ostrva",
"KZ":"Kazahstan",
"LA":"Laos",
"LB":"Liban",
"LC":"Sent Lucija",
"LI":"Lihtenštajn",
"LK":"Šri Lanka",
"LR":"Liberija",
"LS":"Lesoto",
"LT":"Litvanija",
"LU":"Luksemburg",
"LV":"Letonija",
"LY":"Libija",
"MA":"Maroko",
"MC":"Monako",
"MD":"Moldavija",
"ME":"Crna Gora",
"MF":"Sv. Martin",
"MG":"Madagaskar",
"MH":"Maršalska Ostrva",
"MK":"Makedonija",
"ML":"Mali",
"MM":"Mijanmar",
"MN":"Mongolija",
"MO":"Makao (S. A. R. Kina)",
"MP":"Severna Marijanska Ostrva",
"MQ":"Martinik",
"MR":"Mauritanija",
"MS":"Monserat",
"MT":"Malta",
"MU":"Mauricius",
"MV":"Maldivi",
"MW":"Malavi",
"MX":"Meksiko",
"MY":"Malezija",
"MZ":"Mozambik",
"NA":"Namibija",
"NC":"Nova Kaledonija",
"NE":"Niger",
"NF":"Norfolk Ostrvo",
"NG":"Nigerija",
"NI":"Nikaragva",
"NL":"Holandija",
"NO":"Norveška",
"NP":"Nepal",
"NR":"Nauru",
"NU":"Niue",
"NZ":"Novi Zeland",
"OM":"Oman",
"PA":"Panama",
"PE":"Peru",
"PF":"Francuska Polinezija",
"PG":"Papua Nova Gvineja",
"PH":"Filipini",
"PK":"Pakistan",
"PL":"Poljska",
"PM":"Sen Pjer i Mikelon",
"PN":"Pitcairn",
"PR":"Porto Riko",
"PS":"Palestinska Teritorija",
"PT":"Portugal",
"PW":"Palau",
"PY":"Paragvaj",
"QA":"Katar",
"QO":"Ostala okeanija",
"RE":"Rejunion",
"RO":"Rumunija",
"RS":"Srbija",
"RU":"Rusija",
"RW":"Ruanda",
"SA":"Saudijska Arabija",
"SB":"Solomonska Ostrva",
"SC":"Sejšeli",
"SD":"Sudan",
"SE":"Švedska",
"SG":"Singapur",
"SH":"Sveta Jelena",
"SI":"Slovenija",
"SJ":"Svalbard i Janmajen Ostrva",
"SK":"Slovačka",
"SL":"Sijera Leone",
"SM":"San Marino",
"SN":"Senegal",
"SO":"Somalija",
"SR":"Surinam",
"ST":"Sao Tome i Principe",
"SV":"Salvador",
"SY":"Sirija",
"SZ":"Svazilend",
"TA":"Tristan da Kunja",
"TC":"Turks i Kajkos Ostrva",
"TD":"Čad",
"TF":"Francuske Južne Teritorije",
"TG":"Togo",
"TH":"Tajland",
"TJ":"Tadžikistan",
"TK":"Tokelau",
"TL":"Istočni Timor",
"TM":"Turkmenistan",
"TN":"Tunis",
"TO":"Tonga",
"TR":"Turska",
"TT":"Trinidad i Tobago",
"TV":"Tuvalu",
"TW":"Tajvan",
"TZ":"Tanzanija",
"UA":"Ukrajina",
"UG":"Uganda",
"UM":"Manja Udaljena Ostrva SAD",
"US":"Sjedinjene Američke Države",
"UY":"Urugvaj",
"UZ":"Uzbekistan",
"VA":"Vatikan",
"VC":"Sent Vinsent i Grenadini",
"VE":"Venecuela",
"VG":"Britanska Devičanska Ostrva",
"VI":"S.A.D. Devičanska Ostrva",
"VN":"Vijetnam",
"VU":"Vanuatu",
"WF":"Valis i Futuna Ostrva",
"WS":"Samoa",
"YE":"Jemen",
"YT":"Majote",
"ZA":"Južnoafrička Republika",
"ZM":"Zambija",
"ZW":"Zimbabve",
"ZZ":"Nepoznat ili nevažeći region"
},
"orientation":"left-to-right",
"dateFormat-full":"EEEE, dd. MMMM y.",
"dateFormat-long":"dd. MMMM y.",
"dateFormat-medium":"dd.MM.y.",
"dateFormat-short":"d.M.yy.",
"timeFormat-full":"HH.mm.ss zzzz",
"timeFormat-long":"HH.mm.ss z",
"timeFormat-medium":"HH.mm.ss",
"timeFormat-short":"HH.mm",
"dateTimeFormat-full":"{1} {0}",
"dateTimeFormat-long":"{1} {0}",
"dateTimeFormat-medium":"{1} {0}",
"dateTimeFormat-short":"{1} {0}",
"months-defaultContext":"format",
"months-defaultWidth":"wide",
"months-format-abbreviated":[
"jan",
"feb",
"mar",
"apr",
"maj",
"jun",
"jul",
"avg",
"sep",
"okt",
"nov",
"dec"],
"months-format-narrow":[
"j",
"f",
"m",
"a",
"m",
"j",
"j",
"a",
"s",
"o",
"n",
"d"],
"months-format-wide":[
"januar",
"februar",
"mart",
"april",
"maj",
"jun",
"jul",
"avgust",
"septembar",
"oktobar",
"novembar",
"decembar"],
"months-standAlone-abbreviated":[
"jan",
"feb",
"mar",
"apr",
"maj",
"jun",
"jul",
"avg",
"sep",
"okt",
"nov",
"dec"],
"months-standAlone-narrow":[
"j",
"f",
"m",
"a",
"m",
"j",
"j",
"a",
"s",
"o",
"n",
"d"],
"months-standAlone-wide":[
"januar",
"februar",
"mart",
"april",
"maj",
"jun",
"jul",
"avgust",
"septembar",
"oktobar",
"novembar",
"decembar"],
"days-defaultContext":"format",
"days-defaultWidth":"wide",
"days-format-abbreviated":[
"ned",
"pon",
"uto",
"sre",
"čet",
"pet",
"sub"],
"days-format-narrow":[
"n",
"p",
"u",
"s",
"č",
"p",
"s"],
"days-format-wide":[
"nedelja",
"ponedeljak",
"utorak",
"sreda",
"četvrtak",
"petak",
"subota"],
"days-standAlone-abbreviated":[
"ned",
"pon",
"uto",
"sre",
"čet",
"pet",
"sub"],
"days-standAlone-narrow":[
"n",
"p",
"u",
"s",
"č",
"p",
"s"],
"days-standAlone-wide":[
"nedelja",
"ponedeljak",
"utorak",
"sreda",
"četvrtak",
"petak",
"subota"],
"quarters-format-abbreviated":[
"Q1",
"Q2",
"Q3",
"Q4"],
"quarters-format-narrow":[
"1.",
"2.",
"3.",
"4."],
"quarters-format-wide":[
"1. kvartal",
"2. kvartal",
"3. kvartal",
"4. kvartal"],
"quarters-standAlone-abbreviated":[
"Q1",
"Q2",
"Q3",
"Q4"],
"quarters-standAlone-narrow":[
"1.",
"2.",
"3.",
"4."],
"quarters-standAlone-wide":[
"1. kvartal",
"2. kvartal",
"3. kvartal",
"4. kvartal"],
"dayPeriods-format-abbreviated":[
"pre podne",
"popodne"],
"dayPeriods-format-narrow":[
"pre podne",
"popodne"],
"dayPeriods-format-wide":[
"pre podne",
"popodne"],
"dayPeriods-standAlone-abbreviated":[
"pre podne",
"popodne"],
"dayPeriods-standAlone-narrow":[
"pre podne",
"popodne"],
"dayPeriods-standAlone-wide":[
"pre podne",
"popodne"],
"decimalFormat":{
"standard":"#,##0.###"},
"decimalFormat-short":{
"1000":"0.0 хиљ",
"10000":"00 хиљ",
"100000":"000 хиљ",
"1000000":"0.0 мил",
"10000000":"00 мил",
"100000000":"000 мил",
"1000000000":"0",
"10000000000":"0",
"100000000000":"0",
"1000000000000":"0",
"10000000000000":"0",
"100000000000000":"0"},
"scientificFormat":{
"standard":"#E0"},
"percentFormat":{
"standard":"#,##0%"},
"currencyFormat":{
"standard":"#,##0.00 ¤"},
"symbols-latn-decimal":",",
"symbols-latn-group":".",
"symbols-latn-list":";",
"symbols-latn-percentSign":"%",
"symbols-latn-plusSign":"+",
"symbols-latn-minusSign":"-",
"symbols-latn-exponential":"E",
"symbols-latn-perMille":"‰",
"symbols-latn-infinity":"∞",
"symbols-latn-nan":"NaN",
"weekData-minDays":1,
"weekData-firstDay":1,
"weekData-weekendStart":6,
"weekData-weekendEnd":0
}