{
"languages":{
"aa":"Afar",
"ab":"Abhazca",
"ace":"Achinese",
"ach":"Acoli",
"ada":"Adangme",
"ady":"Adigece",
"ae":"Avestçe",
"af":"Afrikaan Dili",
"afa":"Afro-Asyatik Diller",
"afh":"Afrihili",
"ain":"Ayni Dili",
"ak":"Akan",
"akk":"Akad Dili",
"ale":"Aleut",
"alg":"Algonkin Dili",
"alt":"Güney Altayca",
"am":"Amharca",
"an":"Aragonca",
"ang":"Eski İngilizce",
"anp":"Angika",
"apa":"Apaçi Dilleri",
"ar":"Arapça",
"arc":"Aramice",
"arn":"Araukanya Dili",
"arp":"Arapaho Dili",
"art":"Yapay Diller",
"arw":"Arawak Dili",
"as":"Assamca",
"ast":"Asturyasca",
"ath":"Atabaşkan Dilleri",
"aus":"Avustralya Dilleri",
"av":"Avar Dili",
"awa":"Awadhi",
"ay":"Aymara",
"az":"Azerice",
"ba":"Başkırtça",
"bad":"Banda Dili",
"bai":"Bamileke Dilleri",
"bal":"Baluchi",
"ban":"Bali Dili",
"bas":"Basa Dili",
"bat":"Baltık Dilleri",
"be":"Beyaz Rusça",
"bej":"Beja Dili",
"bem":"Bemba",
"ber":"Berberi",
"bg":"Bulgarca",
"bh":"Bihari",
"bho":"Arayanice",
"bi":"Bislama",
"bik":"Bikol",
"bin":"Bini",
"bla":"Siksika",
"bm":"Bambara",
"bn":"Bengalce",
"bnt":"Bantu Dili",
"bo":"Tibetçe",
"br":"Bretonca",
"bra":"Braj",
"bs":"Boşnakça",
"btk":"Batak",
"bua":"Buryat",
"bug":"Bugis",
"byn":"Blin",
"ca":"Katalanca",
"cad":"Caddo",
"cai":"Orta Amerika Yerli Dilleri",
"car":"Carib",
"cau":"Kafkas Dilleri",
"cch":"Atsam",
"ce":"Çeçence",
"ceb":"Cebuano",
"cel":"Kelt Dilleri",
"ch":"Chamorro",
"chb":"Chibcha",
"chg":"Çağatay Dili",
"chk":"Chuukese",
"chm":"Mari",
"chn":"Chinook Jargon",
"cho":"Choctaw",
"chp":"Chipewyan",
"chr":"Çeroki",
"chy":"Şayen Dili",
"cmc":"Chamic Dilleri",
"co":"Korsikaca",
"cop":"Kıptice",
"cpe":"İngilizce tabanlı Creole ve Pidgin Dilleri",
"cpf":"Fransızca tabanlı Creole ve Pidgin Dilleri",
"cpp":"Portekizce tabanlı Creole ve Pidgin Dilleri",
"cr":"Cree",
"crh":"Kırım Türkçesi",
"crp":"Creole ve Pidgin Dilleri",
"cs":"Çekçe",
"csb":"Kashubian",
"cu":"Kilise Slavcası",
"cus":"Kuşitik Diller",
"cv":"Çuvaşça",
"cy":"Galce",
"da":"Danca",
"dak":"Dakota",
"dar":"Dargince",
"day":"Dayak",
"de":"Almanca",
"de_AT":"Avusturya Almancası",
"de_CH":"İsviçre Yüksek Almancası",
"del":"Delaware",
"den":"Slavey",
"dgr":"Dogrib",
"din":"Dinka",
"doi":"Dogri",
"dra":"Dravid Dilleri",
"dsb":"Aşağı Sorbça",
"dua":"Duala",
"dum":"Ortaçağ Felemenkçesi",
"dv":"Divehi",
"dyu":"Dyula",
"dz":"Butan Dili",
"ee":"Ewe",
"efi":"Efik",
"egy":"Eski Mısır Dili",
"eka":"Ekajuk",
"el":"Yunanca",
"elx":"Elam",
"en":"İngilizce",
"en_AU":"Avustralya İngilizcesi",
"en_CA":"Kanada İngilizcesi",
"en_GB":"İngiliz İngilizcesi",
"en_US":"Amerikan İngilizcesi",
"enm":"Ortaçağ İngilizcesi",
"eo":"Esperanto",
"es":"İspanyolca",
"es_419":"Latin Amerika İspanyolcası",
"es_ES":"İber İspanyolcası",
"et":"Estonca",
"eu":"Baskça",
"ewo":"Ewondo",
"fa":"Farsça",
"fan":"Fang",
"fat":"Fanti",
"ff":"Fulah",
"fi":"Fince",
"fil":"Filipino",
"fiu":"Finno - Ugrik Diller",
"fj":"Fiji Dili",
"fo":"Faroe Dili",
"fon":"Fon",
"fr":"Fransızca",
"fr_CA":"Kanada Fransızcası",
"fr_CH":"İsviçre Fransızcası",
"frm":"Ortaçağ Fransızcası",
"fro":"Eski Fransızca",
"frr":"Kuzey Frizce",
"frs":"Doğu Frizcesi",
"fur":"Friulian",
"fy":"Batı Frizcesi",
"ga":"İrlanda Dili",
"gaa":"Ga",
"gay":"Gayo",
"gba":"Gbaya",
"gd":"İskoç Gal Dili",
"gem":"Cermen Dilleri",
"gez":"Geez",
"gil":"Kiribati Dili",
"gl":"Galiçyaca",
"gmh":"Ortaçağ Yüksek Almancası",
"gn":"Guarani",
"goh":"Eski Yüksek Almanca",
"gon":"Gondi",
"gor":"Gorontalo",
"got":"Gotça",
"grb":"Grebo",
"grc":"Antik Yunanca",
"gsw":"İsviçre Almancası",
"gu":"Gücerat Dili",
"gv":"Manks",
"gwi":"Gwichʼin",
"ha":"Hausa",
"hai":"Haida",
"haw":"Hawaii Dili",
"he":"İbranice",
"hi":"Hintçe",
"hil":"Hiligaynon",
"him":"Himachali",
"hit":"Hititçe",
"hmn":"Hmong",
"ho":"Hiri Motu",
"hr":"Hırvatça",
"hsb":"Yukarı Sorbça",
"ht":"Haiti Dili",
"hu":"Macarca",
"hup":"Hupa",
"hy":"Ermenice",
"hz":"Herero",
"ia":"Interlingua",
"iba":"Iban",
"id":"Endonezce",
"ie":"Interlingue",
"ig":"İgbo Dili",
"ii":"Sichuan Yi",
"ijo":"Ijo",
"ik":"Inupiak",
"ilo":"Iloko",
"inc":"Hint Dilleri",
"ine":"Hint-Avrupa Dilleri",
"inh":"İnguşça",
"io":"Ido",
"ira":"İran Dilleri",
"iro":"İroqua Dili",
"is":"İzlandaca",
"it":"İtalyanca",
"iu":"Inuktitut",
"ja":"Japonca",
"jbo":"Lojban",
"jpr":"Yahudi Farsçası",
"jrb":"Yahudi Arapçası",
"jv":"Cava Dili",
"ka":"Gürcüce",
"kaa":"Karakalpakça",
"kab":"Kabile",
"kac":"Kaçin",
"kaj":"Jju",
"kam":"Kamba",
"kar":"Karen",
"kaw":"Kawi",
"kbd":"Kabardeyce",
"kcg":"Tyap",
"kfo":"Koro",
"kg":"Kongo",
"kha":"Khasi",
"khi":"Hoisan Dilleri",
"kho":"Hotanca",
"ki":"Kikuyu",
"kj":"Kuanyama",
"kk":"Kazakça",
"kl":"Grönland Dili",
"km":"Kamboçya Dili",
"kmb":"Kimbundu",
"kn":"Kannada",
"ko":"Korece",
"kok":"Konkani",
"kos":"Kosraean",
"kpe":"Kpelle",
"kr":"Kanuri",
"krc":"Karaçay-Balkarca",
"krl":"Karelyaca",
"kro":"Kru",
"kru":"Kurukh",
"ks":"Keşmirce",
"ku":"Kürtçe",
"kum":"Kumukça",
"kut":"Kutenai",
"kv":"Komi",
"kw":"Kernevekçe",
"ky":"Kırgızca",
"la":"Latince",
"lad":"Ladino",
"lah":"Lahnda",
"lam":"Lamba",
"lb":"Lüksemburgca",
"lez":"Lezgice",
"lg":"Ganda",
"li":"Limburgca",
"ln":"Lingala",
"lo":"Laos Dili",
"lol":"Mongo",
"loz":"Lozi",
"lt":"Litvanyaca",
"lu":"Luba-Katanga",
"lua":"Luba-Lulua",
"lui":"Luiseno",
"lun":"Lunda",
"luo":"Luo",
"lus":"Lushai",
"lv":"Letonca",
"mad":"Madura Dili",
"mag":"Magahi",
"mai":"Maithili",
"mak":"Makasar",
"man":"Mandingo",
"map":"Avustronezya Dili",
"mas":"Masai",
"mdf":"Mokşa Dili",
"mdr":"Mandar",
"men":"Mende",
"mg":"Malagasi",
"mga":"Ortaçağ İrlandacası",
"mh":"Marshall Adaları Dili",
"mi":"Maori",
"mic":"Micmac",
"min":"Minangkabau",
"mis":"Çeşitli Diller",
"mk":"Makedonca",
"mkh":"Mon-Khmer Dilleri",
"ml":"Malayalam",
"mn":"Moğolca",
"mnc":"Mançurya Dili",
"mni":"Manipuri",
"mno":"Manobo Dilleri",
"mo":"Moldovaca",
"moh":"Mohavk Dili",
"mos":"Mossi",
"mr":"Marathi",
"ms":"Malay",
"mt":"Maltaca",
"mul":"Birden Fazla Dil",
"mun":"Munda Dilleri",
"mus":"Creek",
"mwl":"Miranda Dili",
"mwr":"Marvari",
"my":"Birmanya Dili",
"myn":"Maya Dilleri",
"myv":"Erzya",
"na":"Nauru Dili",
"nah":"Nahuatl",
"nai":"Kuzey Amerika Yerli Dilleri",
"nap":"Napolice",
"nb":"Norveççe Bokmål",
"nd":"Kuzey Ndebele",
"nds":"Aşağı Almanca",
"ne":"Nepalce",
"new":"Nevari",
"ng":"Ndonga",
"nia":"Nias",
"nic":"Nijer-Kordofan Dilleri",
"niu":"Niuean",
"nl":"Felemenkçe",
"nl_BE":"Flamanca",
"nn":"Norveççe Nynorsk",
"no":"Norveççe",
"nog":"Nogayca",
"non":"Eski Norse",
"nqo":"N’Ko",
"nr":"Güney Ndebele",
"nso":"Kuzey Sotho",
"nub":"Nubian Dilleri",
"nv":"Navaho Dili",
"nwc":"Klasik Nevari",
"ny":"Nyanja",
"nym":"Nyamvezi",
"nyn":"Nyankole",
"nyo":"Nyoro",
"nzi":"Nzima",
"oc":"Oksitanca",
"oj":"Ojibva Dili",
"om":"Oromo",
"or":"Oriya",
"os":"Osetçe",
"osa":"Osage",
"ota":"Osmanlı Türkçesi",
"oto":"Otomi Dilleri",
"pa":"Pencap Dili",
"paa":"Papua Dilleri",
"pag":"Pangasinan",
"pal":"Pehlevi Dili",
"pam":"Pampanga",
"pap":"Papiamento",
"pau":"Palau Dili",
"peo":"Eski Farsça",
"phi":"Filipinler Dilleri",
"phn":"Fenike Dili",
"pi":"Pali",
"pl":"Lehçe",
"pon":"Pohnpeian",
"pra":"Prakrit Dilleri",
"pro":"Eski Provensal",
"ps":"Peştuca",
"pt":"Portekizce",
"pt_BR":"Brezilya Portekizcesi",
"pt_PT":"İber Portekizcesi",
"qu":"Quechua",
"raj":"Rajasthani",
"rap":"Rapanui",
"rar":"Rarotongan",
"rm":"Rhaeto-Roman Dili",
"rn":"Kirundi",
"ro":"Romence",
"roa":"Roman Dilleri",
"rom":"Romanca",
"root":"Köken",
"ru":"Rusça",
"rup":"Ulahça",
"rw":"Kinyarwanda",
"sa":"Sanskritçe",
"sad":"Sandave",
"sah":"Yakutça",
"sai":"Güney Amerika Yerli Dilleri",
"sal":"Salishan Dilleri",
"sam":"Samarit Aramcası",
"sas":"Sasak",
"sat":"Santali",
"sc":"Sardunya Dili",
"scn":"Sicilyaca",
"sco":"Scots",
"sd":"Sindhi",
"se":"Kuzey Sami",
"sel":"Selkup",
"sem":"Semitik Diller",
"sg":"Sangho",
"sga":"Eski İrlandaca",
"sgn":"İşaret Dilleri",
"sh":"Sırp-Hırvat Dili",
"shn":"Shan Dili",
"si":"Seylanca",
"sid":"Sidamo",
"sio":"Siu Dilleri",
"sit":"Sino-Tibet Dilleri",
"sk":"Slovakça",
"sl":"Slovence",
"sla":"Slav Dilleri",
"sm":"Samoa Dili",
"sma":"Güney Sami",
"smi":"Sami Dilleri",
"smj":"Lule Sami",
"smn":"Inari Sami",
"sms":"Skolt Sami",
"sn":"Shona",
"snk":"Soninke",
"so":"Somali Dili",
"sog":"Sogdiana Dili",
"son":"Songhai",
"sq":"Arnavutça",
"sr":"Sırpça",
"srn":"Sranan Tongo",
"srr":"Serer",
"ss":"Sisvati",
"ssa":"Nil-Sahara Dilleri",
"st":"Güney Sotho",
"su":"Sunda Dili",
"suk":"Sukuma",
"sus":"Susu",
"sux":"Sümerce",
"sv":"İsveççe",
"sw":"Svahili",
"swb":"Komorca",
"syc":"Klasik Süryanice",
"syr":"Süryanice",
"ta":"Tamilce",
"tai":"Tai Dili",
"te":"Telugu",
"tem":"Timne",
"ter":"Tereno",
"tet":"Tetum",
"tg":"Tacikçe",
"th":"Tayca",
"ti":"Tigrinya",
"tig":"Tigre",
"tiv":"Tiv",
"tk":"Türkmence",
"tkl":"Tokelau",
"tl":"Takalotça",
"tlh":"Klingon",
"tli":"Tlingit",
"tmh":"Tamaşek",
"tn":"Setsvana",
"to":"Tonga",
"tog":"Nyasa Tonga",
"tpi":"Tok Pisin",
"tr":"Türkçe",
"ts":"Tsonga",
"tsi":"Tsimshian",
"tt":"Tatarca",
"tum":"Tumbuka",
"tup":"Tupi Dilleri",
"tut":"Altay Dilleri",
"tvl":"Tuvalu",
"tw":"Tvi",
"ty":"Tahiti Dili",
"tyv":"Tuvaca",
"udm":"Udmurtça",
"ug":"Uygurca",
"uga":"Ugarit Dili",
"uk":"Ukraynaca",
"umb":"Umbundu",
"und":"Bilinmeyen Dil",
"ur":"Urduca",
"uz":"Özbekçe",
"vai":"Vai",
"ve":"Venda",
"vi":"Vietnamca",
"vo":"Volapük",
"vot":"Votic",
"wa":"Valonca",
"wak":"Vakaşan Dilleri",
"wal":"Valamo",
"war":"Varay",
"was":"Vaşo",
"wen":"Sorb Dilleri",
"wo":"Volofca",
"xal":"Kalmıkça",
"xh":"Zosa",
"yao":"Yao",
"yap":"Yapça",
"yi":"Yidiş",
"yo":"Yoruba",
"ypk":"Yupik Dili",
"yue":"Kantonca",
"za":"Zhuang",
"zap":"Zapotek Dili",
"zbl":"Blis Sembolleri",
"zen":"Zenaga",
"zh":"Çince",
"zh_Hans":"Basitleştirilmiş Çince",
"zh_Hant":"Geleneksel Çince",
"znd":"Zande",
"zu":"Zulu",
"zun":"Zuni",
"zxx":"Dilbilim içeriği yok",
"zza":"Zazaca"
},
"scripts":{
"Arab":"Arap",
"Armi":"İmparatorluk Aramicesi",
"Armn":"Ermeni",
"Avst":"Avesta",
"Bali":"Bali Dili",
"Batk":"Batak",
"Beng":"Bengal",
"Blis":"Blis Sembolleri",
"Bopo":"Bopomofo",
"Brah":"Brahmi",
"Brai":"Braille",
"Bugi":"Bugis",
"Buhd":"Buhid",
"Cakm":"Chakma",
"Cans":"UCAS",
"Cari":"Karya",
"Cham":"Cham",
"Cher":"Çeroki",
"Cirt":"Cirth",
"Copt":"Kıpti",
"Cprt":"Kıbrıs",
"Cyrl":"Kiril",
"Cyrs":"Eski Kilise Slavcası Kiril",
"Deva":"Devanagari",
"Dsrt":"Deseret",
"Egyd":"Demotik Mısır",
"Egyh":"Hiyeratik Mısır",
"Egyp":"Hiyeroglif Mısır",
"Ethi":"Etiyopya",
"Geok":"Hutsuri Gürcü",
"Geor":"Gürcü",
"Glag":"Glagolit",
"Goth":"Gotik",
"Grek":"Yunan",
"Gujr":"Gücerat",
"Guru":"Gurmukhi",
"Hang":"Hangıl",
"Hani":"Han",
"Hano":"Hanunoo",
"Hans":"Basitleştirilmiş",
"Hant":"Geleneksel",
"Hebr":"İbrani",
"Hira":"Hiragana",
"Hmng":"Pahavh Hmong",
"Hrkt":"Katakana veya Hiragana",
"Hung":"Eski Macar",
"Inds":"Indus",
"Ital":"Eski İtalyan",
"Java":"Cava Dili",
"Jpan":"Japon",
"Kali":"Kayah Li",
"Kana":"Katakana",
"Khar":"Kharoshthi",
"Khmr":"Khmer",
"Knda":"Kannada",
"Kthi":"Kaithi",
"Lana":"Lanna",
"Laoo":"Lao Dili",
"Latf":"Fraktur Latin",
"Latg":"Gael Latin",
"Latn":"Latin",
"Lepc":"Lepcha",
"Limb":"Limbu",
"Lina":"Lineer A",
"Linb":"Lineer B",
"Lyci":"Likya",
"Lydi":"Lidya",
"Mand":"Manden",
"Maya":"Maya Hiyeroglifleri",
"Mero":"Meroitik",
"Mlym":"Malayalam",
"Mong":"Moğol",
"Moon":"Moon",
"Mtei":"Meitei Mayek",
"Mymr":"Myanmar",
"Nkoo":"N’Ko",
"Ogam":"Ogham",
"Olck":"Ol Chiki",
"Orkh":"Orhun",
"Orya":"Oriya",
"Osma":"Osmanya",
"Perm":"Eski Permik",
"Phag":"Phags-pa",
"Phli":"Pehlevi Kitabe Dili",
"Phlp":"Psalter Pehlevi",
"Phlv":"Kitap Pehlevi Dili",
"Phnx":"Fenike",
"Plrd":"Pollard Fonetik",
"Prti":"Partça Kitabe Dili",
"Rjng":"Rejang",
"Roro":"Rongorongo",
"Runr":"Runik",
"Samr":"Samarit",
"Sara":"Sarati",
"Saur":"Saurashtra",
"Sgnw":"İşaret Dili",
"Shaw":"Shavian",
"Sinh":"Sinhal",
"Sund":"Sunda",
"Sylo":"Syloti Nagri",
"Syrc":"Süryani",
"Syre":"Estrangela Süryani",
"Syrj":"Batı Süryani",
"Syrn":"Doğu Süryani",
"Tagb":"Tagbanva",
"Tale":"Tai Le",
"Talu":"New Tai Lue",
"Taml":"Tamil",
"Tavt":"Tai Viet",
"Telu":"Telugu",
"Teng":"Tengvar",
"Tfng":"Tifinagh",
"Tglg":"Takalot",
"Thaa":"Thaana",
"Thai":"Tay",
"Tibt":"Tibet",
"Ugar":"Ugarit Çivi Yazısı",
"Vaii":"Vai",
"Visp":"Konuşma Sesleri Çizimlemesi",
"Xpeo":"Eski Fars",
"Xsux":"Sümer-Akad Çivi Yazısı",
"Yiii":"Yi",
"Zinh":"Kalıtsal",
"Zmth":"Matematiksel Gösterim",
"Zsym":"Sembol",
"Zxxx":"Yazılı Olmayan",
"Zyyy":"Ortak",
"Zzzz":"Bilinmeyen Betik"
},
"territories":{
"001":"Dünya",
"002":"Afrika",
"003":"Kuzey Amerika",
"005":"Güney Amerika",
"009":"Okyanusya",
"011":"Batı Afrika",
"013":"Orta Amerika",
"014":"Doğu Afrika",
"015":"Kuzey Afrika",
"017":"Orta Afrika",
"018":"Afrika'nın Güneyi",
"019":"Amerika",
"021":"Amerika'nın Kuzeyi",
"029":"Karayipler",
"030":"Doğu Asya",
"034":"Güney Asya",
"035":"Güney Doğu Asya",
"039":"Güney Avrupa",
"053":"Avustralya ve Yeni Zelanda",
"054":"Melanezya",
"057":"Mikronezya",
"061":"Polinezya",
"062":"Güney Orta Asya",
"142":"Asya",
"143":"Orta Asya",
"145":"Batı Asya",
"150":"Avrupa",
"151":"Doğu Avrupa",
"154":"Kuzey Avrupa",
"155":"Batı Avrupa",
"172":"Bağımsız Devletler Topluluğu",
"419":"Latin Amerika",
"830":"Kanal Adaları",
"AC":"Ascension Adası",
"AD":"Andorra",
"AE":"Birleşik Arap Emirlikleri",
"AF":"Afganistan",
"AG":"Antigua ve Barbuda",
"AI":"Anguilla",
"AL":"Arnavutluk",
"AM":"Ermenistan",
"AN":"Hollanda Antilleri",
"AO":"Angola",
"AQ":"Antarktika",
"AR":"Arjantin",
"AS":"Amerikan Samoası",
"AT":"Avusturya",
"AU":"Avustralya",
"AW":"Aruba",
"AX":"Aland Adaları",
"AZ":"Azerbaycan",
"BA":"Bosna Hersek",
"BB":"Barbados",
"BD":"Bangladeş",
"BE":"Belçika",
"BF":"Burkina Faso",
"BG":"Bulgaristan",
"BH":"Bahreyn",
"BI":"Burundi",
"BJ":"Benin",
"BL":"Saint Barthelemy",
"BM":"Bermuda",
"BN":"Brunei",
"BO":"Bolivya",
"BR":"Brezilya",
"BS":"Bahamalar",
"BT":"Butan",
"BV":"Bouvet Adası",
"BW":"Botsvana",
"BY":"Beyaz Rusya",
"BZ":"Belize",
"CA":"Kanada",
"CC":"Cocos Adaları",
"CD":"Kongo - Kinşasa",
"CF":"Orta Afrika Cumhuriyeti",
"CG":"Kongo - Brazavil",
"CH":"İsviçre",
"CI":"Fildişi Sahili",
"CK":"Cook Adaları",
"CL":"Şili",
"CM":"Kamerun",
"CN":"Çin",
"CO":"Kolombiya",
"CP":"Clipperton Adası",
"CR":"Kosta Rika",
"CS":"Sırbistan-Karadağ",
"CU":"Küba",
"CV":"Cape Verde",
"CX":"Christmas Adası",
"CY":"Güney Kıbrıs Rum Kesimi",
"CZ":"Çek Cumhuriyeti",
"DE":"Almanya",
"DG":"Diego Garcia",
"DJ":"Cibuti",
"DK":"Danimarka",
"DM":"Dominika",
"DO":"Dominik Cumhuriyeti",
"DZ":"Cezayir",
"EA":"Ceuta ve Melilla",
"EC":"Ekvador",
"EE":"Estonya",
"EG":"Mısır",
"EH":"Batı Sahara",
"ER":"Eritre",
"ES":"İspanya",
"ET":"Etiyopya",
"EU":"Avrupa Birliği",
"FI":"Finlandiya",
"FJ":"Fiji",
"FK":"Falkland Adaları",
"FM":"Mikronezya Federal Eyaletleri",
"FO":"Faroe Adaları",
"FR":"Fransa",
"FX":"Fransa, Metropolitan",
"GA":"Gabon",
"GB":"Birleşik Krallık",
"GD":"Grenada",
"GE":"Gürcistan",
"GF":"Fransız Guyanası",
"GG":"Guernsey",
"GH":"Gana",
"GI":"Cebelitarık",
"GL":"Grönland",
"GM":"Gambiya",
"GN":"Gine",
"GP":"Guadalupe",
"GQ":"Ekvator Ginesi",
"GR":"Yunanistan",
"GS":"Güney Georgia ve Güney Sandwich Adaları",
"GT":"Guatemala",
"GU":"Guam",
"GW":"Gine-Bissau",
"GY":"Guyana",
"HK":"Hong Kong SAR - Çin",
"HM":"Heard Adası ve McDonald Adaları",
"HN":"Honduras",
"HR":"Hırvatistan",
"HT":"Haiti",
"HU":"Macaristan",
"IC":"Kanarya Adaları",
"ID":"Endonezya",
"IE":"İrlanda",
"IL":"İsrail",
"IM":"Man Adası",
"IN":"Hindistan",
"IO":"İngiliz Hint Okyanusu Bölgesi",
"IQ":"Irak",
"IR":"İran",
"IS":"İzlanda",
"IT":"İtalya",
"JE":"Jersey",
"JM":"Jamaika",
"JO":"Ürdün",
"JP":"Japonya",
"KE":"Kenya",
"KG":"Kırgızistan",
"KH":"Kamboçya",
"KI":"Kiribati",
"KM":"Komorlar",
"KN":"Saint Kitts ve Nevis",
"KP":"Kuzey Kore",
"KR":"Güney Kore",
"KW":"Kuveyt",
"KY":"Cayman Adaları",
"KZ":"Kazakistan",
"LA":"Laos",
"LB":"Lübnan",
"LC":"Saint Lucia",
"LI":"Liechtenstein",
"LK":"Sri Lanka",
"LR":"Liberya",
"LS":"Lesoto",
"LT":"Litvanya",
"LU":"Lüksemburg",
"LV":"Letonya",
"LY":"Libya",
"MA":"Fas",
"MC":"Monako",
"MD":"Moldova",
"ME":"Karadağ",
"MF":"Saint Martin",
"MG":"Madagaskar",
"MH":"Marshall Adaları",
"MK":"Makedonya",
"ML":"Mali",
"MM":"Myanmar",
"MN":"Moğolistan",
"MO":"Makao SAR - Çin",
"MP":"Kuzey Mariana Adaları",
"MQ":"Martinik",
"MR":"Moritanya",
"MS":"Montserrat",
"MT":"Malta",
"MU":"Mauritius",
"MV":"Maldivler",
"MW":"Malavi",
"MX":"Meksika",
"MY":"Malezya",
"MZ":"Mozambik",
"NA":"Namibya",
"NC":"Yeni Kaledonya",
"NE":"Nijer",
"NF":"Norfolk Adası",
"NG":"Nijerya",
"NI":"Nikaragua",
"NL":"Hollanda",
"NO":"Norveç",
"NP":"Nepal",
"NR":"Nauru",
"NU":"Niue",
"NZ":"Yeni Zelanda",
"OM":"Umman",
"PA":"Panama",
"PE":"Peru",
"PF":"Fransız Polinezyası",
"PG":"Papua Yeni Gine",
"PH":"Filipinler",
"PK":"Pakistan",
"PL":"Polonya",
"PM":"Saint Pierre ve Miquelon",
"PN":"Pitcairn",
"PR":"Porto Riko",
"PS":"Filistin Bölgesi",
"PT":"Portekiz",
"PW":"Palau",
"PY":"Paraguay",
"QA":"Katar",
"QO":"Uzak Okyanusya",
"RE":"Reunion",
"RO":"Romanya",
"RS":"Sırbistan",
"RU":"Rusya",
"RW":"Ruanda",
"SA":"Suudi Arabistan",
"SB":"Solomon Adaları",
"SC":"Seyşeller",
"SD":"Sudan",
"SE":"İsveç",
"SG":"Singapur",
"SH":"Saint Helena",
"SI":"Slovenya",
"SJ":"Svalbard ve Jan Mayen Adaları",
"SK":"Slovakya",
"SL":"Sierra Leone",
"SM":"San Marino",
"SN":"Senegal",
"SO":"Somali",
"SR":"Surinam",
"ST":"Sao Tome ve Principe",
"SV":"El Salvador",
"SY":"Suriye",
"SZ":"Svaziland",
"TA":"Tristan da Cunha",
"TC":"Turks ve Caicos Adaları",
"TD":"Çad",
"TF":"Fransız Güney Bölgeleri",
"TG":"Togo",
"TH":"Tayland",
"TJ":"Tacikistan",
"TK":"Tokelau",
"TL":"Timor-Leste",
"TM":"Türkmenistan",
"TN":"Tunus",
"TO":"Tonga",
"TR":"Türkiye",
"TT":"Trinidad ve Tobago",
"TV":"Tuvalu",
"TW":"Tayvan",
"TZ":"Tanzanya",
"UA":"Ukrayna",
"UG":"Uganda",
"UM":"Amerika Birleşik Devletleri Küçük Dış Adaları",
"US":"Amerika Birleşik Devletleri",
"UY":"Uruguay",
"UZ":"Özbekistan",
"VA":"Vatikan",
"VC":"Saint Vincent ve Grenadinler",
"VE":"Venezuela",
"VG":"İngiliz Virgin Adaları",
"VI":"ABD Virgin Adaları",
"VN":"Vietnam",
"VU":"Vanuatu",
"WF":"Wallis ve Futuna Adaları",
"WS":"Samoa",
"YE":"Yemen",
"YT":"Mayotte",
"ZA":"Güney Afrika",
"ZM":"Zambiya",
"ZW":"Zimbabve",
"ZZ":"Bilinmeyen Bölge"
},
"orientation":"left-to-right",
"dateFormat-full":"d MMMM y EEEE",
"dateFormat-long":"d MMMM y",
"dateFormat-medium":"d MMM y",
"dateFormat-short":"dd.MM.yyyy",
"timeFormat-full":"HH:mm:ss zzzz",
"timeFormat-long":"HH:mm:ss z",
"timeFormat-medium":"HH:mm:ss",
"timeFormat-short":"HH:mm",
"dateTimeFormat-full":"{1} {0}",
"dateTimeFormat-long":"{1} {0}",
"dateTimeFormat-medium":"{1} {0}",
"dateTimeFormat-short":"{1} {0}",
"months-defaultContext":"format",
"months-defaultWidth":"wide",
"months-format-abbreviated":[
"Oca",
"Şub",
"Mar",
"Nis",
"May",
"Haz",
"Tem",
"Ağu",
"Eyl",
"Eki",
"Kas",
"Ara"],
"months-format-narrow":[
"O",
"Ş",
"M",
"N",
"M",
"H",
"T",
"A",
"E",
"E",
"K",
"A"],
"months-format-wide":[
"Ocak",
"Şubat",
"Mart",
"Nisan",
"Mayıs",
"Haziran",
"Temmuz",
"Ağustos",
"Eylül",
"Ekim",
"Kasım",
"Aralık"],
"months-standAlone-abbreviated":[
"Oca",
"Şub",
"Mar",
"Nis",
"May",
"Haz",
"Tem",
"Ağu",
"Eyl",
"Eki",
"Kas",
"Ara"],
"months-standAlone-narrow":[
"O",
"Ş",
"M",
"N",
"M",
"H",
"T",
"A",
"E",
"E",
"K",
"A"],
"months-standAlone-wide":[
"Ocak",
"Şubat",
"Mart",
"Nisan",
"Mayıs",
"Haziran",
"Temmuz",
"Ağustos",
"Eylül",
"Ekim",
"Kasım",
"Aralık"],
"days-defaultContext":"format",
"days-defaultWidth":"wide",
"days-format-abbreviated":[
"Paz",
"Pzt",
"Sal",
"Çar",
"Per",
"Cum",
"Cmt"],
"days-format-narrow":[
"P",
"P",
"S",
"Ç",
"P",
"C",
"C"],
"days-format-wide":[
"Pazar",
"Pazartesi",
"Salı",
"Çarşamba",
"Perşembe",
"Cuma",
"Cumartesi"],
"days-standAlone-abbreviated":[
"Paz",
"Pzt",
"Sal",
"Çar",
"Per",
"Cum",
"Cmt"],
"days-standAlone-narrow":[
"P",
"P",
"S",
"Ç",
"P",
"C",
"C"],
"days-standAlone-wide":[
"Pazar",
"Pazartesi",
"Salı",
"Çarşamba",
"Perşembe",
"Cuma",
"Cumartesi"],
"quarters-format-abbreviated":[
"Ç1",
"Ç2",
"Ç3",
"Ç4"],
"quarters-format-narrow":[
"1",
"2",
"3",
"4"],
"quarters-format-wide":[
"1. çeyrek",
"2. çeyrek",
"3. çeyrek",
"4. çeyrek"],
"quarters-standAlone-abbreviated":[
"Ç1",
"Ç2",
"Ç3",
"Ç4"],
"quarters-standAlone-narrow":[
"1",
"2",
"3",
"4"],
"quarters-standAlone-wide":[
"1. çeyrek",
"2. çeyrek",
"3. çeyrek",
"4. çeyrek"],
"dayPeriods-format-abbreviated":[
"AM",
"PM"],
"dayPeriods-format-narrow":[
"AM",
"PM"],
"dayPeriods-format-wide":[
"AM",
"PM"],
"dayPeriods-standAlone-abbreviated":[
"AM",
"PM"],
"dayPeriods-standAlone-narrow":[
"AM",
"PM"],
"dayPeriods-standAlone-wide":[
"AM",
"PM"],
"decimalFormat":{
"standard":"#,##0.###"},
"decimalFormat-short":{
"1000":"0.0 bin",
"10000":"00 bin",
"100000":"000 bin",
"1000000":"0.0Mln",
"10000000":"00Mln",
"100000000":"000Mln",
"1000000000":"0.0Mly",
"10000000000":"00Mly",
"100000000000":"000Mly",
"1000000000000":"0.0Tln",
"10000000000000":"00Tln",
"100000000000000":"000Tln"},
"scientificFormat":{
"standard":"#E0"},
"percentFormat":{
"standard":"%#,##0"},
"currencyFormat":{
"standard":"#,##0.00 ¤"},
"symbols-latn-decimal":",",
"symbols-latn-group":".",
"symbols-latn-list":";",
"symbols-latn-percentSign":"%",
"symbols-latn-plusSign":"+",
"symbols-latn-minusSign":"-",
"symbols-latn-exponential":"E",
"symbols-latn-perMille":"‰",
"symbols-latn-infinity":"∞",
"symbols-latn-nan":"NaN",
"weekData-minDays":1,
"weekData-firstDay":1,
"weekData-weekendStart":6,
"weekData-weekendEnd":0
}